Code,Name,Country,Exchange,Currency,Type,Isin
AAPL,"Apple Inc DRC",Argentina,BA,ARS,"Common Stock",US0378331005
AGRO,Agrometal,Argentina,BA,ARS,"Common Stock",ARAGRO010015
AKO-B,"Embotelladora Andina S.A. CEDEAR Series B",Argentina,BA,ARS,"Common Stock",
ALUA,"Aluar Aluminio Argentino",Argentina,BA,ARS,"Common Stock",ARALUA010258
AMZN,"Amazon.com Inc.",Argentina,BA,ARS,"Common Stock",US0231351067
AUSO,"Autopistas del Sol",Argentina,BA,ARS,"Common Stock",ARASOL010033
AXP,"American Express Co DRC",Argentina,BA,ARS,"Common Stock",ARDEUT110046
BA-C,"BANK OF AMERICA CORPORATION CED",Argentina,BA,ARS,"Common Stock",
BABA,"Alibaba Group Holding Limited",Argentina,BA,ARS,"Common Stock",ARBCOM4601T8
BBAR,"BBVA Banco Frances SA",Argentina,BA,ARS,"Common Stock",ARP125991090
BBD,"Banco Bradesco DRC",Argentina,BA,ARS,"Common Stock",ARDEUT116001
BHIP,"Banco Hipotecario SA",Argentina,BA,ARS,"Common Stock",ARBHIP010161
BHP,"BHP Group Limited",Germany,BA,EUR,"Common Stock",US0886061086
BMA,"Banco Macro SA B",Argentina,BA,ARS,"Common Stock",ARBANS010010
BOLT,"Boldt S.A",Argentina,BA,ARS,"Common Stock",ARBOLD010054
BPAT,"Banco Patagonia",Argentina,BA,ARS,"Common Stock",ARMERI013163
BRIO,"Banco Santander Río S.A",Argentina,BA,ARS,"Common Stock",ARBRIO010194
BRIO6,"Banco Santander Río S.A",Argentina,BA,ARS,"Common Stock",ARBRIO010475
BSBR,"Banco Santander Brasil SA",Argentina,BA,ARS,"Common Stock",ARDEUT115995
BYMA,"Bolsas y Mercados Argentinos SA",Argentina,BA,ARS,"Common Stock",ARBYMA300018
CADO,"Carlos Casado",Argentina,BA,ARS,"Common Stock",ARCADO010023
CADO5,"Carlos Casado S.A",Argentina,BA,ARS,"Common Stock",
CAPX,"Capex S.A",Argentina,BA,ARS,"Common Stock",ARP2006N1025
CARC,Carboclor,Argentina,BA,ARS,"Common Stock",ARP8723U1058
CECO2,"Enel Generacion Costanera SA",Argentina,BA,ARS,"Common Stock",ARP2341J1058
CELU,"Celulosa Argentina SA",Argentina,BA,ARS,"Common Stock",ARP219751426
CEPU,"Central Puerto S.A.",Argentina,BA,ARS,"Common Stock",ARP2354W1188
CGPA2,"Camuzzi Gas Pampeana SA",Argentina,BA,ARS,"Common Stock",ARCGSU010048
COME,"Sociedad Comercial del Plata S.A.",Argentina,BA,ARS,"Common Stock",ARP290071462
CRE3W,"Cresud Wnt",Argentina,BA,ARS,"Common Stock",ARCRES100309
CRES,"Cresud SA",Argentina,BA,ARS,"Common Stock",ARP331091024
CTIO,"Consultatio SA",Argentina,BA,ARS,"Common Stock",ARCTIO010019
CVH,"Cablevision Holding SA",Argentina,BA,ARS,"Common Stock",ARCABH300011
CVX,"Chevron Corp. CEDEAR",Argentina,BA,ARS,"Common Stock",
DD,"Dupont De Nemours Inc DRC",Argentina,BA,ARS,"Common Stock",ARDEUT110145
DGCU2,"Distribuidora de Gas Cuyana SA",Argentina,BA,ARS,"Common Stock",ARP3568E1180
DISN,"Walt Disney Company DRC",Argentina,BA,ARS,"Common Stock",ARDEUT110137
DOME,"Domec Compania de Artefactos Domesticos SAIC y F",Argentina,BA,ARS,"Common Stock",ARP3577N1097
DYCA,"Dycasa SA",Argentina,BA,ARS,"Common Stock",ARP3594C1107
EDLH,"EDESAL Holding SA",Argentina,BA,ARS,"Common Stock",AREDHO010016
EDN,"Empresa Distribuidora y Comercializadora Norte S.A.",Argentina,BA,ARS,"Common Stock",ARENOR010020
EDSH,"Edesa Holding SA",Argentina,BA,ARS,"Common Stock",AREDEH010018
EMDE,"Empresa Distribuidora Electrica Regional SA",Argentina,BA,ARS,"Common Stock",AREDER010016
FERR,"Ferrum SA de Ceramica y Metalurgia",Argentina,BA,ARS,"Common Stock",ARP395611576
FIPL,"Fiplasto SA",Argentina,BA,ARS,"Common Stock",ARP416191426
GALI,"Banco de Galicia y Buenos Aires SA Class B 1 Vote",Argentina,BA,ARS,"Common Stock",
GAMI,"B-Gaming S.A.",Argentina,BA,ARS,"Common Stock",
GARO,"Garovaglio y Zorroaquin",Argentina,BA,ARS,"Common Stock",ARP460221020
GBAN,"Naturgy BAN SA",Argentina,BA,ARS,"Common Stock",ARGASB010027
GCLA,"Grupo clarin",Argentina,BA,ARS,"Common Stock",ARGCLA010015
GFI,"Gold Fields Ltd DRC",Argentina,BA,ARS,"Common Stock",ARDEUT115425
GGAL,"Grupo Financiero Galicia B",Argentina,BA,ARS,"Common Stock",ARP495251018
GOOGL,"Alphabet Inc Class A CEDEAR",Argentina,BA,ARS,"Common Stock",US02079K3059
GRIM,"Grimoldi SA",Argentina,BA,ARS,"Common Stock",ARP493071046
HAL,"Halliburton Co",Argentina,BA,ARS,"Common Stock",ARBCOM4603E6
HARG,"Holcim Argentina SA",Argentina,BA,ARS,"Common Stock",ARP6806N1051
HAVA,"Havanna Holding SA",Argentina,BA,ARS,"Common Stock",ARHAVH300038
HMY,"Harmony Gold Mining Company Ltd",Argentina,BA,ARS,"Common Stock",ARDEUT115433
IBM,"International Business Machines Corporation",Argentina,BA,ARS,"Common Stock",
INAG,"Insumos Agroquimicos SA",Argentina,BA,ARS,"Common Stock",ARINAG010041
INTC,"Intel Corp. CEDEAR",Argentina,BA,ARS,"Common Stock",US4581401001
INTR,"Compania Introductora de Buenos Aires SA",Argentina,BA,ARS,"Common Stock",ARP577611352
INVJ,"Inversora Juramento SA",Argentina,BA,ARS,"Common Stock",ARINJU010010
IRCP,"IRSA Propiedades Comerciales S.A",Argentina,BA,ARS,"Common Stock",ARSAMA010012
IRS2W,"Irsa Wnt",Argentina,BA,ARS,"Common Stock",
IRSA,"IRSA Inversiones y Representaciones SA",Argentina,BA,ARS,"Common Stock",ARP588091073
JNJ,"Johnson & Johnson Co DRC",Argentina,BA,ARS,"Common Stock",ARDEUT110236
LEDE,"Ledesma SAAI",Argentina,BA,ARS,"Common Stock",ARP624571096
LEID,"Leyden SAIC y F",Argentina,BA,ARS,"Common Stock",ARP6247X1189
LOMA,"Loma Negra Compania Industrial Argentina SA",Argentina,BA,ARS,"Common Stock",ARLOMA300018
LONG,"Longvie SA",Argentina,BA,ARS,"Common Stock",ARP6356B1059
MELI,"MercadoLibre Inc.",Argentina,BA,ARS,"Common Stock",US58733R1023
METR,"Metrogas SA",Argentina,BA,ARS,"Common Stock",ARP6558L1178
MIRG,"Mirgor S.A. C",Argentina,BA,ARS,"Common Stock",ARP6823S1295
MOLA,"Molinos Agro SA",Argentina,BA,ARS,"Common Stock",ARMOAG300023
MOLI,"Molinos Rio de la Plata SA",Argentina,BA,ARS,"Common Stock",ARP689251337
MOLI5,"Molinos Rio de la Plata SA",Argentina,BA,ARS,"Common Stock",ARP689251253
MORI,"Morixe Hermanos SACI",Argentina,BA,ARS,"Common Stock",ARP698141040
MORI5,"Morixe Hermanos S.A. 5 Votes",Argentina,BA,ARS,"Common Stock",
MRK,"Merck & Company Inc",Argentina,BA,ARS,"Common Stock",US58933Y1055
MSFT,"Microsoft Corporation",Argentina,BA,ARS,"Common Stock",US5949181045
MTR,"Matba Rofex SA",Argentina,BA,ARS,"Common Stock",ARMTBA010010
NKE,"NIKE Inc.",Argentina,BA,ARS,"Common Stock",US6541061031
OEST,"Grupo Concesionario del Oeste SA",Argentina,BA,ARS,"Common Stock",ARGCAO010012
OVOP,"Ovoprot International S.A",Argentina,BA,ARS,"Common Stock",AROVOP010038
PAMP,"Pampa Energia SA",Argentina,BA,ARS,"Common Stock",ARP432631215
PATA,"Importadora y Exportadora de la Patagonia SA",Argentina,BA,ARS,"Common Stock",ARP530571735
PETR,"Petrolera Pampa S.A",Argentina,BA,ARS,"Common Stock",
PFE,"Pfizer Inc",Argentina,BA,ARS,"Common Stock",
PG,"Procter & Gamble DRC",Argentina,BA,ARS,"Common Stock",ARDEUT110335
POLL,"Polledo SAIC",Argentina,BA,ARS,"Common Stock",ARP7905G1652
REGE,"Garcia Reguera S.A.",Argentina,BA,ARS,"Common Stock",ARREGE010013
REP,"Repsol S.A",Argentina,BA,ARS,"Common Stock",
RICH,"Laboratorios Richmond SACIF",Argentina,BA,ARS,"Common Stock",ARLRIC300027
RIGO,"Rigolleau SA",Argentina,BA,ARS,"Common Stock",ARP809061780
RIO,"Rio Tinto PLC CEDEAR",Argentina,BA,ARS,"Common Stock",
ROSE,"Instituto Rosenbusch SA de Biologia Experimental Agropecuaria",Argentina,BA,ARS,"Common Stock",ARROSE010025
SAMI,"San Miguel AG",Argentina,BA,ARS,"Common Stock",ARSMIG010018
SEMI,"Molinos Juan Semino SA",Argentina,BA,ARS,"Common Stock",ARP689031069
SPY,"Caja de Valores S.A.",Argentina,BA,ARS,"Common Stock",
STD,"Banco Santander S.A",Argentina,BA,ARS,"Common Stock",ES0113900J37
SUPV,"Grupo Supervielle S.A. B",Argentina,BA,ARS,"Common Stock",ARGRSU300079
TECO2,"Telecom Argentina",Argentina,BA,ARS,"Common Stock",ARP9028N1016
TGNO4,"Transportadora de Gas del Norte SA Class C",Argentina,BA,ARS,"Common Stock",ARTGNO010117
TGSU2,"Transportadora de Gas del Sur SA B",Argentina,BA,ARS,"Common Stock",ARP9308R1039
TRAN,"Compania de Transporte de Energia Electrica en Alta Tension Transener SA",Argentina,BA,ARS,"Common Stock",ARTRAN010011
TV,"Grupo Televisa SAB DRC",Argentina,BA,ARS,"Common Stock",ARDEUT112133
TXAR,"Ternium Argentina SA",Argentina,BA,ARS,"Common Stock",ARSIDE010029
TXR,"Ternium SA DRC",Argentina,BA,ARS,"Common Stock",ARDEUT116019
VALE,"Vale S.A",Argentina,BA,ARS,"Common Stock",ARDEUT113925
VALO,"Banco de Valores SA",Argentina,BA,ARS,"Common Stock",ARBVAL3024G2
WFC,"Wells Fargo & Company",Argentina,BA,ARS,"Common Stock",ARDEUT110434
WMT,"Walmart Inc",Argentina,BA,ARS,"Common Stock",
X,"United States Steel Corp",Argentina,BA,ARS,"Common Stock",ARDEUT116068
YPFD,"YPF S.A. D",Argentina,BA,ARS,"Common Stock",ARP9897X1319
