Code,Name,Country,Exchange,Currency,Type,Isin
1DIV,"ThaiDEX SET High Dividend ETF",Thailand,BK,THB,ETF,
24CS,"Twenty-Four Con & Supply PCL",Thailand,BK,THB,"Common Stock",
2S,"2S Metal Public Company Limited",Thailand,BK,THB,"Common Stock",TH1008B10Y03
3K-BAT,"Thai Energy Storage Technology Public Company Limited",Thailand,BK,THB,"Common Stock",
7UP,"Seven Utilities and Power Public Company Limited",Thailand,BK,THB,"Common Stock",
A,"Areeya Property Public Company Limited",Thailand,BK,THB,"Common Stock",TH0770010Z08
A5,"Asset Five Group PCL",Thailand,BK,THB,"Common Stock",
AAI,"Asian Alliance International PCL",Thailand,BK,THB,"Common Stock",
AAV,"Asia Aviation Public Company Limited",Thailand,BK,THB,"Common Stock",TH3437010004
AAV-R,"Asia Aviation Public Company Limited",Thailand,BK,THB,"Common Stock",
ABM,"Asia Biomass Public Company Limited",Thailand,BK,THB,"Common Stock",
ACAP,"ASIA Capital Group Public Company Limited",Thailand,BK,THB,"Common Stock",TH0880010Z05
ACC,"Advanced Connection Corporation Public Company Limited",Thailand,BK,THB,"Common Stock",TH0342010Y07
ACE,"Absolute Clean Energy Public Company Limited",Thailand,BK,THB,"Common Stock",
ACE-R,"ABSOLUTE CLEAN ENERGY",Thailand,BK,THB,"Common Stock",
ACG,"Autocorp Holding Public Company Limited",Thailand,BK,THB,"Common Stock",
ADB,"Applied DB Public Company Limited",Thailand,BK,THB,"Common Stock",
ADD,"AddTech Hub Public Company Limited",Thailand,BK,THB,"Common Stock",
ADVANC,"Advanced Info Service Public Company Limited",Thailand,BK,THB,"Common Stock",TH0268010Z03
ADVANC-R,"Advanced Info Service Public Company Limited",Thailand,BK,THB,"Common Stock",
AEONTS,"AEON Thana Sinsap (Thailand) Public Company Limited",Thailand,BK,THB,"Common Stock",TH0664010Z03
AEONTS-R,"AEON Thana Sinsap (Thailand) Public Company Limited",Thailand,BK,THB,"Common Stock",
AF,"AIRA Factoring Public Company Limited",Thailand,BK,THB,"Common Stock",TH0787010Z02
AFC,"Asia Fiber Public Company Limited",Thailand,BK,THB,"Common Stock",TH0011010004
AGE,"Asia Green Energy Public Company Limited",Thailand,BK,THB,"Common Stock",TH0990010Z02
AH,"AAPICO Hitech Public Company Limited",Thailand,BK,THB,"Common Stock",TH0688A10Z02
AHC,"Aikchol Hospital Public Company Limited",Thailand,BK,THB,"Common Stock",TH0281010Z06
AI,"Asian Insulators PCL",Thailand,BK,THB,"Common Stock",TH0790B10Z06
AIE,"Ai Energy Public Company Limited",Thailand,BK,THB,"Common Stock",TH5085010Z06
AIMCG,"AIM Commercial Growth Freehold And Leasehold Real Estate Investment Trust",Thailand,BK,THB,"Common Stock",TH9278010003
AIMIRT,"AIM Industrial Growth Freehold and Leasehold Real Estate Investment Trust",Thailand,BK,THB,"Common Stock",TH8387010003
AIRA,"AIRA Capital Public Company Limited",Thailand,BK,THB,"Common Stock",TH5434010002
AIT,"Advanced Information Technology Public Company Limited",Thailand,BK,THB,"Common Stock",TH0712010Z00
AJ,"A.J. Plast Public Company Limited",Thailand,BK,THB,"Common Stock",TH0214010Z07
AJA,"AJ Advance Technology Public Company Limited",Thailand,BK,THB,"Common Stock",TH5178010Y00
AKP,"Akkhie Prakarn Public Company Limited",Thailand,BK,THB,"Common Stock",TH4109010009
AKR,"Ekarat Engineering Public Company Limited",Thailand,BK,THB,"Common Stock",TH0914010Z02
AKS,"AKS Corp. PCL",Thailand,BK,THB,"Common Stock",
ALL,"All Inspire Development Public Company Limited",Thailand,BK,THB,"Common Stock",
ALLA,"Alla Public Company Limited",Thailand,BK,THB,"Common Stock",TH7550010006
ALLY,"Ally Leasehold Real Estate Investment Trust",Thailand,BK,THB,"Common Stock",TH9569010001
ALPHAX,"Alpha Divisions PCL",Thailand,BK,THB,"Common Stock",
ALT,"ALT Telecom Public Company Limited",Thailand,BK,THB,"Common Stock",TH7312010005
ALUCON,"Alucon Public Company Limited",Thailand,BK,THB,"Common Stock",TH0164010009
AMA,"Ama Marine Public Company Limited",Thailand,BK,THB,"Common Stock",TH7631010009
AMANAH,"Amanah Leasing Public Company Limited",Thailand,BK,THB,"Common Stock",TH0665A10Y00
AMARC,"Asia Medical & Agricultural Laboratory & Research Center PCL",Thailand,BK,THB,"Common Stock",
AMARIN,"Amarin Printing and Publishing Public Company Limited",Thailand,BK,THB,"Common Stock",TH0277010Z04
AMATA,"Amata Corporation Public Company Limited",Thailand,BK,THB,"Common Stock",TH0617A10Z08
AMATA-R,"Amata Corporation Public Company Limited",Thailand,BK,THB,"Common Stock",TH0617010R19
AMATAR,"Amata Summit Growth Freehold and Leasehold Real Estate Investment Trust",Thailand,BK,THB,"Common Stock",TH6606010002
AMATAV,"Amata VN PCL",Thailand,BK,THB,"Common Stock",TH6896010001
AMC,"Asia Metal Public Company Limited",Thailand,BK,THB,"Common Stock",TH0783010000
AMR,"AMR Asia Public Company Limited",Thailand,BK,THB,"Common Stock",
ANAN,"Ananda Development Public Company Limited",Thailand,BK,THB,"Common Stock",TH4101010007
AOT,"Airports of Thailand Public Company Limited",Thailand,BK,THB,"Common Stock",TH0765010Z08
AOT-R,"Airports of Thailand Public Company Limited",Thailand,BK,THB,"Common Stock",
AP,"AP (Thailand) Public Company Limited",Thailand,BK,THB,"Common Stock",TH0308010Y08
AP-R,"AP (Thailand) Public Company Limited",Thailand,BK,THB,"Common Stock",TH0308010R15
APCO,"Asian Phytoceuticals Public Company Limited",Thailand,BK,THB,"Common Stock",TH1077A10Z09
APCS,"Asia Precision Public Company Limited",Thailand,BK,THB,"Common Stock",TH1071010009
APP,"Applicad Public Company Limited",Thailand,BK,THB,"Common Stock",
APURE,"Agripure Holdings Public Company Limited",Thailand,BK,THB,"Common Stock",TH0343010Z04
AQUA,"Aqua Corporation Public Company Limited",Thailand,BK,THB,"Common Stock",TH0793B10Y04
ARIN,"Arinsiri Land Public Company Limited",Thailand,BK,THB,"Common Stock",
ARIP,"ARIP Public Company Limited",Thailand,BK,THB,"Common Stock",TH1048010009
ARROW,"Arrow Syndicate Public Company Limited",Thailand,BK,THB,"Common Stock",TH4151010006
AS,"Asiasoft Corporation Public Company Limited",Thailand,BK,THB,"Common Stock",TH0963A10Z08
ASAP,"Synergetic Auto Performance Public Company Limited",Thailand,BK,THB,"Common Stock",TH7851010002
ASEFA,"Asefa Public Company Limited",Thailand,BK,THB,"Common Stock",TH6650010007
ASIA,"Asia Hotel Public Company Limited",Thailand,BK,THB,"Common Stock",TH0156010Z00
ASIAN,"Asian Sea Corporation Public Company Limited",Thailand,BK,THB,"Common Stock",TH0405010Y02
ASIMAR,"Asian Marine Services Public Company Limited",Thailand,BK,THB,"Common Stock",TH0544A10Z06
ASK,"Asia Sermkij Leasing Public Company Limited",Thailand,BK,THB,"Common Stock",TH0816010001
ASK-R,"Asia Sermkij Leasing Public Company Limited",Thailand,BK,THB,"Common Stock",
ASN,"ASN Broker Public Company Limited",Thailand,BK,THB,"Common Stock",TH7188010006
ASP,"Asia Plus Group Holdings Public Company Limited",Thailand,BK,THB,"Common Stock",TH0137A10Y00
ASW,"Assetwise Public Company Limited",Thailand,BK,THB,"Common Stock",
ATP30,"ATP 30 Public Company Limited",Thailand,BK,THB,"Common Stock",TH6703010004
AU,"After You Public Company Limited",Thailand,BK,THB,"Common Stock",TH7650010005
AUCT,"Union Auction Public Company Limited",Thailand,BK,THB,"Common Stock",TH4709010003
AURA,"Aurora Design PCL",Thailand,BK,THB,"Common Stock",
AURA-R,"AURORA DESIGN",Thailand,BK,THB,"Common Stock",
AWC,"Asset World Corp Public Company Limited",Thailand,BK,THB,"Common Stock",
AWC-R,"ASSET WORLD CORP PCL-NVDR",Thailand,BK,THB,"Common Stock",
AYUD,"Allianz Ayudhya Capital Public Company Limited",Thailand,BK,THB,"Common Stock",TH0093A10Y02
B,"Begistics Public Company Limited",Thailand,BK,THB,"Common Stock",
B-WORK,"Bualuang Office Leasehold REIT",Thailand,BK,THB,"Common Stock",
B52,"B-52 Capital Public Company Limited",Thailand,BK,THB,"Common Stock",
BA,"Bangkok Airways Public Company Limited",Thailand,BK,THB,"Common Stock",TH4403010002
BA-R,"Bangkok Airways Public Company Limited",Thailand,BK,THB,"Common Stock",TH4403010R10
BAFS,"Bangkok Aviation Fuel Services Public Company Limited",Thailand,BK,THB,"Common Stock",TH0669010Z02
BAFS-R,"Bangkok Aviation Fuel Services Public Company Limited",Thailand,BK,THB,"Common Stock",
BAM,"Bangkok Commercial Asset Management Public Company Limited",Thailand,BK,THB,"Common Stock",
BAM-R,"BANGKOK COMMERCIAL ASSE-NVDR",Thailand,BK,THB,"Common Stock",
BANPU,"Banpu Public Company Limited",Thailand,BK,THB,"Common Stock",TH0148A10Z06
BANPU-R,"Banpu Public Company Limited",Thailand,BK,THB,"Common Stock",TH0148010R15
BAREIT,"BA Airport Leasehold Real Estate Investment Trust",Thailand,BK,THB,"Common Stock",
BAY,"Bank of Ayudhya Public Company Limited",Thailand,BK,THB,"Common Stock",TH0023010000
BBGI,"BBGI PCL",Thailand,BK,THB,"Common Stock",
BBIK,"Bluebik Group PCL",Thailand,BK,THB,"Common Stock",
BBL,"Bangkok Bank Public Company Limited",Thailand,BK,THB,"Common Stock",TH0001010006
BC,"Boutique Corporation Public Company Limited",Thailand,BK,THB,"Common Stock",
BCH,"Bangkok Chain Hospital Public Company Limited",Thailand,BK,THB,"Common Stock",TH0808010Y07
BCH-R,"Bangkok Chain Hospital Public Company Limited",Thailand,BK,THB,"Common Stock",TH0808010R14
BCP,"Bangchak Corporation Public Company Limited",Thailand,BK,THB,"Common Stock",TH0420010Y01
BCP-R,"Bangchak Corporation Public Company Limited",Thailand,BK,THB,"Common Stock",TH0420010R18
BCPG,"BCPG Public Company Limited",Thailand,BK,THB,"Common Stock",TH7411010005
BCPG-R,"BCPG Public Company Limited",Thailand,BK,THB,"Common Stock",TH7411010R10
BCT,"Birla Carbon (Thailand) Public Company Limited",Thailand,BK,THB,"Common Stock",
BDMS,"Bangkok Dusit Medical Services Public Company Limited",Thailand,BK,THB,"Common Stock",TH0264A10Z04
BDMS-R,"Bangkok Dusit Medical Services Public Company Limited",Thailand,BK,THB,"Common Stock",
BE8,"Beryl 8 Plus Public Company Limited",Thailand,BK,THB,"Common Stock",
BEAUTY,"Beauty Community Public Company Limited",Thailand,BK,THB,"Common Stock",TH4100010Z04
BEC,"BEC World Public Company Limited",Thailand,BK,THB,"Common Stock",TH0592010Z06
BEC-R,"BEC World Public Company Limited",Thailand,BK,THB,"Common Stock",
BEM,"Bangkok Expressway and Metro Public Company Limited",Thailand,BK,THB,"Common Stock",TH6999010007
BEM-R,"Bangkok Expressway and Metro Public Company Limited",Thailand,BK,THB,"Common Stock",
BEYOND,"Bound and Beyond PCL",Thailand,BK,THB,"Common Stock",TH0088010002
BGC,"BG Container Glass Public Company Limited",Thailand,BK,THB,"Common Stock",
BGRIM,"B.Grimm Power Public Company Limited",Thailand,BK,THB,"Common Stock",TH7545010004
BGRIM-R,"B GRIMM POWER PCL-NVDR",Thailand,BK,THB,"Common Stock",
BGT,"BGT Corporation Public Company Limited",Thailand,BK,THB,"Common Stock",TH0962010Z01
BH,"Bumrungrad Hospital Public Company Limited",Thailand,BK,THB,"Common Stock",TH0168A10Z01
BH-R,"Bumrungrad Hospital Public Company Limited",Thailand,BK,THB,"Common Stock",TH0168010R13
BIG,"Big Camera Corporation Public Company Limited",Thailand,BK,THB,"Common Stock",TH0234B10Z00
BIOTEC,"Bio Green Energy Tech PCL",Thailand,BK,THB,"Common Stock",
BIS,"Bioscience Animal Health PCL",Thailand,BK,THB,"Common Stock",
BIZ,"Business Alignment Public Company Limited",Thailand,BK,THB,"Common Stock",TH7349010002
BJC,"Berli Jucker Public Company Limited",Thailand,BK,THB,"Common Stock",TH0002010Z06
BJC-R,"Berli Jucker Public Company Limited",Thailand,BK,THB,"Common Stock",TH0002010R14
BJCHI,"BJC Heavy Industries Public Company Limited",Thailand,BK,THB,"Common Stock",TH4920A10Z02
BKD,"Bangkok Dec-Con Public Company Limited",Thailand,BK,THB,"Common Stock",TH4748010006
BKI,"Bangkok Insurance Public Company Limited",Thailand,BK,THB,"Common Stock",TH0042010007
BKKCP,"Bangkok Commercial Property Fund",Thailand,BK,THB,"Common Stock",TH0751010008
BLA,"Bangkok Life Assurance Public Company Limited",Thailand,BK,THB,"Common Stock",TH1016010007
BLA-R,"Bangkok Life Assurance Public Company Limited",Thailand,BK,THB,"Common Stock",
BLAND,"Bangkok Land Public Company Limited",Thailand,BK,THB,"Common Stock",TH0285B10Z08
BLAND-R,"Bangkok Land Public Company Limited",Thailand,BK,THB,"Common Stock",TH0285010R15
BLC,"Bangkok Lab & Cosmetic PCL",Thailand,BK,THB,"Common Stock",
BLESS,"Bless Asset Group PCL",Thailand,BK,THB,"Common Stock",
BM,"Bangkok Sheet Metal Public Company Limited",Thailand,BK,THB,"Common Stock",TH7207010003
BMSCITH,"BCAP MSCI Thailand ETF",Thailand,BK,THB,ETF,
BOFFICE,"Bhiraj Office Leasehold Real Estate Investment Trust",Thailand,BK,THB,"Common Stock",TH8406010000
BOL,"Business Online PCL",Thailand,BK,THB,"Common Stock",TH0771010Z06
BPP,"Banpu Power Public Company Limited",Thailand,BK,THB,"Common Stock",TH7462010003
BPP-R,"BANPU POWER",Thailand,BK,THB,"Common Stock",
BR,"Bangkok Ranch PCL",Thailand,BK,THB,"Common Stock",TH4683010003
BRI,"Britania PCL",Thailand,BK,THB,"Common Stock",
BROCK,"Baan Rock Garden Public Company Limited",Thailand,BK,THB,"Common Stock",TH0887010Z00
BROOK,"The Brooker Group Public Company Limited",Thailand,BK,THB,"Common Stock",TH0634B10Z06
BRR,"Buriram Sugar Public Company Limited",Thailand,BK,THB,"Common Stock",TH6011010001
BRRGIF,"BURIRAM SUGAR GROUP POWER PLANT INFRASTRUCTURE FUND",Thailand,BK,THB,"Common Stock",
BSBM,"Bangsaphan Barmill Public Company Limited",Thailand,BK,THB,"Common Stock",TH0824010001
BSM,"BuilderSmart Public Company Limited",Thailand,BK,THB,"Common Stock",TH0971010Z02
BTG,"Betagro PCL",Thailand,BK,THB,"Common Stock",
BTG-R,BETAGRO,Thailand,BK,THB,"Common Stock",
BTNC,"Boutique Newcity Public Company Limited",Thailand,BK,THB,"Common Stock",TH0095010003
BTS,"BTS Group Holdings Public Company Limited",Thailand,BK,THB,"Common Stock",TH0221B10Z05
BTS-R,"BTS Group Holdings Public Company Limited",Thailand,BK,THB,"Common Stock",
BTSGIF,"BTS Rail Mass Transit Growth",Thailand,BK,THB,"Common Stock",
BTW,"BT Wealth Industries Public Company Limited",Thailand,BK,THB,"Common Stock",TH7319010008
BUI,"Bangkok Union Insurance Public Co. Ltd.",Thailand,BK,THB,"Common Stock",TH0139010001
BVG,"Blueventure Group PCL",Thailand,BK,THB,"Common Stock",
BWG,"Better World Green Public Company Limited",Thailand,BK,THB,"Common Stock",TH0954010Z08
BYD,"Beyond Securities PCL",Thailand,BK,THB,"Common Stock",
BYD-R,"AEC SECURITIES",Thailand,BK,THB,"Common Stock",
CAZ,"CAZ (Thailand) Public Company Limited",Thailand,BK,THB,"Common Stock",
CBG,"Carabao Group Public Company Limited",Thailand,BK,THB,"Common Stock",TH6066010005
CBG-R,"Carabao Group Public Company Limited",Thailand,BK,THB,"Common Stock",TH6066010R13
CCET,"Cal-Comp Electronics (Thailand) Public Company Limited",Thailand,BK,THB,"Common Stock",TH0639010Z05
CCP,"Chonburi Concrete Product Public Company Limited",Thailand,BK,THB,"Common Stock",TH0745A10Z03
CEN,"Capital Engineering Network Public Company Limited",Thailand,BK,THB,"Common Stock",TH0230A10Z05
CENTEL,"Central Plaza Hotel Public Company Limited",Thailand,BK,THB,"Common Stock",TH0176B10Z00
CENTEL-R,"Central Plaza Hotel Public Company Limited",Thailand,BK,THB,"Common Stock",
CEYE,"Chamni&#39;s Eye PCL",Thailand,BK,THB,"Common Stock",
CFRESH,"Seafresh Industry Public Company Limited",Thailand,BK,THB,"Common Stock",TH0359A10Z00
CGD,"Country Group Development Public Company Limited",Thailand,BK,THB,"Common Stock",TH0605010Z06
CGH,"Country Group Holdings Public Company Limited",Thailand,BK,THB,"Common Stock",TH5982010008
CH,"Chin Huay PCL",Thailand,BK,THB,"Common Stock",
CHARAN,"Charan Insurance Public Company Limited",Thailand,BK,THB,"Common Stock",TH0321010009
CHASE,"Chase Asia PCL",Thailand,BK,THB,"Common Stock",
CHAYO,"Chayo Group Public Company Limited",Thailand,BK,THB,"Common Stock",
CHEWA,"Chewathai Public Company Limited",Thailand,BK,THB,"Common Stock",TH7153010007
CHG,"Chularat Hospital Public Company Limited",Thailand,BK,THB,"Common Stock",TH4539010Z03
CHG-R,"Chularat Hospital Public Company Limited",Thailand,BK,THB,"Common Stock",TH4539010R11
CHIC,"Chic Republic PCL",Thailand,BK,THB,"Common Stock",
CHINA,"W.I.S.E. KTAM CSI 300 China Tracker",Thailand,BK,THB,ETF,
CHO,"Cho Thavee Public Company Limited",Thailand,BK,THB,"Common Stock",TH4509010Y07
CHOTI,"Kiang Huat Sea Gull Trading Frozen Food Public Company Limited",Thailand,BK,THB,"Common Stock",TH0300010004
CHOW,"Chow Steel Industries Public Company Limited",Thailand,BK,THB,"Common Stock",TH1081010007
CI,"Charn Issara Development Public Company Limited",Thailand,BK,THB,"Common Stock",TH0696010Z05
CIG,"C.I. Group Public Company Limited",Thailand,BK,THB,"Common Stock",TH0822010Z07
CIMBT,"CIMB Thai Bank Public Company Limited",Thailand,BK,THB,"Common Stock",TH0041010Y05
CITY,"City Steel Public Company Limited",Thailand,BK,THB,"Common Stock",TH0898010002
CIVIL,"Civil Engineering PCL",Thailand,BK,THB,"Common Stock",
CK,"CH. Karnchang Public Company Limited",Thailand,BK,THB,"Common Stock",TH0530010Z06
CK-R,"CH. Karnchang Public Company Limited",Thailand,BK,THB,"Common Stock",TH0530010R14
CKP,"CK Power Public Company Limited",Thailand,BK,THB,"Common Stock",TH4536010Z09
CKP-R,"CK Power Public Company Limited",Thailand,BK,THB,"Common Stock",TH4536010R17
CM,"Chiangmai Frozen Foods Public Company Limited",Thailand,BK,THB,"Common Stock",TH0317010Z08
CMAN,"Chememan Public Company Limited",Thailand,BK,THB,"Common Stock",
CMC,"Chaoprayamahanakorn Public Company Limited",Thailand,BK,THB,"Common Stock",
CMO,"CMO Public Company Limited",Thailand,BK,THB,"Common Stock",TH0791010Y05
CMR,"Chiang Mai Ram Medical Business Public Company Limited",Thailand,BK,THB,"Common Stock",TH0432010Z05
CNT,"Christiani & Nielsen (Thai) Public Company Limited",Thailand,BK,THB,"Common Stock",TH0216010Z02
COLOR,"Salee Colour Public Company Limited",Thailand,BK,THB,"Common Stock",TH1064010008
COM7,"Com7 PCL",Thailand,BK,THB,"Common Stock",TH6678010005
COM7-R,"Com7 Public Company Limited",Thailand,BK,THB,"Common Stock",TH6678010R15
COMAN,"Comanche International Public Company Limited",Thailand,BK,THB,"Common Stock",TH7543010006
COTTO,"SCG Ceramics Public Company Limited",Thailand,BK,THB,"Common Stock",
CPALL,"CP ALL Public Company Limited",Thailand,BK,THB,"Common Stock",TH0737010Y08
CPALL-R,"CP ALL Public Company Limited",Thailand,BK,THB,"Common Stock",
CPANEL,"CPanel PCL",Thailand,BK,THB,"Common Stock",
CPAXT,"CP AXTRA NON-VOTING DR PCL",Thailand,BK,THB,"Common Stock",
CPF,"Charoen Pokphand Foods Public Company Limited",Thailand,BK,THB,"Common Stock",TH0101A10Z01
CPF-R,"Charoen Pokphand Foods Public Company Limited",Thailand,BK,THB,"Common Stock",
CPH,"Castle Peak Holdings Public Company Limited",Thailand,BK,THB,"Common Stock",TH0290010006
CPI,"Chumporn Palm Oil Industry Public Company Limited",Thailand,BK,THB,"Common Stock",TH0389010Z07
CPL,"CPL Group Public Company Limited",Thailand,BK,THB,"Common Stock",TH0459010Z08
CPN,"Central Pattana Public Company Limited",Thailand,BK,THB,"Common Stock",TH0481B10Z00
CPN-R,"Central Pattana Public Company Limited",Thailand,BK,THB,"Common Stock",
CPNCG,"CPN Commercial Growth Leasehold Property Fund",Thailand,BK,THB,"Common Stock",TH3769010002
CPNREIT,"CPN Retail Growth Leasehold REIT",Thailand,BK,THB,"Common Stock",
CPR,"CPR Gomu Industrial PCL",Thailand,BK,THB,"Common Stock",TH0829010006
CPT,"Cpt Drives & Power Pcl",Thailand,BK,THB,"Common Stock",TH8356010000
CPTGF,"C.P. Tower Growth Leasehold Property Fund",Thailand,BK,THB,"Common Stock",TH5023010009
CPW,"Copperwired Public Company Limited",Thailand,BK,THB,"Common Stock",
CRANE,"Chukai Public Company Limited",Thailand,BK,THB,"Common Stock",TH0970010003
CRC,"Central Retail Corporation Public Company Limited",Thailand,BK,THB,"Common Stock",
CRC-R,"CENTRAL RETAIL CORP PCL-NVDR",Thailand,BK,THB,"Common Stock",
CRD,"Chiangmai Rimdoi Public Company Limited",Thailand,BK,THB,"Common Stock",TH8204010004
CSC,"Crown Seal Public Company Limited",Thailand,BK,THB,"Common Stock",TH0026010007
CSP,"CSP Steel Center Public Company Limited",Thailand,BK,THB,"Common Stock",TH0881010Z03
CSR,"City Sports and Recreation Public Company Limited",Thailand,BK,THB,"Common Stock",TH0151010004
CSS,"Communication & System Solution Public Company Limited",Thailand,BK,THB,"Common Stock",TH4747010007
CTARAF,"Centara Hotels & Resorts Leasehold Property Fund",Thailand,BK,THB,"Common Stock",TH0998010001
CTW,"Charoong Thai Wire and Cable Public Company Limited",Thailand,BK,THB,"Common Stock",TH0012010Z05
CV,"Clover Power PCL",Thailand,BK,THB,"Common Stock",
CWT,"Chai Watana Tannery Group Public Company Limited",Thailand,BK,THB,"Common Stock",TH0225A10Z02
D,"Dental Corporation Public Company Limited",Thailand,BK,THB,"Common Stock",TH7855010008
DCC,"Dynasty Ceramic Public Company Limited",Thailand,BK,THB,"Common Stock",TH0278A10Z08
DCC-R,"Dynasty Ceramic Public Company Limited",Thailand,BK,THB,"Common Stock",TH0278010R10
DCON,"Dcon Products Public Company Limited",Thailand,BK,THB,"Common Stock",TH0794010Z08
DDD,"Do Day Dream Public Company Limited",Thailand,BK,THB,"Common Stock",TH8365010009
DELTA,"Delta Electronics (Thailand) Public Company Limited",Thailand,BK,THB,"Common Stock",TH0528010Z00
DELTA-R,"Delta Electronics (Thailand) Public Company Limited",Thailand,BK,THB,"Common Stock",
DEMCO,"Demco Public Company Limited",Thailand,BK,THB,"Common Stock",TH0930010002
DEXON,"Dexon Technology PCL",Thailand,BK,THB,"Common Stock",
DHOUSE,"Dhouse Pattana Public Company Limited",Thailand,BK,THB,"Common Stock",
DIF,"Digital Telecommunications Infrastructure Fund",Thailand,BK,THB,"Common Stock",
DIMET,"Dimet (Siam) Public Company Limited",Thailand,BK,THB,"Common Stock",TH0966010009
DITTO,"Ditto (Thailand) Public Company Limited",Thailand,BK,THB,"Common Stock",
DITTO-R,"DITTO (THAILAND)",Thailand,BK,THB,"Common Stock",
DMT,"Don Muang Tollway Public Company Limited",Thailand,BK,THB,"Common Stock",
DOD,"DOD Biotech Public Company Limited",Thailand,BK,THB,"Common Stock",
DOHOME,"Dohome Public Company Limited",Thailand,BK,THB,"Common Stock",
DOHOME-R,"DOHOME ",Thailand,BK,THB,"Common Stock",
DPAINT,"Delta Paint PCL",Thailand,BK,THB,"Common Stock",
DREIT,"Dusit Thani Freehold and Leasehold Real Estate Investment Trust",Thailand,BK,THB,"Common Stock",
DRT,"Diamond Building Products Public Company Limited",Thailand,BK,THB,"Common Stock",TH0872A10Z08
DTCENT,"D.T.C. Enterprise PCL",Thailand,BK,THB,"Common Stock",
DTCI,"D.T.C. Industries Public Company Limited",Thailand,BK,THB,"Common Stock",TH0296010000
DUSIT,"Dusit Thani Public Company Limited",Thailand,BK,THB,"Common Stock",
DV8,"DV8 Public Company Limited",Thailand,BK,THB,"Common Stock",
E1VFVN3001,"VFMVN30 ETF Fund",Thailand,BK,THB,ETF,
EA,"Energy Absolute Public Company Limited",Thailand,BK,THB,"Common Stock",TH3545010003
EA-R,"Energy Absolute Public Company Limited",Thailand,BK,THB,"Common Stock",
EASON,"Eason & Co Public Company Limited",Thailand,BK,THB,"Common Stock",TH0861010Z05
EASTW,"Eastern Water Resources Development and Management Public Company Limited",Thailand,BK,THB,"Common Stock",TH0616010Z03
EBANK,"KTAM SET Banking ETF Tracker",Thailand,BK,THB,ETF,
ECF,"East Coast Furnitech Public Company Limited",Thailand,BK,THB,"Common Stock",TH4397010000
ECL,"Eastern Commercial Leasing Public Company Limited",Thailand,BK,THB,"Common Stock",TH0767010Z04
EE,"Eternal Energy Public Company Limited",Thailand,BK,THB,"Common Stock",TH0282010Y05
EFORL,"E for L Aim Public Company Limited",Thailand,BK,THB,"Common Stock",TH1001A10Z00
EGATIF,"North Bangkok Power Plant",Thailand,BK,THB,"Common Stock",
EGCO,"Electricity Generating Public Company Limited",Thailand,BK,THB,"Common Stock",TH0465010005
EGCO-R,"Electricity Generating Public Company Limited",Thailand,BK,THB,"Common Stock",
EKH,"Ekachai Medical Care Public Company Limited",Thailand,BK,THB,"Common Stock",TH7344010007
EMC,"EMC Public Company Limited",Thailand,BK,THB,"Common Stock",TH0565B10Z09
ENGY,"MTrack Energy ETF",Thailand,BK,THB,ETF,
ENY,"KTAM SET Energy ETF Tracker",Thailand,BK,THB,ETF,
EP,"Eastern Power Group Public Company Limited",Thailand,BK,THB,"Common Stock",
EPG,"Eastern Polymer Group Public Company Limited",Thailand,BK,THB,"Common Stock",TH6128010001
EPG-R,"Eastern Polymer Group Public Company Limited",Thailand,BK,THB,"Common Stock",TH6128010R11
ERW,"The Erawan Group Public Company Limited",Thailand,BK,THB,"Common Stock",TH0120010Y07
ERW-R,"The Erawan Group Public Company Limited",Thailand,BK,THB,"Common Stock",
ERWPF,"Erawan Hotel Growth Property Fund",Thailand,BK,THB,"Common Stock",TH4398010009
ESSO,"Esso (Thailand) Public Company Limited",Thailand,BK,THB,"Common Stock",TH0975010008
ESSO-R,"Esso (Thailand) Public Company Limited",Thailand,BK,THB,"Common Stock",TH0975010R11
ESTAR,"Eastern Star Real Estate Public Company Limited",Thailand,BK,THB,"Common Stock",TH0381A10Z02
ETC,"Earth Tech Environment Public Company Limited",Thailand,BK,THB,"Common Stock",
ETE,"Eastern Technical Engineering Public Company Limited",Thailand,BK,THB,"Common Stock",TH7761010001
EVER,"Everland Public Company Limited",Thailand,BK,THB,"Common Stock",TH0391010004
FANCY,"Fancy Wood Industries Public Company Limited",Thailand,BK,THB,"Common Stock",TH0434A10Z09
FE,"Far East Fame Line DDB Public Company Limited",Thailand,BK,THB,"Common Stock",TH0087010Y08
FLOYD,"Floyd Public Company Limited",Thailand,BK,THB,"Common Stock",TH8264010001
FMT,"Fine Metal Technologies Public Company Limited",Thailand,BK,THB,"Common Stock",TH0609010002
FN,"FN Factory Outlet Public Company Limited",Thailand,BK,THB,"Common Stock",TH7578010004
FNS,"Finansa Public Company Limited",Thailand,BK,THB,"Common Stock",TH0686010Z06
FORTH,"Forth Corporation Public Company Limited",Thailand,BK,THB,"Common Stock",TH0920010Z09
FORTH-R,"Forth Corporation Public Company Limited",Thailand,BK,THB,"Common Stock",
FPI,"Fortune Parts Industry Public Company Limited",Thailand,BK,THB,"Common Stock",TH3786010Z01
FPT,"Frasers Property (Thailand) Public Company Limited",Thailand,BK,THB,"Common Stock",
FSMART,"Forth Smart Service Public Company Limited",Thailand,BK,THB,"Common Stock",TH5883010008
FSS,"Finansia Syrus Securities Public Company Limited",Thailand,BK,THB,"Common Stock",TH0802010Z09
FTE,"Firetrade Engineering Public Company Limited",Thailand,BK,THB,"Common Stock",TH8103010006
FTI,"Function International PCL",Thailand,BK,THB,"Common Stock",
FTREIT,"Ticon Freehold and Leasehold Real Estate Investment Trust",Thailand,BK,THB,"Common Stock",
FUTUREPF,"Future Park Leasehold Property Fund",Thailand,BK,THB,"Common Stock",TH0932010000
FVC,"Filter Vision Public Company Limited",Thailand,BK,THB,"Common Stock",TH4919010009
GABLE,"G-Able PCL",Thailand,BK,THB,"Common Stock",
GAHREIT,"Grande Hospitality Real Estate Investment Trust",Thailand,BK,THB,"Common Stock",
GBX,"Globlex Holding Management Public Company Limited",Thailand,BK,THB,"Common Stock",TH0798010003
GC,"Global Connections Public Company Limited",Thailand,BK,THB,"Common Stock",TH0873010Z00
GCAP,"G Capital Public Company Limited",Thailand,BK,THB,"Common Stock",TH5035010005
GEL,"General Engineering Public Company Limited",Thailand,BK,THB,"Common Stock",TH0224E10Z09
GENCO,"General Environmental Conservation Public Company Limited",Thailand,BK,THB,"Common Stock",TH0636010Z01
GFPT,"GFPT Public Company Limited",Thailand,BK,THB,"Common Stock",TH0297010Z02
GFPT-R,"GFPT Public Company Limited",Thailand,BK,THB,"Common Stock",TH0297010R10
GGC,"Global Green Chemicals Public Company Limited",Thailand,BK,THB,"Common Stock",TH7920010Z02
GIFT,"Gratitude Infinite Public Company Limited",Thailand,BK,THB,"Common Stock",TH1058010Y08
GJS,"G J Steel Public Company Limited",Thailand,BK,THB,"Common Stock",TH0585D10Z03
GLAND,"Grand Canal Land Public Company Limited",Thailand,BK,THB,"Common Stock",TH0538A10Z04
GLD,"KTAM Gold ETF Tracker",Thailand,BK,THB,ETF,
GLOBAL,"Siam Global House Public Company Limited",Thailand,BK,THB,"Common Stock",TH0991010008
GLOCON,"Global Consumer Public Company Limited",Thailand,BK,THB,"Common Stock",
GLORY,"Glory Forever PCL",Thailand,BK,THB,"Common Stock",
GPI,"Grand Prix International Public Company Limited",Thailand,BK,THB,"Common Stock",
GPSC,"Global Power Synergy PCL",Thailand,BK,THB,"Common Stock",TH6488010005
GPSC-R,"Global Power Synergy Public Company Limited",Thailand,BK,THB,"Common Stock",
GRAMMY,"GMM Grammy Public Company Limited",Thailand,BK,THB,"Common Stock",TH0473010Z09
GRAND,"Grande Asset Hotels and Property Public Company Limited",Thailand,BK,THB,"Common Stock",TH0763010Z03
GREEN,"Green Resources Public Company Limited",Thailand,BK,THB,"Common Stock",TH0876A10Y05
GROREIT,"Grande Royal Orchid Hospitality Real Estate Investment Trust with Buy-Back Condition",Thailand,BK,THB,"Common Stock",
GSC,"Global Service Center Public Company Limited",Thailand,BK,THB,"Common Stock",
GTB,"Getabec Public Company Limited",Thailand,BK,THB,"Common Stock",TH7131010004
GTV,"Green Tech Ventures PCL",Thailand,BK,THB,"Common Stock",
GULF,"Gulf Energy Development Public Company Limited",Thailand,BK,THB,"Common Stock",TH8319010006
GULF-R,"GULF ENERGY DEVELOPMENT-NVDR",Thailand,BK,THB,"Common Stock",
GUNKUL,"Gunkul Engineering Public Company Limited",Thailand,BK,THB,"Common Stock",TH1041010Z03
GUNKUL-R,"Gunkul Engineering Public Company Limited",Thailand,BK,THB,"Common Stock",TH1041010R11
GVREIT,"Golden Ventures Leasehold Real Estate Investment Trust",Thailand,BK,THB,"Common Stock",TH7139010006
GYT,"Goodyear (Thailand) Public Company Limited",Thailand,BK,THB,"Common Stock",TH0034010Z09
HANA,"Hana Microelectronics Public Company Limited",Thailand,BK,THB,"Common Stock",TH0324B10Z01
HANA-R,"Hana Microelectronics Public Company Limited",Thailand,BK,THB,"Common Stock",TH0324010R12
HARN,"Harn Engineering Solutions Public Company Limited",Thailand,BK,THB,"Common Stock",TH6050010Y00
HEALTH,"Health Empire Corp. PCL",Thailand,BK,THB,"Common Stock",
HENG,"Heng Leasing & Capital PCL",Thailand,BK,THB,"Common Stock",
HFT,"Hwa Fong Rubber (Thailand) Public Company Limited",Thailand,BK,THB,"Common Stock",TH0755010Z09
HL,"Healthlead Public Company Limited",Thailand,BK,THB,"Common Stock",
HMPRO,"Home Product Center Public Company Limited",Thailand,BK,THB,"Common Stock",TH0661010007
HMPRO-R,"Home Product Center Public Company Limited",Thailand,BK,THB,"Common Stock",TH0661010R17
HPF,"HEMARAJ INDUSTRIAL PROPERTY AND LEASEHOLD FUND",Thailand,BK,THB,"Common Stock",TH5123010008
HPT,"Home Pottery Public Company Limited",Thailand,BK,THB,"Common Stock",TH6589010003
HTC,"Haad Thip Public Company Limited",Thailand,BK,THB,"Common Stock",TH0140010Z04
HTECH,"Halcyon Technology Public Company Limited",Thailand,BK,THB,"Common Stock",TH1003010002
HUMAN,"Humanica Public Company Limited",Thailand,BK,THB,"Common Stock",TH8335010006
HYDRO,"Hydrotek Public Company Limited",Thailand,BK,THB,"Common Stock",TH1080010008
HYDROGEN,"Hydrogen Freehold & Leasehold Real Estate Investment Trust",Thailand,BK,THB,"Common Stock",
ICC,"I.C.C. International Public Company Limited",Thailand,BK,THB,"Common Stock",TH0046010Z03
ICHI,"Ichitan Group Public Company Limited",Thailand,BK,THB,"Common Stock",TH5048010000
ICHI-R,"Ichitan Group Public Company Limited",Thailand,BK,THB,"Common Stock",
ICN,"Information and Communication Networks Public Company Limited",Thailand,BK,THB,"Common Stock",TH8190010000
IFS,"IFS Capital (Thailand) Public Company Limited",Thailand,BK,THB,"Common Stock",TH1036010003
IHL,"Interhides Public Company Limited",Thailand,BK,THB,"Common Stock",TH0886010Z02
IIG,"I&I Group Public Company Limited",Thailand,BK,THB,"Common Stock",
III,"Triple i Logistics Public Company Limited",Thailand,BK,THB,"Common Stock",TH8127010008
ILINK,"Interlink Communication Public Company Limited",Thailand,BK,THB,"Common Stock",TH0781010002
ILM,"Index Living Mall Public Company Limited",Thailand,BK,THB,"Common Stock",
IMH,"Intermedical Care and Lab Hospital Public Company Limited",Thailand,BK,THB,"Common Stock",
IMPACT,"Impact Growth REIT",Thailand,BK,THB,"Common Stock",TH5882010009
IND,"Index International Group Public Company Limited",Thailand,BK,THB,"Common Stock",
INET,"Internet Thailand Public Company Limited",Thailand,BK,THB,"Common Stock",TH0662010006
INETREIT,"INET Leasehold REIT",Thailand,BK,THB,"Common Stock",
INGRS,"Ingress Industrial (Thailand) Public Company Limited",Thailand,BK,THB,"Common Stock",TH8126010009
INOX,"POSCO-Thainox Public Company Limited",Thailand,BK,THB,"Common Stock",TH0814010Y05
INSET,"Infraset Public Company Limited",Thailand,BK,THB,"Common Stock",
INSURE,"Indara Insurance Public Company Limited",Thailand,BK,THB,"Common Stock",TH0217010006
INTUCH,"Intouch Holdings Public Company Limited",Thailand,BK,THB,"Common Stock",TH0201A10Y01
INTUCH-R,"Intouch Holdings Public Company Limited",Thailand,BK,THB,"Common Stock",TH0201010R12
IP,"Inter Pharma Public Company Limited",Thailand,BK,THB,"Common Stock",
IRC,"Inoue Rubber (Thailand) Public Company Limited",Thailand,BK,THB,"Common Stock",TH0437010Z04
IRCP,"International Research Corporation Public Company Limited",Thailand,BK,THB,"Common Stock",TH0711010Z02
IRPC,"IRPC Public Company Limited",Thailand,BK,THB,"Common Stock",TH0471010Y04
IRPC-R,"IRPC Public Company Limited",Thailand,BK,THB,"Common Stock",TH0471010R11
IT,"IT City Public Company Limited",Thailand,BK,THB,"Common Stock",TH0706010Z02
ITC,"i-Tail Corp. PCL",Thailand,BK,THB,"Common Stock",
ITD,"Italian-Thai Development Public Company Limited",Thailand,BK,THB,"Common Stock",TH0438010Z02
ITEL,"Interlink Telecom Public Company Limited",Thailand,BK,THB,"Common Stock",TH7414010Z06
ITNS,"International Network System PCL",Thailand,BK,THB,"Common Stock",
ITTHI,"Itthirit Nice Corp. PCL",Thailand,BK,THB,"Common Stock",
IVL,"Indorama Ventures PCL",Thailand,BK,THB,"Common Stock",TH1027010004
IVL-R,"Indorama Ventures Public Company Limited",Thailand,BK,THB,"Common Stock",TH1027010R10
J,"JAS Asset PCL",Thailand,BK,THB,"Common Stock",TH6823010009
JAK,"Jakpaisan Estate Public Company Limited",Thailand,BK,THB,"Common Stock",
JAS,"Jasmine International Public Company Limited",Thailand,BK,THB,"Common Stock",TH0418G10Z03
JAS-R,"Jasmine International Public Company Limited",Thailand,BK,THB,"Common Stock",TH0418010R12
JASIF,"Jasmine Broadband Internet",Thailand,BK,THB,"Common Stock",
JCK,"JCK International Public Company Limited",Thailand,BK,THB,"Common Stock",
JCKH,"JCK Hospitality Public Company Limited",Thailand,BK,THB,"Common Stock",
JCT,"Jack Chia Industries (Thailand) Public Company Limited",Thailand,BK,THB,"Common Stock",TH0204010001
JDF,"JD Food PCL",Thailand,BK,THB,"Common Stock",
JKN,"JKN Global Media Public Company Limited",Thailand,BK,THB,"Common Stock",
JMART,"Jay Mart Public Company Limited",Thailand,BK,THB,"Common Stock",TH1007010008
JMART-R,"Jay Mart Public Company Limited",Thailand,BK,THB,"Common Stock",
JMT,"JMT Network Services Public Company Limited",Thailand,BK,THB,"Common Stock",TH3925010Z05
JMT-R,"JMT Network Services Public Company Limited",Thailand,BK,THB,"Common Stock",TH3925010R13
JR,"J.R.W. Utility Public Company Limited",Thailand,BK,THB,"Common Stock",
JSP,"J.S.P. Property Public Company Limited",Thailand,BK,THB,"Common Stock",TH6041010005
JTS,"Jasmine Telecom Systems Public Company Limited",Thailand,BK,THB,"Common Stock",TH0921010003
JUBILE,"Jubilee Enterprise Public Company Limited",Thailand,BK,THB,"Common Stock",TH1022010009
K,"Kingsmen C.M.T.I. Public Company Limited",Thailand,BK,THB,"Common Stock",TH6934010005
KAMART,"Karmarts Public Company Limited",Thailand,BK,THB,"Common Stock",TH0467A10Z09
KASET,"Thai Ha Public Company Limited",Thailand,BK,THB,"Common Stock",TH0879010005
KBANK,"Kasikornbank Public Company Limited",Thailand,BK,THB,"Common Stock",TH0016010009
KBANK-R,"Kasikornbank Public Company Limited",Thailand,BK,THB,"Common Stock",
KBS,"Khonburi Sugar Public Company Limited",Thailand,BK,THB,"Common Stock",TH1061010001
KBSPIF,"Khonburi Sugar Power Plant Infrastructure Fund",Thailand,BK,THB,"Common Stock",
KCAR,"Krungthai Car Rent and Lease Public Company Limited",Thailand,BK,THB,"Common Stock",TH0869010007
KCC,"Knight Club Capital Asset Management PCL",Thailand,BK,THB,"Common Stock",
KCE,"KCE Electronics Public Company Limited",Thailand,BK,THB,"Common Stock",TH0122C10Z04
KCE-R,"KCE Electronics Public Company Limited",Thailand,BK,THB,"Common Stock",TH0122010R10
KCM,"K.C. Metalsheet Public Company Limited",Thailand,BK,THB,"Common Stock",TH6156010006
KDH,"Thonburi Medical Centre Public Company Limited",Thailand,BK,THB,"Common Stock",TH0162010Y09
KEX,"Kerry Express (Thailand) Public Company Limited",Thailand,BK,THB,"Common Stock",
KEX-R,"KERRY EXPRESS (THAILAND)",Thailand,BK,THB,"Common Stock",
KGEN,"King Gen PCL",Thailand,BK,THB,"Common Stock",
KGI,"KGI Securities (Thailand) Public Company Limited",Thailand,BK,THB,"Common Stock",TH0171B10Z05
KIAT,"Kiattana Transport Public Company Limited",Thailand,BK,THB,"Common Stock",TH1018010Z01
KISS,"Rojukiss International Public Company Limited",Thailand,BK,THB,"Common Stock",
KJL,"Kijcharoen Engineering Electric PCL",Thailand,BK,THB,"Common Stock",
KK,"K&K Superstore Southern Public Company Limited",Thailand,BK,THB,"Common Stock",
KKC,"Kulthorn Kirby Public Company Limited",Thailand,BK,THB,"Common Stock",TH0218010Z08
KKP,"Kiatnakin Phatra Bank Public Company Limited",Thailand,BK,THB,"Common Stock",TH0121010001
KKP-R,"Kiatnakin Phatra Bank Public Company Limited",Thailand,BK,THB,"Common Stock",TH0121010R12
KLINIQ,"Klinique Medical Clinic PCL",Thailand,BK,THB,"Common Stock",
KOOL,"Masterkool International Public Company Limited",Thailand,BK,THB,"Common Stock",TH6756010000
KPNPF,"KPN Property Fund",Thailand,BK,THB,"Common Stock",TH4455010009
KSL,"Khon Kaen Sugar Industry Public Company Limited",Thailand,BK,THB,"Common Stock",TH0828A10Z03
KSL-R,"Khon Kaen Sugar Industry Public Company Limited",Thailand,BK,THB,"Common Stock",TH0828010R12
KTB,"Krung Thai Bank Public Company Limited",Thailand,BK,THB,"Common Stock",TH0150010Z03
KTB-R,"Krung Thai Bank Public Company Limited",Thailand,BK,THB,"Common Stock",
KTBSTMR,"KTBST Mixed Leasehold Real Estate Investment Trust",Thailand,BK,THB,"Common Stock",
KTC,"Krungthai Card PCL",Thailand,BK,THB,"Common Stock",TH0689010Z00
KTC-R,"Krungthai Card Public Company Limited",Thailand,BK,THB,"Common Stock",TH0689010R18
KTIS,"Kaset Thai International Sugar Corporation Public Company Limited",Thailand,BK,THB,"Common Stock",TH5288010009
KTMS,"KT Medical Service PCL",Thailand,BK,THB,"Common Stock",
KUMWEL,"Kumwell Corporation Public Company Limited",Thailand,BK,THB,"Common Stock",
KUN,"Villa Kunalai Public Company Limited",Thailand,BK,THB,"Common Stock",
KWC,"Krungdhep Sophon Public Company Limited",Thailand,BK,THB,"Common Stock",TH0058010008
KWI,"King Wai Group (Thailand) PCL",Thailand,BK,THB,"Common Stock",
KWM,"K. W.  Metal Work Public Company Limited",Thailand,BK,THB,"Common Stock",
KYE,"Kang Yong Electric Public Company Limited",Thailand,BK,THB,"Common Stock",TH0386010Z03
LALIN,"Lalin Property Public Company Limited",Thailand,BK,THB,"Common Stock",TH0693010Z02
LANNA,"Lanna Resources Public Company Limited",Thailand,BK,THB,"Common Stock",TH0409010Z03
LDC,"LDC Dental Public Company Limited",Thailand,BK,THB,"Common Stock",TH5811010005
LEE,"Lee Feed Mill Public Company Limited",Thailand,BK,THB,"Common Stock",TH0181B10Z03
LEO,"Leo Global Logistics Public Company Limited",Thailand,BK,THB,"Common Stock",
LH,"Land and Houses Public Company Limited",Thailand,BK,THB,"Common Stock",TH0143010Z08
LH-R,"Land and Houses Public Company Limited",Thailand,BK,THB,"Common Stock",TH0143010R16
LHFG,"LH Financial Group Public Company Limited",Thailand,BK,THB,"Common Stock",
LHHOTEL,"LH Hotel Leasehold Real Estate Investment Trust",Thailand,BK,THB,"Common Stock",TH6957010007
LHK,"Lohakit Metal Public Company Limited",Thailand,BK,THB,"Common Stock",TH0964010001
LHPF,"Land and Houses Freehold and Leasehold Property Fund",Thailand,BK,THB,"Common Stock",TH3204010005
LHSC,"LH Shopping Centers Leasehold",Thailand,BK,THB,"Common Stock",TH6180010006
LIT,"Lease IT Public Company Limited",Thailand,BK,THB,"Common Stock",TH5252010001
LOXLEY,"Loxley Public Company Limited",Thailand,BK,THB,"Common Stock",TH0376010Z04
LPF,"Lotus Retail Growth Freehold and Leasehold Property Fund",Thailand,BK,THB,"Common Stock",
LPH,"Ladprao General Hospital Public Company Limited",Thailand,BK,THB,"Common Stock",TH6733010008
LPN,"L.P.N. Development Public Company Limited",Thailand,BK,THB,"Common Stock",TH0456010Z04
LRH,"Laguna Resorts & Hotels Public Company Limited",Thailand,BK,THB,"Common Stock",TH0372010007
LST,"Lam Soon (Thailand) Public Company Limited",Thailand,BK,THB,"Common Stock",TH0574010Z04
LUXF,"Luxury Real Estate Investment Fund",Thailand,BK,THB,"Common Stock",TH0982010009
M,"MK Restaurant Group Public Company Limited",Thailand,BK,THB,"Common Stock",TH4577010002
M-CHAI,"Mahachai Hospital Public Company Limited",Thailand,BK,THB,"Common Stock",TH0581010004
M-II,"MFC Industrial Investment P&L Fund",Thailand,BK,THB,"Common Stock",
M-R,"MK Restaurant Group Public Company Limited",Thailand,BK,THB,"Common Stock",
M-STOR,"MFC-Strategic Storage Fund",Thailand,BK,THB,"Common Stock",
MACO,"Master Ad Public Company Limited",Thailand,BK,THB,"Common Stock",TH0734010Z04
MAJOR,"Major Cineplex Group Public Company Limited",Thailand,BK,THB,"Common Stock",TH0671010Z08
MAJOR-R,"Major Cineplex Group Public Company Limited",Thailand,BK,THB,"Common Stock",TH0671010R16
MAKRO,"Siam Makro Public Company Limited",Thailand,BK,THB,"Common Stock",TH0429010Z01
MALEE,"Malee Group Public Company Limited",Thailand,BK,THB,"Common Stock",TH0293B10Z08
MANRIN,"Mandarin Hotel Public Company Limited",Thailand,BK,THB,"Common Stock",TH0258010006
MASTER,"Master Style PCL",Thailand,BK,THB,"Common Stock",
MATCH,"Matching Maximize Solution Public Company Limited",Thailand,BK,THB,"Common Stock",TH0703010Y00
MATI,"Matichon Public Company Limited",Thailand,BK,THB,"Common Stock",TH0170A10Z07
MBAX,"Multibax Public Company Limited",Thailand,BK,THB,"Common Stock",TH0938010004
MBK,"MBK Public Company Limited",Thailand,BK,THB,"Common Stock",TH0480B10Z01
MBK-R,"MBK Public Company Limited",Thailand,BK,THB,"Common Stock",
MC,"MC Group Public Company Limited",Thailand,BK,THB,"Common Stock",TH4625010004
MCOT,"MCOT Public Company Limited",Thailand,BK,THB,"Common Stock",TH0803010006
MCS,"M.C.S. Steel Public Company Limited",Thailand,BK,THB,"Common Stock",TH0851010007
MDX,"MDX Public Company Limited",Thailand,BK,THB,"Common Stock",TH0294010002
MEB,"MEB Corp. PCL",Thailand,BK,THB,"Common Stock",
MEGA,"Mega Lifesciences Public Company Limited",Thailand,BK,THB,"Common Stock",TH4984010009
MEGA-R,"Mega Lifesciences Public Company Limited",Thailand,BK,THB,"Common Stock",TH4984010R19
MENA,"Mena Transport Public Company Limited",Thailand,BK,THB,"Common Stock",
META,"Meta Corporation Public Company Limited",Thailand,BK,THB,"Common Stock",
METCO,"Muramoto Electron (Thailand) Public Company Limited",Thailand,BK,THB,"Common Stock",TH0304010Z06
MFC,"MFC Asset Management Public Company Limited",Thailand,BK,THB,"Common Stock",TH0237010Z08
MFEC,"MFEC PCL",Thailand,BK,THB,"Common Stock",TH0738010006
MGC,"Millennium Grp Corp (Asia)",Thailand,BK,THB,"Common Stock",
MGT,"Megachem (Thailand) Public Company Limited",Thailand,BK,THB,"Common Stock",TH7735010004
MICRO,"Micro Leasing Public Company Limited",Thailand,BK,THB,"Common Stock",
MIDA,"Mida Assets Public Company Limited",Thailand,BK,THB,"Common Stock",TH0710010Z04
MILL,"Millcon Steel Public Company Limited",Thailand,BK,THB,"Common Stock",TH0957010Y02
MINT,"Minor International Public Company Limited",Thailand,BK,THB,"Common Stock",TH0128B10Z09
MINT-R,"Minor International Public Company Limited",Thailand,BK,THB,"Common Stock",TH0128010R17
MIT,"MFC Industrial Real Estate Investment Trust",Thailand,BK,THB,"Common Stock",TH6947010000
MITSIB,"Mitsib Leasing Public Company Limited",Thailand,BK,THB,"Common Stock",
MJD,"Major Development Public Company Limited",Thailand,BK,THB,"Common Stock",TH0960010005
MJLF,"Major Cineplex Lifestyle Leasehold Property Fund",Thailand,BK,THB,"Common Stock",TH0948010002
MK,"M.K. Real Estate Development Public Company Limited",Thailand,BK,THB,"Common Stock",TH0182A10Z03
ML,"Mida Leasing Public Company Limited",Thailand,BK,THB,"Common Stock",TH0785A10Z04
MNIT,"MFC-Nichada Thani Property Fund",Thailand,BK,THB,"Common Stock",TH0852010006
MNIT2,"MFC-Nichada Thani Property Fund 2",Thailand,BK,THB,"Common Stock",
MNRF,"Multi-National Residence Fund",Thailand,BK,THB,"Common Stock",
MODERN,"Modernform Group Public Company Limited",Thailand,BK,THB,"Common Stock",TH0291B10Z00
MONO,"Mono Next Public Company Limited",Thailand,BK,THB,"Common Stock",TH4546010000
MOONG,"Moong Pattana International Public Company Limited",Thailand,BK,THB,"Common Stock",TH1020010001
MORE,"More Return Public Company Limited",Thailand,BK,THB,"Common Stock",
MOSHI,"Moshi Moshi Retail Corp. PCL",Thailand,BK,THB,"Common Stock",
MPIC,"M Pictures Entertainment Public Company Limited",Thailand,BK,THB,"Common Stock",TH0672010Z06
MSC,"Metro Systems Corporation Public Company Limited",Thailand,BK,THB,"Common Stock",TH0569010Z04
MST,"Maybank Securities (Thailand) PCL",Thailand,BK,THB,"Common Stock",
MTC,"Muangthai Capital Public Company Limited",Thailand,BK,THB,"Common Stock",
MTC-R,"MUANGTHAI CAPITAL PCL-NVDR",Thailand,BK,THB,"Common Stock",
MTI,"Muang Thai Insurance Public Company Limited",Thailand,BK,THB,"Common Stock",TH0985010006
MTW,"Make To Win Holding PCL",Thailand,BK,THB,"Common Stock",
MUD,"Mud & Hound Public Company Limited",Thailand,BK,THB,"Common Stock",
MVP,"M Vision Public Company Limited",Thailand,BK,THB,"Common Stock",
NATION,"Nation Group (Thailand) PCL",Thailand,BK,THB,"Common Stock",
NC,"Newcity (Bangkok) Public Company Limited",Thailand,BK,THB,"Common Stock",TH0024010009
NCAP,"Next Capital Public Company Limited",Thailand,BK,THB,"Common Stock",
NCH,"N.C. Housing Public Company Limited",Thailand,BK,THB,"Common Stock",TH0769010Z00
NCL,"NCL International Logistics Public Company Limited",Thailand,BK,THB,"Common Stock",TH6013010009
NDR,"N.D. Rubber Public Company Limited",Thailand,BK,THB,"Common Stock",TH6148010007
NEP,"NEP Realty and Industry Public Company Limited",Thailand,BK,THB,"Common Stock",TH0086010Z09
NER,"North East Rubbers Public Company Limited",Thailand,BK,THB,"Common Stock",
NETBAY,"Netbay Public Company Limited",Thailand,BK,THB,"Common Stock",TH7163010005
NEW,"Wattana Karnpaet Public Company Limited",Thailand,BK,THB,"Common Stock",TH0575010002
NEWS,"News Network Corporation Public Company Limited",Thailand,BK,THB,"Common Stock",TH0795C10Z00
NEX,"Nex Point Public Company Limited",Thailand,BK,THB,"Common Stock",
NEX-R,"NEX POINT",Thailand,BK,THB,"Common Stock",
NFC,"Nfc PLC",Thailand,BK,THB,"Common Stock",
NKI,"The Navakij Insurance Public Company Limited",Thailand,BK,THB,"Common Stock",TH0199010008
NNCL,"Nava Nakorn Public Company Limited",Thailand,BK,THB,"Common Stock",TH0702010Z01
NOBLE,"Noble Development Public Company Limited",Thailand,BK,THB,"Common Stock",TH0564B10Z00
NOVA,"Nova Empire Public Company Limited",Thailand,BK,THB,"Common Stock",
NPK,"New Plus Knitting Public Company Limited",Thailand,BK,THB,"Common Stock",TH0127010005
NRF,"NR Instant Produce Public Company Limited",Thailand,BK,THB,"Common Stock",
NSL,"NSL Foods Public Company Limited",Thailand,BK,THB,"Common Stock",
NTSC,"Nutrition SC PCL",Thailand,BK,THB,"Common Stock",
NTV,"Nonthavej Hospital Public Company Limited",Thailand,BK,THB,"Common Stock",TH0421010Z08
NUSA,"Nusasiri Public Company Limited",Thailand,BK,THB,"Common Stock",TH0305B10Z04
NV,"Nova Organic PCL",Thailand,BK,THB,"Common Stock",
NVD,"Nirvana Daii Public Company Limited",Thailand,BK,THB,"Common Stock",TH6502010Y00
NWR,"Nawarat Patanakarn Public Company Limited",Thailand,BK,THB,"Common Stock",TH0526A10Z08
NYT,"Namyong Terminal PCL",Thailand,BK,THB,"Common Stock",TH5008010Z08
OCC,"O.C.C. Public Company Limited",Thailand,BK,THB,"Common Stock",TH0091010Z09
OGC,"Ocean Glass Public Company Limited",Thailand,BK,THB,"Common Stock",TH0360010001
OHTL,"OHTL Public Company Limited",Thailand,BK,THB,"Common Stock",TH0115A10Z05
OISHI,"Oishi Group Public Company Limited",Thailand,BK,THB,"Common Stock",TH0789010Z08
ONEE,"The ONE Enterprise Public Company Limited",Thailand,BK,THB,"Common Stock",
ONEE-R,"THE ONE ENTERPRISE",Thailand,BK,THB,"Common Stock",
OR,"PTT Oil and Retail Business Public Company Limited",Thailand,BK,THB,"Common Stock",
OR-R,"PTT OIL & RETAIL BUSINE-NVDR",Thailand,BK,THB,"Common Stock",
ORI,"Origin Property PCL",Thailand,BK,THB,"Common Stock",TH6789010001
ORI-R,"Origin Property Public Company Limited",Thailand,BK,THB,"Common Stock",TH6789010R10
OSP,"Osotspa Public Company Limited",Thailand,BK,THB,"Common Stock",
OSP-R,"OSOTSPA PCL-NVDR",Thailand,BK,THB,"Common Stock",
OTO,"One to One Contacts Public Company Limited",Thailand,BK,THB,"Common Stock",TH5398010006
PACO,"President Automobile Industries Public Company Limited",Thailand,BK,THB,"Common Stock",
PAF,"Pan Asia Footwear Public Company Limited",Thailand,BK,THB,"Common Stock",TH0112A10Z08
PAP,"Pacific Pipe Public Company Limited",Thailand,BK,THB,"Common Stock",TH0805A10Z00
PATO,"Pato Chemical Industry Public Company Limited",Thailand,BK,THB,"Common Stock",TH0532010Z02
PB,"President Bakery Public Company Limited",Thailand,BK,THB,"Common Stock",TH0687010Z04
PCC,"Precise Corp. PCL",Thailand,BK,THB,"Common Stock",
PCSGH,"P.C.S. Machine Group Holding Public Company Limited",Thailand,BK,THB,"Common Stock",TH5306010Z06
PDG,"Prodigy Public Company Limited",Thailand,BK,THB,"Common Stock",TH5420010008
PDJ,"Pranda Jewelry Public Company Limited",Thailand,BK,THB,"Common Stock",
PEACE,"Peace & Living PCL",Thailand,BK,THB,"Common Stock",
PERM,"Permsin Steel Works Public Company Limited",Thailand,BK,THB,"Common Stock",TH0849010002
PF,"Property Perfect Public Company Limited",Thailand,BK,THB,"Common Stock",TH0352A10Z07
PG,"People's Garment Public Company Limited",Thailand,BK,THB,"Common Stock",TH0126010Z03
PHOL,"Phol Dhanya Public Company Limited",Thailand,BK,THB,"Common Stock",TH1047010000
PICO,"Pico (Thailand) Public Company Limited",Thailand,BK,THB,"Common Stock",TH0773010002
PIMO,"Pioneer Motor Public Company Limited",Thailand,BK,THB,"Common Stock",TH6689010002
PIN,"PINTHONG INDUSTRIAL PARK PUBLIC COMPANY LIMITED",Thailand,BK,THB,"Common Stock",
PJW,"Panjawattana Plastic Public Company Limited",Thailand,BK,THB,"Common Stock",TH1083010005
PK,"Patkol Public Company Limited",Thailand,BK,THB,"Common Stock",TH0299010Z08
PL,"Phatra Leasing Public Company Limited",Thailand,BK,THB,"Common Stock",TH0599010Z01
PLANB,"Plan B Media PCL",Thailand,BK,THB,"Common Stock",TH6253010008
PLANB-R,"Plan B Media Public Company Limited",Thailand,BK,THB,"Common Stock",TH6253010R17
PLANET,"Planet Communications Asia Public Company Limited",Thailand,BK,THB,"Common Stock",
PLAT,"The Platinum Group Public Company Limited",Thailand,BK,THB,"Common Stock",TH6329010008
PLE,"Power Line Engineering Public Company Limited",Thailand,BK,THB,"Common Stock",TH0685010Z08
PLT,"Pilatus Marine PCL",Thailand,BK,THB,"Common Stock",
PLUS,"Royal Plus PCL",Thailand,BK,THB,"Common Stock",
PM,"Premier Marketing Public Company Limited",Thailand,BK,THB,"Common Stock",TH0977010Z09
PMTA,"PM Thoresen Asia Holdings PCL",Thailand,BK,THB,"Common Stock",TH6252010009
POLY,"Polynet PCL",Thailand,BK,THB,"Common Stock",
POPF,"Prime Office Leasehold Property Fund",Thailand,BK,THB,"Common Stock",TH1060010002
PORT,"Sahathai Terminal Public Company Limited",Thailand,BK,THB,"Common Stock",TH8306010001
PPF,"Pinthong Industrial Park Ppty",Thailand,BK,THB,"Common Stock",TH5137010002
PPM,"Porn Prom Metal Public Company Limited",Thailand,BK,THB,"Common Stock",TH0806010Z00
PPP,"Premier Products Public Company Limited",Thailand,BK,THB,"Common Stock",TH4263010001
PPPM,"PP PRIME Public Company Limited",Thailand,BK,THB,"Common Stock",
PPS,"Project Planning Service Public Company Limited",Thailand,BK,THB,"Common Stock",TH3801010002
PQS,"Premier Quality Starch PCL",Thailand,BK,THB,"Common Stock",
PR9,"Praram 9 Hospital Public Company Limited",Thailand,BK,THB,"Common Stock",
PRAKIT,"Prakit Holdings Public Company Limited",Thailand,BK,THB,"Common Stock",TH0248A10Z05
PRAPAT,"Peerapat Technology Public Company Limited",Thailand,BK,THB,"Common Stock",
PREB,"Pre-Built Public Company Limited",Thailand,BK,THB,"Common Stock",TH0871010003
PRECHA,"Preecha Group Public Company Limited",Thailand,BK,THB,"Common Stock",TH0548A10Z02
PRG,"PRG Corporation Public Company Limited",Thailand,BK,THB,"Common Stock",TH0366010Z05
PRI,"Primo Service Solutions PCL",Thailand,BK,THB,"Common Stock",
PRIME,"Prime Road Power Public Company Limited",Thailand,BK,THB,"Common Stock",
PRIN,"Prinsiri Public Company Limited",Thailand,BK,THB,"Common Stock",TH0865010001
PRINC,"Principal Capital Public Company Limited",Thailand,BK,THB,"Common Stock",GB00B0MDF233
PRM,"Prima Marine Public Company Limited",Thailand,BK,THB,"Common Stock",TH8170010004
PRM-R,"PRIMA MARINE PCL-NVDR",Thailand,BK,THB,"Common Stock",
PROEN,"PROEN Corp Public Company Limited",Thailand,BK,THB,"Common Stock",
PROS,"Prosper Engineering Public Company Limited",Thailand,BK,THB,"Common Stock",
PROSPECT,"Prospect Logistics and Industrial Leasehold Real Estate Investment Trust",Thailand,BK,THB,"Common Stock",
PROUD,"Proud Real Estate Public Company Limited",Thailand,BK,THB,"Common Stock",
PRTR,"PRTR Group PCL",Thailand,BK,THB,"Common Stock",
PSG,"PSG Corp. PCL",Thailand,BK,THB,"Common Stock",
PSH,"Pruksa Holding Public Company Limited",Thailand,BK,THB,"Common Stock",TH7595010003
PSH-R,"PRUKSA HOLDING",Thailand,BK,THB,"Common Stock",
PSL,"Precious Shipping Public Company Limited",Thailand,BK,THB,"Common Stock",TH0363010Z02
PSL-R,"Precious Shipping Public Company Limited",Thailand,BK,THB,"Common Stock",TH0363010R10
PSTC,"Power Solution Technologies Public Company Limited",Thailand,BK,THB,"Common Stock",TH6075010004
PT,"Premier Technology Public Company Limited",Thailand,BK,THB,"Common Stock",TH0229010Z05
PTC,"Premier Tank Corp. PCL",Thailand,BK,THB,"Common Stock",
PTECH,"Plus Tech Innovation PCL",Thailand,BK,THB,"Common Stock",
PTG,"PTG Energy PCL",Thailand,BK,THB,"Common Stock",TH4547010009
PTG-R,"PTG Energy Public Company Limited",Thailand,BK,THB,"Common Stock",TH4547010R14
PTL,"Polyplex (Thailand) Public Company Limited",Thailand,BK,THB,"Common Stock",TH0815010002
PTL-R,"Polyplex (Thailand) Public Company Limited",Thailand,BK,THB,"Common Stock",
PTT,"PTT Public Company Limited",Thailand,BK,THB,"Common Stock",TH0646010Z00
PTT-R,"PTT Public Company Limited",Thailand,BK,THB,"Common Stock",
PTTEP,"PTT Exploration and Production Public Company Limited",Thailand,BK,THB,"Common Stock",TH0355A10Z04
PTTEP-R,"PTT Exploration and Production Public Company Limited",Thailand,BK,THB,"Common Stock",
PTTGC,"PTT Global Chemical Public Company Limited",Thailand,BK,THB,"Common Stock",TH1074010006
PTTGC-R,"PTT Global Chemical Public Company Limited",Thailand,BK,THB,"Common Stock",
PYLON,"Pylon Public Company Limited",Thailand,BK,THB,"Common Stock",TH0885010Z04
Q-CON,"Quality Construction Products Public Company Limited",Thailand,BK,THB,"Common Stock",TH0760010007
QH,"Quality Houses Public Company Limited",Thailand,BK,THB,"Common Stock",TH0256A10Z04
QH-R,"Quality Houses Public Company Limited",Thailand,BK,THB,"Common Stock",TH0256010R16
QHHR,"Quality Houses Hotel and Residence Freehold and Leasehold Property Fund",Thailand,BK,THB,"Common Stock",TH3601010004
QHOP,"Quality Hospitality Leasehold Property Fund",Thailand,BK,THB,"Common Stock",
QHPF,"Quality Houses Property Fund",Thailand,BK,THB,"Common Stock",TH0931010001
QLT,"Qualitech Public Company Limited",Thailand,BK,THB,"Common Stock",TH1005010000
QTC,"QTC Energy Public Company Limited",Thailand,BK,THB,"Common Stock",TH1067010005
RABBIT,"Rabbit Holdings PCL",Thailand,BK,THB,"Common Stock",
RAM,"Ramkhamhaeng Hospital Public Company Limited",Thailand,BK,THB,"Common Stock",TH0259A10Z01
RAM-R,"Ramkhamhaeng Hospital Public Company Limited",Thailand,BK,THB,"Common Stock",
RATCH,"Ratch Group Public Company Limited",Thailand,BK,THB,"Common Stock",TH0637010Y00
RATCH-R,"Ratch Group Public Company Limited",Thailand,BK,THB,"Common Stock",
RBF,"R&B Food Supply Public Company Limited",Thailand,BK,THB,"Common Stock",
RBF-R,"R&B FOOD SUPPLY",Thailand,BK,THB,"Common Stock",
RCL,"Regional Container Lines Public Company Limited",Thailand,BK,THB,"Common Stock",TH0133010Z09
RCL-R,"Regional Container Lines Public Company Limited",Thailand,BK,THB,"Common Stock",TH0133010R17
READY,"Readyplanet PCL",Thailand,BK,THB,"Common Stock",
RICHY,"Richy Place 2002 Public Company Limited",Thailand,BK,THB,"Common Stock",TH5712010005
RJH,"Rajthanee Hospital Public Company Limited",Thailand,BK,THB,"Common Stock",TH7398010002
RML,"Raimon Land Public Company Limited",Thailand,BK,THB,"Common Stock",TH0364010Y01
ROCK,"Rockworth Public Company Limited",Thailand,BK,THB,"Common Stock",TH0416010005
ROH,"Royal Orchid Hotel (Thailand) Public Company Limited",Thailand,BK,THB,"Common Stock",TH0149010Z05
ROJNA,"Rojana Industrial Park Public Company Limited",Thailand,BK,THB,"Common Stock",TH0477010Y01
RP,"Raja Ferry Port Public Company Limited",Thailand,BK,THB,"Common Stock",TH6833010007
RPC,"RPCG Public Company Limited",Thailand,BK,THB,"Common Stock",TH0750010Y01
RPH,"Ratchaphruek Hospital Public Company Limited",Thailand,BK,THB,"Common Stock",TH7757010007
RS,"RS Public Company Limited",Thailand,BK,THB,"Common Stock",TH0705B10Z00
RS-R,"RS Public Company Limited",Thailand,BK,THB,"Common Stock",TH0705010R12
RSP,"Rich Sport Public Company Limited",Thailand,BK,THB,"Common Stock",
RT,"Right Tunnelling Public Company Limited",Thailand,BK,THB,"Common Stock",
RWI,"Rayong Wire Industries Public Company Limited",Thailand,BK,THB,"Common Stock",TH5359010003
S,"Singha Estate Public Company Limited",Thailand,BK,THB,"Common Stock",TH0940010Y08
S-R,"Singha Estate Public Company Limited",Thailand,BK,THB,"Common Stock",TH0940010R15
S11,"S 11 Group Public Company Limited",Thailand,BK,THB,"Common Stock",TH6268010001
SA,"Siamese Asset Public Company Limited",Thailand,BK,THB,"Common Stock",
SAAM,"SAAM Energy Development Public Company Limited",Thailand,BK,THB,"Common Stock",
SABINA,"Sabina Public Company Limited",Thailand,BK,THB,"Common Stock",TH0976010Z01
SABUY,"Sabuy Technology Public Company Limited",Thailand,BK,THB,"Common Stock",
SABUY-R,"SABUY TECHNOLOGY",Thailand,BK,THB,"Common Stock",
SAF,"S.A.F. Special Steel PCL",Thailand,BK,THB,"Common Stock",
SAK,"Saksiam Leasing Public Company Limited",Thailand,BK,THB,"Common Stock",
SALEE,"Salee Industry Public Company Limited",Thailand,BK,THB,"Common Stock",TH0836010Z07
SAM,"Samchai Steel Industries Public Company Limited",Thailand,BK,THB,"Common Stock",TH0786010Z04
SAMART,"Samart Corporation Public Company Limited",Thailand,BK,THB,"Common Stock",TH0374010Z09
SAMCO,"Sammakorn Public Company Limited",Thailand,BK,THB,"Common Stock",TH0349010Z01
SAMTEL,"Samart Telcoms Public Company Limited",Thailand,BK,THB,"Common Stock",TH0594010Z02
SANKO,"Sanko Diecasting (Thailand) Public Company Limited",Thailand,BK,THB,"Common Stock",TH4521010009
SAPPE,"Sappe Public Company Limited",Thailand,BK,THB,"Common Stock",TH5614010004
SAT,"Somboon Advance Technology Public Company Limited",Thailand,BK,THB,"Common Stock",TH0823010002
SAUCE,"Thaitheparos Public Company Limited",Thailand,BK,THB,"Common Stock",TH0460010Z06
SAWAD,"Srisawad Power 1979 PCL",Thailand,BK,THB,"Common Stock",TH5456010Y00
SAWAD-R,"Srisawad Corporation Public Company Limited",Thailand,BK,THB,"Common Stock",
SAWANG,"Sawang Export Public Company Limited",Thailand,BK,THB,"Common Stock",TH0242010005
SBNEXT,"Sabuy Connext Tech PCL",Thailand,BK,THB,"Common Stock",
SC,"SC Asset Corporation Public Company Limited",Thailand,BK,THB,"Common Stock",TH0747A10Z01
SC-R,"SC Asset Corporation Public Company Limited",Thailand,BK,THB,"Common Stock",
SCAP,"Srisawad Capital 1969 PCL",Thailand,BK,THB,"Common Stock",
SCB,"The Siam Commercial Bank Public Company Limited",Thailand,BK,THB,"Common Stock",TH0015010000
SCB-R,"The Siam Commercial Bank Public Company Limited",Thailand,BK,THB,"Common Stock",THA790010R17
SCC,"The Siam Cement Public Company Limited",Thailand,BK,THB,"Common Stock",TH0003010Z04
SCC-R,"The Siam Cement Public Company Limited",Thailand,BK,THB,"Common Stock",
SCCC,"Siam City Cement Public Company Limited",Thailand,BK,THB,"Common Stock",TH0021010Z06
SCCC-R,"Siam City Cement Public Company Limited",Thailand,BK,THB,"Common Stock",
SCG,"Sahacogen (Chonburi) Public Company Limited",Thailand,BK,THB,"Common Stock",TH0762010005
SCGP,"SCG Packaging Public Company Limited",Thailand,BK,THB,"Common Stock",
SCGP-R,"SCG PACKAGING PCL-NVDR",Thailand,BK,THB,"Common Stock",
SCI,"SCI Electric Public Company Limited",Thailand,BK,THB,"Common Stock",TH6809010007
SCM,"Successmore Being Public Company Limited",Thailand,BK,THB,"Common Stock",
SCN,"Scan Inter PCL",Thailand,BK,THB,"Common Stock",TH6285010000
SCP,"Southern Concrete Pile PCL",Thailand,BK,THB,"Common Stock",TH0240010Z02
SDC,"Samart Digital Public Company Limited",Thailand,BK,THB,"Common Stock",
SE,"SiamEast Solutions Public Company Limited",Thailand,BK,THB,"Common Stock",TH7753010001
SE-ED,"SE-Education Public Company Limited",Thailand,BK,THB,"Common Stock",TH0253010Z05
SEAFCO,"Seafco Public Company Limited",Thailand,BK,THB,"Common Stock",TH0780010Z07
SEAOIL,"Sea Oil Public Company Limited",Thailand,BK,THB,"Common Stock",TH4791010002
SECURE,"nForce Secure Public Company Limited",Thailand,BK,THB,"Common Stock",
SELIC,"Selic Corp Public Company Limited",Thailand,BK,THB,"Common Stock",TH7533010008
SENA,"Sena Development Public Company Limited",Thailand,BK,THB,"Common Stock",TH1011010002
SENX,"Sena J Property PCL",Thailand,BK,THB,"Common Stock",
SFLEX,"Starflex Public Company Limited",Thailand,BK,THB,"Common Stock",
SFT,"Shrinkflex (Thailand) Public Company Limited",Thailand,BK,THB,"Common Stock",
SGC,"SG Capital PCL",Thailand,BK,THB,"Common Stock",
SGF,"SGF Capital Public Company Limited",Thailand,BK,THB,"Common Stock",TH0107D10Z02
SGP,"Siamgas and Petrochemicals Public Company Limited",Thailand,BK,THB,"Common Stock",TH0979A10Z00
SGP-R,"Siamgas and Petrochemicals Public Company Limited",Thailand,BK,THB,"Common Stock",TH0979010R13
SHANG,"Shangri-La Hotel Public Company Limited",Thailand,BK,THB,"Common Stock",TH0203010Z00
SHR,"S Hotels and Resorts Public Company Limited",Thailand,BK,THB,"Common Stock",
SHREIT,"Strategic Hospitality Extendable Freehold and Leasehold Real Estate Investment Trust",Thailand,BK,THB,"Common Stock",
SIAM,"Siam Steel International Public Company Limited",Thailand,BK,THB,"Common Stock",TH0298010Z00
SICT,"Silicon Craft Technology Public Company Limited",Thailand,BK,THB,"Common Stock",
SIMAT,"Simat Technologies Public Company Limited",Thailand,BK,THB,"Common Stock",TH0965010000
SINGER,"Singer Thailand Public Company Limited",Thailand,BK,THB,"Common Stock",TH0073A10Z05
SINGER-R,"Singer Thailand Public Company Limited",Thailand,BK,THB,"Common Stock",
SIRI,"Siri Prime Office Property Fd",Thailand,BK,THB,"Common Stock",TH0577C10Z04
SIRI-R,"Sansiri Public Company Limited",Thailand,BK,THB,"Common Stock",
SIRIP,"Siri Prime Office Property Fund",Thailand,BK,THB,"Common Stock",
SIS,"SiS Distribution (Thailand) Public Company Limited",Thailand,BK,THB,"Common Stock",TH0776010009
SISB,"SISB Public Company Limited",Thailand,BK,THB,"Common Stock",
SITHAI,"Srithai Superware Public Company Limited",Thailand,BK,THB,"Common Stock",TH0266A10Z02
SJWD,"SCGJWD LOGISTICS PCL NON-VOTING DR",Thailand,BK,THB,"Common Stock",
SJWD-R,"JWD INFOLOGISTICS",Thailand,BK,THB,"Common Stock",
SK,"Sirakorn Public Company Limited",Thailand,BK,THB,"Common Stock",
SKE,"Sakol Energy Public Company Limited",Thailand,BK,THB,"Common Stock",TH8309010008
SKN,"S.Kijchai Enterprise Public Company Limited",Thailand,BK,THB,"Common Stock",TH8177010007
SKR,"Sikarin Public Company Limited",Thailand,BK,THB,"Common Stock",TH0105A10Z07
SKY,"Sky ICT Public Company Limited",Thailand,BK,THB,"Common Stock",TH5812010Y04
SLP,"Salee Printing Public Company Limited",Thailand,BK,THB,"Common Stock",TH6414010004
SM,"Star Money PCL",Thailand,BK,THB,"Common Stock",
SMART,"Smart Concrete Public Company Limited",Thailand,BK,THB,"Common Stock",TH5850010007
SMD,"SaintMed Public Company Limited",Thailand,BK,THB,"Common Stock",
SMIT,"Sahamit Machinery Public Company Limited",Thailand,BK,THB,"Common Stock",TH0843010008
SMK,"Syn Mun Kong Insurance Public Company Limited",Thailand,BK,THB,"Common Stock",TH0239A10Z06
SMPC,"Sahamitr Pressure Container Public Company Limited",Thailand,BK,THB,"Common Stock",TH0273010Z03
SMT,"Stars Microelectronics (Thailand) Public Company Limited",Thailand,BK,THB,"Common Stock",TH1015A10Z04
SNC,"SNC Former Public Company Limited",Thailand,BK,THB,"Common Stock",TH0800010Z03
SNNP,"Srinanaporn Marketing Public Company Limited",Thailand,BK,THB,"Common Stock",
SNNP-R,"SRINANAPORN MARKETING",Thailand,BK,THB,"Common Stock",
SNP,"S&P Syndicate Public Company Limited",Thailand,BK,THB,"Common Stock",TH0146B10Z07
SO,"Siamrajathanee Public Company Limited",Thailand,BK,THB,"Common Stock",
SOLAR,"Solartron Public Company Limited",Thailand,BK,THB,"Common Stock",TH0831010002
SONIC,"Sonic Interfreight Public Company Limited",Thailand,BK,THB,"Common Stock",
SORKON,"S. Khonkaen Foods Public Company Limited",Thailand,BK,THB,"Common Stock",TH0345010Z09
SPA,"Siam Wellness Group Public Company Limited",Thailand,BK,THB,"Common Stock",TH5972010000
SPACK,"S. Pack & Print Public Company Limited",Thailand,BK,THB,"Common Stock",TH0768010Z02
SPALI,"Supalai Public Company Limited",Thailand,BK,THB,"Common Stock",TH0371010Z05
SPALI-R,"Supalai Public Company Limited",Thailand,BK,THB,"Common Stock",TH0371010R13
SPC,"Saha Pathanapibul Public Company Limited",Thailand,BK,THB,"Common Stock",TH0035010Z06
SPCG,"SPCG Public Company Limited",Thailand,BK,THB,"Common Stock",TH0889010Y07
SPCG-R,"SPCG Public Company Limited",Thailand,BK,THB,"Common Stock",
SPG,"Siam Pan Group Public Company Limited",Thailand,BK,THB,"Common Stock",TH0613010Z00
SPI,"Saha Pathana Inter-Holding Public Company Limited",Thailand,BK,THB,"Common Stock",TH0027010Z03
SPRC,"Star Petroleum Refining Co Ltd",Thailand,BK,THB,"Common Stock",TH6838010002
SPRC-R,"Star Petroleum Refining Public Company Limited",Thailand,BK,THB,"Common Stock",
SPRIME,"S Prime Growth Leasehold Real Estate Investment Trust",Thailand,BK,THB,"Common Stock",
SPVI,"S P V I Public Company Limited",Thailand,BK,THB,"Common Stock",TH5073010008
SQ,"Sahakol Equipment Public Company Limited",Thailand,BK,THB,"Common Stock",TH7539010002
SR,"Siamraj Public Company Limited",Thailand,BK,THB,"Common Stock",TH6887010002
SRICHA,"Sriracha Construction Public Company Limited",Thailand,BK,THB,"Common Stock",TH3443010006
SRIPANWA,"Sri panwa Hospitality Real Estate Investment Trust",Thailand,BK,THB,"Common Stock",
SSC,"Sermsuk Public Company Limited",Thailand,BK,THB,"Common Stock",TH0009010Y02
SSF,"Surapon Foods Public Company Limited",Thailand,BK,THB,"Common Stock",TH0159A10Z02
SSP,"Sermsang Power Corporation Public Company Limited",Thailand,BK,THB,"Common Stock",TH8206010002
SSPF,"Sala @ Sathorn Property Fund",Thailand,BK,THB,"Common Stock",TH1004010001
SSSC,"Siam Steel Service Center Public Company Limited",Thailand,BK,THB,"Common Stock",TH0547010Z00
SST,"Sub Sri Thai Public Company Limited",Thailand,BK,THB,"Common Stock",TH0092010Y08
SSTRT,"Sub Sri Thai Real Estate Investment Trust",Thailand,BK,THB,"Common Stock",
STA,"Sri Trang Agro-Industry Public Company Limited",Thailand,BK,THB,"Common Stock",TH0254A10Z06
STA-R,"Sri Trang Agro-Industry Public Company Limited",Thailand,BK,THB,"Common Stock",TH0254010R11
STANLY,"Thai Stanley Electric Public Company Limited",Thailand,BK,THB,"Common Stock",TH0233010Z07
STARK,"Stark Corporation Public Company Limited",Thailand,BK,THB,"Common Stock",
STARK-R,"STARK CORPORATION PUBLIC COMPANY LIMITED",Thailand,BK,THB,"Common Stock",
STC,"STC Concrete Product Public Company Limited",Thailand,BK,THB,"Common Stock",
STEC,"Sino-Thai Engineering and Construction Public Company Limited",Thailand,BK,THB,"Common Stock",TH0307010Z09
STEC-R,"Sino-Thai Engineering and Construction Public Company Limited",Thailand,BK,THB,"Common Stock",TH0307010R17
STECH,"Siam Technic Concrete Public Company Limited",Thailand,BK,THB,"Common Stock",
STGT,"Sri Trang Gloves (Thailand) Public Company Limited",Thailand,BK,THB,"Common Stock",
STGT-R,"SRI TRANG GLOVES THAILA-NVDR",Thailand,BK,THB,"Common Stock",
STI,"Stonehenge Inter Public Company Limited",Thailand,BK,THB,"Common Stock",
STOWER,"Sky Tower Public Company Limited",Thailand,BK,THB,"Common Stock",
STP,"Sahathai Printing & Packaging PCL",Thailand,BK,THB,"Common Stock",
STPI,"STP&I Public Company Limited",Thailand,BK,THB,"Common Stock",TH0566B10Z08
SUC,"Saha-Union Public Company Limited",Thailand,BK,THB,"Common Stock",TH0010010005
SUN,"Sunsweet Public Company Limited",Thailand,BK,THB,"Common Stock",
SUPER,"Super Energy Corporation Public Company Limited",Thailand,BK,THB,"Common Stock",TH0833010Y05
SUPER-R,"Super Energy Corporation Public Company Limited",Thailand,BK,THB,"Common Stock",TH0833010R12
SUPEREIF,"Super Energy Power Plant Infrastructure Fund",Thailand,BK,THB,"Common Stock",
SUSCO,"Susco Public Company Limited",Thailand,BK,THB,"Common Stock",TH0202B10Z08
SUTHA,"Golden Lime PCL",Thailand,BK,THB,"Common Stock",TH5047010001
SVI,"SVI Public Company Limited",Thailand,BK,THB,"Common Stock",TH0152A10Z09
SVOA,"SVOA Public Company Limited",Thailand,BK,THB,"Common Stock",TH0365010Z07
SVR,"Sivarom Real Estate PCL",Thailand,BK,THB,"Common Stock",
SVT,"Sun Vending Technology PCL",Thailand,BK,THB,"Common Stock",
SWC,"Sherwood Corporation (Thailand) Public Company Limited",Thailand,BK,THB,"Common Stock",
SYMC,"Symphony Communication Public Company Limited",Thailand,BK,THB,"Common Stock",TH1044010003
SYNEX,"Synnex (Thailand) Public Company Limited",Thailand,BK,THB,"Common Stock",TH0981010000
SYNTEC,"Syntec Construction Public Company Limited",Thailand,BK,THB,"Common Stock",TH0357010Z04
TACC,"T.A.C. Consumer Public Company Limited",Thailand,BK,THB,"Common Stock",TH6897010000
TAE,"Thai Agro Energy Public Company Limited",Thailand,BK,THB,"Common Stock",TH3548010000
TAKUNI,"Takuni Group Public Company Limited",Thailand,BK,THB,"Common Stock",TH5762010004
TAPAC,"Tapaco Public Company Limited",Thailand,BK,THB,"Common Stock",TH0813010Z06
TASCO,"Tipco Asphalt Public Company Limited",Thailand,BK,THB,"Common Stock",TH0219010Z06
TASCO-R,"Tipco Asphalt Public Company Limited",Thailand,BK,THB,"Common Stock",
TC,"Tropical Canning (Thailand) Public Company Limited",Thailand,BK,THB,"Common Stock",TH0178A10Z09
TCAP,"Thanachart Capital Public Company Limited",Thailand,BK,THB,"Common Stock",TH0083B10Z02
TCAP-R,"Thanachart Capital Public Company Limited",Thailand,BK,THB,"Common Stock",TH0083010R14
TCC,"Thai Capital Corporation Public Company Limited",Thailand,BK,THB,"Common Stock",TH0226A10Z01
TCCC,"Thai Central Chemical Public Company Limited",Thailand,BK,THB,"Common Stock",TH0267010Z05
TCJ,"T.C.J. Asia Public Company Limited",Thailand,BK,THB,"Common Stock",TH0542010002
TCMC,"TCM Corporation Public Company Limited",Thailand,BK,THB,"Common Stock",TH0036010Y05
TCOAT,"Thai Coating Industrial Public Company Limited",Thailand,BK,THB,"Common Stock",TH0401010002
TDEX,"ThaiDex SET50 Exchange Traded Fund",Thailand,BK,THB,ETF,
TEAM,"Team Precision Public Company Limited",Thailand,BK,THB,"Common Stock",TH0640010003
TEAMG,"TEAM Consulting Engineering and Management Public Company Limited",Thailand,BK,THB,"Common Stock",
TEGH,"Thai Eastern Group Holdings PCL",Thailand,BK,THB,"Common Stock",
TEKA,"Teka Construction PCL",Thailand,BK,THB,"Common Stock",
TFFIF,"THAILAND FUTURE",Thailand,BK,THB,"Common Stock",
TFG,"Thaifoods Group Public Company Limited",Thailand,BK,THB,"Common Stock",TH6717010008
TFG-R,"Thaifoods Group Public Company Limited",Thailand,BK,THB,"Common Stock",
TFI,"Thai Film Industries Public Company Limited",Thailand,BK,THB,"Common Stock",TH0175A10Y03
TFM,"Thai Union Feedmill PCL",Thailand,BK,THB,"Common Stock",
TFMAMA,"Thai President Foods Public Company Limited",Thailand,BK,THB,"Common Stock",TH8223010001
TGE,"Thachang Green Energy PCL",Thailand,BK,THB,"Common Stock",
TGH,"Thai Group Holdings Public Company Limited",Thailand,BK,THB,"Common Stock",
TGPRO,"Thai-German Products Public Company Limited",Thailand,BK,THB,"Common Stock",TH0466B10Z09
TH,"Tong Hua Holding Public Company Limited",Thailand,BK,THB,"Common Stock",TH0236A10Y00
THANA,"Thanasiri Group Public Company Limited",Thailand,BK,THB,"Common Stock",TH1025010006
THANI,"Ratchthani Leasing Public Company Limited",Thailand,BK,THB,"Common Stock",TH0697010Z03
THANI-R,"Ratchthani Leasing Public Company Limited",Thailand,BK,THB,"Common Stock",TH0697010R11
THCOM,"Thaicom Public Company Limited",Thailand,BK,THB,"Common Stock",TH0380010Y07
THCOM-R,"Thaicom Public Company Limited",Thailand,BK,THB,"Common Stock",
THE,"The Steel Public Company Limited",Thailand,BK,THB,"Common Stock",TH0949B10Z06
THG,"Thonburi Healthcare Grp Pcl",Thailand,BK,THB,"Common Stock",TH7923010006
THG-R,"THONBURI HEALTHCARE GRO-NVDR",Thailand,BK,THB,"Common Stock",
THIP,"Thantawan Industry Public Company Limited",Thailand,BK,THB,"Common Stock",TH0449010Z09
THMUI,"Thai Mui Corporation Public Company Limited",Thailand,BK,THB,"Common Stock",TH8305010002
THRE,"Thai Reinsurance Public Company Limited",Thailand,BK,THB,"Common Stock",TH0322A10Z04
THREL,"Thaire Life Assurance Public Company Limited",Thailand,BK,THB,"Common Stock",TH4846010007
TIDLOR,"Ngern Tid Lor Public Company Limited",Thailand,BK,THB,"Common Stock",
TIF1,"Thai Industrial Fund 1",Thailand,BK,THB,"Common Stock",TH0848010003
TIGER,"Thai Enger Holding Public Company Limited",Thailand,BK,THB,"Common Stock",
TIPCO,"Tipco Foods Public Company Limited",Thailand,BK,THB,"Common Stock",TH0154010Y06
TIPH,"Dhipaya Group Holdings PCL",Thailand,BK,THB,"Common Stock",
TIPH-R,"DHIPAYA GROUP HOLDIN",Thailand,BK,THB,"Common Stock",
TISCO,"TISCO Financial Group Public Company Limited",Thailand,BK,THB,"Common Stock",TH0999010Z03
TITLE,"Rhom Bho Property Public Company Limited",Thailand,BK,THB,"Common Stock",TH8258010009
TK,"Thitikorn Public Company Limited",Thailand,BK,THB,"Common Stock",TH0736010008
TKC,"Turnkey Communication Services PCL",Thailand,BK,THB,"Common Stock",
TKN,"Taokaenoi Food & Marketing Public Company Limited",Thailand,BK,THB,"Common Stock",TH6927010004
TKS,"T.K.S. Technologies Public Company Limited",Thailand,BK,THB,"Common Stock",TH0749A10Z09
TKT,"T.Krungthai Industries Public Company Limited",Thailand,BK,THB,"Common Stock",TH0779010006
TLI,"Thai Life Insurance PCL",Thailand,BK,THB,"Common Stock",
TLI-R,"THAI LIFE INSURANCE PUBLIC COMPANY",Thailand,BK,THB,"Common Stock",
TM,"Techno Medical Public Company Limited",Thailand,BK,THB,"Common Stock",TH0922010Y06
TMC,"T.M.C. Industrial Public Company Limited",Thailand,BK,THB,"Common Stock",TH3876010002
TMD,"Thai Metal Drum Manufacturing Public Company Limited",Thailand,BK,THB,"Common Stock",TH0165010Z01
TMI,"Teera-Mongkol Industry Public Company Limited",Thailand,BK,THB,"Common Stock",TH1033010006
TMILL,"T S Flour Mill Public Company Limited",Thailand,BK,THB,"Common Stock",TH4016010001
TMT,"TMT Steel Public Company Limited",Thailand,BK,THB,"Common Stock",TH0826010Y09
TMW,"Thai Mitsuwa Public Company Limited",Thailand,BK,THB,"Common Stock",TH0740010002
TNDT,"Thai Nondestructive Testing Public Company Limited",Thailand,BK,THB,"Common Stock",TH0953010004
TNH,"Thai Nakarin Hospital Public Company Limited",Thailand,BK,THB,"Common Stock",TH0883010009
TNITY,"Trinity Watthana Public Company Limited",Thailand,BK,THB,"Common Stock",TH0695010007
TNL,"Thanulux Public Company Limited",Thailand,BK,THB,"Common Stock",TH0089010Z03
TNP,"Thanapiriya Public Company Limited",Thailand,BK,THB,"Common Stock",TH6881010008
TNPC,"Thai Nam Plastic Public Company Limited",Thailand,BK,THB,"Common Stock",TH0287010Z03
TNPF,"Trinity Freehold & Leasehold PRP Fund",Thailand,BK,THB,"Common Stock",TH1057010007
TNR,"Thai Nippon Rubber Industry Public Co. Ltd",Thailand,BK,THB,"Common Stock",TH7618010006
TOA,"TOA Paint (Thailand) Public Company Limited",Thailand,BK,THB,"Common Stock",TH8193010007
TOA-R,"TOA PAINT (THAILAND)",Thailand,BK,THB,"Common Stock",
TOG,"Thai Optical Group Public Company Limited",Thailand,BK,THB,"Common Stock",TH0899010001
TOP,"Thai Oil Public Company Limited",Thailand,BK,THB,"Common Stock",TH0796010005
TOP-R,"Thai Oil Public Company Limited",Thailand,BK,THB,"Common Stock",TH0796010R11
TOPP,"Thai O.P.P. Public Company Limited",Thailand,BK,THB,"Common Stock",TH0228010003
TPA,"Thai Poly Acrylic Public Company Limited",Thailand,BK,THB,"Common Stock",TH0457010Z02
TPAC,"Thai Plaspac Public Company Limited",Thailand,BK,THB,"Common Stock",TH0877010007
TPBI,"TPBI PCL",Thailand,BK,THB,"Common Stock",TH7114010005
TPCH,"TPC Power Holding Public Company Limited",Thailand,BK,THB,"Common Stock",TH6079010000
TPCS,"TPCS Public Company Limited",Thailand,BK,THB,"Common Stock",
TPIPL,"TPI Polene Public Company Limited",Thailand,BK,THB,"Common Stock",TH0212A10Z07
TPIPL-R,"TPI Polene Public Company Limited",Thailand,BK,THB,"Common Stock",TH0212010R19
TPIPP,"TPI Polene Power Public Company Limited",Thailand,BK,THB,"Common Stock",TH7534010007
TPIPP-R,"TPI POLENE POWER",Thailand,BK,THB,"Common Stock",
TPLAS,"Thai Plastic Industrial (1994) Public Company Limited",Thailand,BK,THB,"Common Stock",
TPOLY,"Thai Polycons Public Company Limited",Thailand,BK,THB,"Common Stock",TH0988010003
TPP,"Thai Packaging & Printing Public Company Limited",Thailand,BK,THB,"Common Stock",TH0205010000
TPRIME,"Thailand Prime Property Freehold and Leasehold Real Estate Investment Trust",Thailand,BK,THB,"Common Stock",TH7549010000
TPS,"The Practical Solution Public Company Limited",Thailand,BK,THB,"Common Stock",
TQM,"TQM Corporation Public Company Limited",Thailand,BK,THB,"Common Stock",
TQM-R,"TQM CORPORATION",Thailand,BK,THB,"Common Stock",
TQR,"TQR Public Company Limited",Thailand,BK,THB,"Common Stock",
TR,"Thai Rayon Public Company Limited",Thailand,BK,THB,"Common Stock",TH0075010Z02
TRC,"TRC Construction Public Company Limited",Thailand,BK,THB,"Common Stock",TH0890A10Z06
TRITN,"Triton Holding Public Company Limited",Thailand,BK,THB,"Common Stock",TH0470010Y06
TRT,"Tirathai Public Company Limited",Thailand,BK,THB,"Common Stock",TH0909010Z02
TRU,"Thai Rung Union Car Public Company Limited",Thailand,BK,THB,"Common Stock",TH0454A10Z04
TRUBB,"Thai Rubber Latex Group Public Company Limited",Thailand,BK,THB,"Common Stock",TH0249010Y04
TRUE,"True Corporation Public Company Limited",Thailand,BK,THB,"Common Stock",TH0375010Z06
TRUE-R,"True Corporation Public Company Limited",Thailand,BK,THB,"Common Stock",
TRV,"T.R.V. Rubber Products PCL",Thailand,BK,THB,"Common Stock",
TSC,"Thai Steel Cable Public Company Limited",Thailand,BK,THB,"Common Stock",TH0847010004
TSE,"Thai Solar Energy Public Company Limited",Thailand,BK,THB,"Common Stock",TH5976010006
TSI,"The Thai Setakij Insurance Public Company Limited",Thailand,BK,THB,"Common Stock",TH0220A10Z07
TSTE,"Thai Sugar Terminal Public Company Limited",Thailand,BK,THB,"Common Stock",TH0195A10Z08
TSTH,"Tata Steel (Thailand) Public Company Limited",Thailand,BK,THB,"Common Stock",TH0692010000
TTA,"Thoresen Thai Agencies Public Company Limited",Thailand,BK,THB,"Common Stock",TH0535010Z05
TTA-R,"Thoresen Thai Agencies Public Company Limited",Thailand,BK,THB,"Common Stock",TH0535010R13
TTB,"TMBThanachart Bank Public Company Limited",Thailand,BK,THB,"Common Stock",
TTCL,"TTCL Public Company Limited",Thailand,BK,THB,"Common Stock",TH1002010Y06
TTI,"Thai Textile Industry Public Company Limited",Thailand,BK,THB,"Common Stock",TH0103010003
TTLPF,"Talaad Thai Leasehold Property Fund",Thailand,BK,THB,"Common Stock",TH1039010000
TTT,"Toray Textiles (Thailand) Public Company Limited",Thailand,BK,THB,"Common Stock",
TTW,"TTW Public Company Limited",Thailand,BK,THB,"Common Stock",TH0961010Y04
TTW-R,"TTW Public Company Limited",Thailand,BK,THB,"Common Stock",TH0961010R11
TU,"Thai Union Group Public Company Limited",Thailand,BK,THB,"Common Stock",TH0450010Y08
TU-R,"Thai Union Group Public Company Limited",Thailand,BK,THB,"Common Stock",TH0450010R15
TURTLE,"Super Turtle PCL",Thailand,BK,THB,"Common Stock",
TVDH,"TVD Holdings PCL",Thailand,BK,THB,"Common Stock",
TVO,"Thai Vegetable Oil Public Company Limited",Thailand,BK,THB,"Common Stock",TH0209010Z07
TVO-R,"Thai Vegetable Oil Public Company Limited",Thailand,BK,THB,"Common Stock",TH0209010R15
TVT,"TV Thunder Public Company Limited",Thailand,BK,THB,"Common Stock",TH6472010003
TWP,"Thai Wire Products Public Company Limited",Thailand,BK,THB,"Common Stock",TH0163010Z06
TWPC,"Thai Wah Public Company Limited",Thailand,BK,THB,"Common Stock",TH6820010002
TWZ,"TWZ Corporation Public Company Limited",Thailand,BK,THB,"Common Stock",TH0867010Z02
TYCN,"Tycoons Worldwide Group (Thailand) Public Company Limited",Thailand,BK,THB,"Common Stock",TH0754A10Z01
UAC,"UAC Global Public Company Limited",Thailand,BK,THB,"Common Stock",TH1040010Y06
UBA,"Utility Business Alliance PCL",Thailand,BK,THB,"Common Stock",
UBE,"Ubon Bio Ethanol PCL",Thailand,BK,THB,"Common Stock",
UBIS,"Ubis (Asia) Public Company Limited",Thailand,BK,THB,"Common Stock",TH0943010007
UEC,"Unimit Engineering Public Company Limited",Thailand,BK,THB,"Common Stock",TH0874A10Z06
UKEM,"Union Petrochemical Public Company Limited",Thailand,BK,THB,"Common Stock",TH0927010Z04
UMI,"The Union Mosaic Industry Public Company Limited",Thailand,BK,THB,"Common Stock",TH0160010Z02
UMS,"Unique Mining Services Public Company Limited",Thailand,BK,THB,"Common Stock",TH0775010Z07
UNIQ,"Unique Engineering and Construction Public Company Limited",Thailand,BK,THB,"Common Stock",TH0933010009
UOBKH,"UOB Kay Hian Securities (Thailand) Public Company Limited",Thailand,BK,THB,"Common Stock",TH0870010004
UP,"Union Plastic Public Company Limited",Thailand,BK,THB,"Common Stock",TH0029010004
UPF,"Union Pioneer Public Company Limited",Thailand,BK,THB,"Common Stock",TH0031010000
UPOIC,"United Palm Oil Industry Public Company Limited",Thailand,BK,THB,"Common Stock",TH0227010Z09
URBNPF,"Urbana Property Fund",Thailand,BK,THB,"Common Stock",TH0956010001
UREKA,"Eureka Design Public Company Limited",Thailand,BK,THB,"Common Stock",TH4338010Z00
UTP,"United Paper Public Company Limited",Thailand,BK,THB,"Common Stock",TH0818010Z05
UV,"Univentures Public Company Limited",Thailand,BK,THB,"Common Stock",TH0136010Z02
UVAN,"Univanich Palm Oil Public Company Limited",Thailand,BK,THB,"Common Stock",TH0748010Z04
VARO,"Varopakorn Public Company Limited",Thailand,BK,THB,"Common Stock",TH0251010Z09
VCOM,"Vintcom Technology PCL",Thailand,BK,THB,"Common Stock",TH8343010006
VGI,"VGI Public Company Limited",Thailand,BK,THB,"Common Stock",TH3740010Y09
VGI-R,"VGI Public Company Limited",Thailand,BK,THB,"Common Stock",
VIBHA,"Vibhavadi Medical Center Public Company Limited",Thailand,BK,THB,"Common Stock",TH0295A10Z07
VIBHA-R,"Vibhavadi Medical Center Public Company Limited",Thailand,BK,THB,"Common Stock",
VIH,"Srivichaivejvivat Public Company Limited",Thailand,BK,THB,"Common Stock",TH3394010005
VL,"V.L. Enterprise Public Company Limited",Thailand,BK,THB,"Common Stock",
VNG,"Vanachai Group Public Company Limited",Thailand,BK,THB,"Common Stock",TH0533010Z00
VPO,"Vichitbhan Palmoil Public Company Limited",Thailand,BK,THB,"Common Stock",TH6052010001
VRANDA,"Veranda Resort Public Company Limited",Thailand,BK,THB,"Common Stock",
W,"Wow Factor PCL",Thailand,BK,THB,"Common Stock",
WACOAL,"Thai Wacoal Public Company Limited",Thailand,BK,THB,"Common Stock",TH0069010Z05
WARRIX,"Warrix Sport PCL",Thailand,BK,THB,"Common Stock",
WAVE,"Wave Entertainment Public Company Limited",Thailand,BK,THB,"Common Stock",TH0397A10Z04
WFX,"World Flex PCL",Thailand,BK,THB,"Common Stock",
WGE,"Well Graded Engineering Public Company Limited",Thailand,BK,THB,"Common Stock",
WHA,"WHA Corporation Public Company Limited",Thailand,BK,THB,"Common Stock",TH3871010Z01
WHA-R,"WHA Corporation Public Company Limited",Thailand,BK,THB,"Common Stock",TH3871010R19
WHABT,"WHA Business Complex Freehold and Leasehold Real Estate Investment Trust",Thailand,BK,THB,"Common Stock",TH6900010005
WHAIR,"WHA Industrial Leasehold REIT",Thailand,BK,THB,"Common Stock",
WHART,"WHA Premium Growth Freehold And Leasehold Real Estate Investment Trust",Thailand,BK,THB,"Common Stock",TH6141010004
WHAUP,"WHA Utilities and Power Public Company Limited",Thailand,BK,THB,"Common Stock",TH7846010Z09
WHAUP-R,"WHA UTILITIES AND PO",Thailand,BK,THB,"Common Stock",
WICE,"WICE Logistics PCL",Thailand,BK,THB,"Common Stock",TH6651010006
WIIK,"WIIK Public Company Limited",Thailand,BK,THB,"Common Stock",TH0549010Y07
WIN,"Wyncoast Industrial Park Public Company Limited",Thailand,BK,THB,"Common Stock",TH0188010Y04
WINMED,"Winnergy Medical Public Company Limited",Thailand,BK,THB,"Common Stock",
WINNER,"Winner Group Enterprise Public Company Limited",Thailand,BK,THB,"Common Stock",TH4877010009
WORK,"Workpoint Entertainment Public Company Limited",Thailand,BK,THB,"Common Stock",TH0788010005
WP,"Wp Energy Public Company Limited",Thailand,BK,THB,"Common Stock",TH6073010Z01
WPH,"Wattanapat Hospital Trang Public Company Limited",Thailand,BK,THB,"Common Stock",
XO,"Exotic Food Public Company Limited",Thailand,BK,THB,"Common Stock",TH5778010006
XPG,"XSpring Capital Public Company Limited",Thailand,BK,THB,"Common Stock",
YGG,"Yggdrazil Group Public Company Limited",Thailand,BK,THB,"Common Stock",
YONG,"Yong Concrete PCL",Thailand,BK,THB,"Common Stock",
YUASA,"Yuasa Battery (Thailand) Public Company Limited",Thailand,BK,THB,"Common Stock",TH0679010Z01
ZEN,"ZEN Corporation Group Public Company Limited",Thailand,BK,THB,"Common Stock",
ZIGA,"Ziga Innovation Public Company Limited",Thailand,BK,THB,"Common Stock",TH8102010007
