Code,Name,Country,Exchange,Currency,Type,Isin
ABI,"Anheuser Busch Inbev SA NV",Belgium,BR,EUR,"Common Stock",BE0974293251
ABO,"ABO Group",Belgium,BR,EUR,"Common Stock",BE0974278104
ACCB,Accentis,Belgium,BR,EUR,"Common Stock",BE0003696102
ACKB,"Ackermans & Van Haaren NV",Belgium,BR,EUR,"Common Stock",BE0003764785
AED,Aedifica,Belgium,BR,EUR,"Common Stock",BE0003851681
AGFB,"AGFA Gevaert NV",Belgium,BR,EUR,"Common Stock",BE0003755692
AGS,"ageas SA/NV",Belgium,BR,EUR,"Common Stock",BE0974264930
ARGX,Argen-X,Belgium,BR,EUR,"Common Stock",NL0010832176
ASCE,"Ascencio (D)",Belgium,BR,EUR,"Common Stock",BE0003856730
ATEB,"Atenor SA",Belgium,BR,EUR,"Common Stock",BE0003837540
AZE,"Azelis Group NV",Belgium,BR,EUR,"Common Stock",BE0974400328
BANI,"Banimmo SA",Belgium,BR,EUR,"Common Stock",BE0003870871
BAR,"Barco NV",Belgium,BR,EUR,"Common Stock",BE0974362940
BCART,"Biocartis Group NV",Belgium,BR,EUR,"Common Stock",BE0974281132
BE0941244536,"Etex SA",Belgium,BR,EUR,"Common Stock",BE0941244536
BEAB,"Immo-Beaulieu NV",Belgium,BR,EUR,ETF,
BEKB,"NV Bekaert SA",Belgium,BR,EUR,"Common Stock",BE0974258874
BEL,"Lyxor BEL 20 TR (DR) UCITS ETF Dist",Belgium,BR,EUR,ETF,FR0000021842
BIOS,"BioSenic S.A.",Belgium,BR,EUR,"Common Stock",BE0974280126
BNB,"Banque nationale de Belgique Société anonyme",Belgium,BR,EUR,"Common Stock",BE0003008019
BPOST,"Bpost NV",Belgium,BR,EUR,"Common Stock",BE0974268972
BREB,"Brederode SA",Belgium,BR,EUR,"Common Stock",LU1068091351
BTLS,"Biotalys NV",Belgium,BR,EUR,"Common Stock",BE0974386188
CAMB,Campine,Belgium,BR,EUR,"Common Stock",BE0003825420
CAND,"Candela Invest SA",Belgium,BR,EUR,"Common Stock",BE0974298300
CENER,"Cenergy Holdings SA",Belgium,BR,EUR,"Common Stock",BE0974303357
CFEB,"Compagnie d Entreprises CFE SA",Belgium,BR,EUR,"Common Stock",BE0003883031
COBH,"Brouwerij Handelsmaatschappij NV",Belgium,BR,EUR,"Common Stock",BE0003519270
COFB,"Cofinimmo SA",Belgium,BR,EUR,"Common Stock",BE0003593044
COLR,"Etablissementen Franz Colruyt NV",Belgium,BR,EUR,"Common Stock",BE0974256852
COMB,"Compagnie du Bois Sauvage SA",Belgium,BR,EUR,"Common Stock",BE0003592038
CPINV,"Care Property Invest NV",Belgium,BR,EUR,"Common Stock",BE0974273055
CYAD,"Celyad SA",Belgium,BR,EUR,"Common Stock",BE0974260896
DECB,Deceuninck,Belgium,BR,EUR,"Common Stock",BE0003789063
DEME,"DEME Group NV",Belgium,BR,EUR,"Common Stock",BE0974413453
DIE,"D'Ieteren Group SA",Belgium,BR,EUR,"Common Stock",BE0974259880
DIEG,"Immolease Trust NV",Belgium,BR,EUR,ETF,
ECONB,"Econocom Group SA/NV",Belgium,BR,EUR,"Common Stock",BE0974313455
EKOP,"Ekopak BV",Belgium,BR,EUR,"Common Stock",BE0974380124
ELI,"Elia Group SA/NV",Belgium,BR,EUR,"Common Stock",BE0003822393
EURN,"Euronav NV",Belgium,BR,EUR,"Common Stock",BE0003816338
EVS,"EVS Broadcast Equipment SA",Belgium,BR,EUR,"Common Stock",BE0003820371
EXM,"Exmar NV",Belgium,BR,EUR,"Common Stock",BE0003808251
FAGR,"Fagron NV",Belgium,BR,EUR,"Common Stock",BE0003874915
FLOB,Floridienne,Belgium,BR,EUR,"Common Stock",BE0003215143
FLUX,"Fluxys Belgium",Belgium,BR,EUR,"Common Stock",BE0974265945
FOU,Fountain,Belgium,BR,EUR,"Common Stock",BE0003752665
GBLB,"Groep Brussel Lambert NV",Belgium,BR,EUR,"Common Stock",BE0003797140
GIMB,"GIMV NV",Belgium,BR,EUR,"Common Stock",BE0003699130
GREEN,"Greenyard NV",Belgium,BR,EUR,"Common Stock",BE0003765790
HOMI,"Home Invest Belgium - Sifi",Belgium,BR,EUR,"Common Stock",BE0974409410
HYL,"Hyloris Developmentsen Sa",Belgium,BR,EUR,"Common Stock",BE0974363955
IBAB,"Ion Beam Applications SA",Belgium,BR,EUR,"Common Stock",BE0003766806
IEP,"Iep Invest",Belgium,BR,EUR,"Common Stock",BE0003748622
IMMO,Immobel,Belgium,BR,EUR,"Common Stock",BE0003599108
IMMOU,"Immo Moury SICAF Immobiliere Publique de Droit Belge",Belgium,BR,EUR,"Common Stock",BE0003893139
INCLU,Inclusio Sca,Belgium,BR,EUR,"Common Stock",BE0974374069
INGA,"ING Groep NV",Belgium,BR,EUR,"Common Stock",
INTO,"Intervest Offices - Ware",Belgium,BR,EUR,"Common Stock",BE0003746600
JEN,Jensen-Group,Belgium,BR,EUR,"Common Stock",BE0003858751
KBC,"KBC Groep NV",Belgium,BR,EUR,"Common Stock",BE0003565737
KBCA,"KBC Ancora",Belgium,BR,EUR,"Common Stock",BE0003867844
KEYW,"Keyware Technologies NV",Belgium,BR,EUR,"Common Stock",BE0003880979
KIN,"Kinepolis Group NV",Belgium,BR,EUR,"Common Stock",BE0974274061
LOTB,"Lotus Bakeries",Belgium,BR,EUR,"Common Stock",BE0003604155
MCC,"Immo Mcc NV",Belgium,BR,EUR,"Common Stock",BE0974287196
MDXH,Mdxhealth,Belgium,BR,EUR,"Common Stock",BE0003844611
MELE,"Melexis NV",Belgium,BR,EUR,"Common Stock",BE0165385973
MIKO,"Miko NV",Belgium,BR,EUR,"Common Stock",BE0003731453
MITRA,"Mithra Pharmaceuticals SA",Belgium,BR,EUR,"Common Stock",BE0974283153
MONT,"Montea C.V.A.",Belgium,BR,EUR,"Common Stock",BE0003853703
MOUR,"Moury Construct SA",Belgium,BR,EUR,"Common Stock",BE0003602134
NEXTA,"Nextensa NV",Belgium,BR,EUR,"Common Stock",BE0003770840
NYR,"Nyrstar NV",Belgium,BR,EUR,"Common Stock",BE0974294267
NYXH,Nyxoah,Belgium,BR,EUR,"Common Stock",BE0974358906
OBEL,"Orange Belgium SA",Belgium,BR,EUR,"Common Stock",BE0003735496
ONTEX,"Ontex Group NV",Belgium,BR,EUR,"Common Stock",BE0974276082
ONWD,"Onward Medical N.V.",Belgium,BR,EUR,"Common Stock",
OPTI,"Crescent NV",Belgium,BR,EUR,"Common Stock",BE0003836534
OXUR,"Oxurion NV",Belgium,BR,EUR,"Common Stock",BE0003846632
PAY,"Payton Planar Magnetics Ltd",Belgium,BR,EUR,"Common Stock",IL0010830391
PROX,"Proximus NV",Belgium,BR,EUR,"Common Stock",BE0003810273
QFG,"Quest For Growth - Pricaf",Belgium,BR,EUR,"Common Stock",BE0003730448
QRF,"QRF SCA",Belgium,BR,EUR,"Common Stock",BE0974272040
REC,Recticel,Belgium,BR,EUR,"Common Stock",BE0003656676
RET,"Retail Estates - Sicafi",Belgium,BR,EUR,"Common Stock",BE0003720340
ROCK,"Whitestone Group",Belgium,BR,EUR,"Common Stock",
ROU,Roularta,Belgium,BR,EUR,"Common Stock",BE0003741551
SCHD,"Scheerders van Kerchove's Verenigde fabrieken nv",Belgium,BR,EUR,"Common Stock",BE0012378593
SEQUA,"Sequana Medical NV",Belgium,BR,EUR,"Common Stock",BE0974340722
SHUR,"Shurgard Self Storage SA",Belgium,BR,EUR,"Common Stock",GG00BQZCBZ44
SIP,"Sipef NV",Belgium,BR,EUR,"Common Stock",BE0003898187
SMAR,"Smartphoto Group NV",Belgium,BR,EUR,"Common Stock",BE0974323553
SOF,"Sofina Société Anonyme",Belgium,BR,EUR,"Common Stock",BE0003717312
SOFT,"Softimat S.A.",Belgium,BR,EUR,"Common Stock",BE0003773877
SOLB,"Solvay SA",Belgium,BR,EUR,"Common Stock",BE0003470755
SOLV,"Solvac S.A.",Belgium,BR,EUR,"Common Stock",BE0003545531
SPA,"Société de Services de Participations de Direction et d'Elaboration",Belgium,BR,EUR,"Common Stock",BE0003798155
TESB,Tessenderlo,Belgium,BR,EUR,"Common Stock",BE0003555639
TEXF,"Texaf SA",Belgium,BR,EUR,"Common Stock",BE0974263924
TFA,"Telefónica S.A",Belgium,BR,EUR,"Common Stock",
TINC,"TINC Comm VA",Belgium,BR,EUR,"Common Stock",BE0974282148
TITC,"Titan Cement International SA",Belgium,BR,EUR,"Common Stock",BE0974338700
TNET,"Telenet Group Holding NV",Belgium,BR,EUR,"Common Stock",BE0003826436
TUB,Tubize-Fin,Belgium,BR,EUR,"Common Stock",BE0003823409
UCB,"UCB SA",Belgium,BR,EUR,"Common Stock",BE0003739530
UMI,"Umicore S.A.",Belgium,BR,EUR,"Common Stock",BE0974320526
UPG,"Unifiedpost Group SA",Belgium,BR,EUR,"Common Stock",BE0974371032
VAN,"Van de Velde NV",Belgium,BR,EUR,"Common Stock",BE0003839561
VASTB,"Vastned Retail Belgium",Belgium,BR,EUR,"Common Stock",BE0003754687
VGP,"VGP NV",Belgium,BR,EUR,"Common Stock",BE0003878957
VIO,"Viohalco S.A",Belgium,BR,EUR,"Common Stock",BE0974271034
WDP,"Warehouses de Pauw Comm VA",Belgium,BR,EUR,"Common Stock",BE0974349814
WEB,"Warehouses Estates Belgium SCA",Belgium,BR,EUR,"Common Stock",BE0003734481
WEHB,"Wereldhav B-Sicafi",Belgium,BR,EUR,"Common Stock",BE0003724383
WHATS,"What's Cooking Group NV/SA",Belgium,BR,EUR,"Common Stock",BE0003573814
XIOR,"Xior Student Housing NV",Belgium,BR,EUR,"Common Stock",BE0974288202
ZEN,"Immo-Zenobe Gramme SA",Belgium,BR,EUR,"Common Stock",BE0003809267
