Code,Name,Country,Exchange,Currency,Type,Isin
A1CAP,"A1 Capital Yatitim Menkul Degerler A.S.",Turkey,IS,TRY,"Common Stock",
ACSEL,"Aciselsan Acipayam Seluloz Sanayi Ve Ticaret AS",Turkey,IS,TRY,"Common Stock",TREACSS00017
ADEL,"Adel Kalemcilik Ticaret ve Sanayi AS",Turkey,IS,TRY,"Common Stock",TRAADELW91T1
ADESE,"Adese Gayrimenkul Yatirim AS",Turkey,IS,TRY,"Common Stock",TREADSE00015
AEFES,"Anadolu Efes Biracilik ve Malt Sanayi AS",Turkey,IS,TRY,"Common Stock",TRAAEFES91A9
AFYON,"Afyon Cimento Sanayi TAS",Turkey,IS,TRY,"Common Stock",TRAAFYON91F6
AGESA,"Agesa Hayat ve Emeklilik AS",Turkey,IS,TRY,"Common Stock",TRECUHE00018
AGHOL,"AG Anadolu Group Holding",Turkey,IS,TRY,"Common Stock",TRAYAZIC91Q6
AGYO,"Atakule Gayrimenkul Yatirim Ortakligi AS",Turkey,IS,TRY,"Common Stock",TRAAGYOW91Q2
AHGAZ,"Ahlatci Dogal Gaz Dagitim Enerji ve Yatirim A.S.",Turkey,IS,TRY,"Common Stock",
AKBNK,"Akbank TAS",Turkey,IS,TRY,"Common Stock",TRAAKBNK91N6
AKCNS,"Akcansa Cimento Sanayi ve Ticaret AS",Turkey,IS,TRY,"Common Stock",TRAAKCNS91F3
AKENR,"Akenerji Elektrik Uretim AS",Turkey,IS,TRY,"Common Stock",TRAAKENR91L9
AKFGY,"Akfen Gayrimenkul Yatirim Ortakligi AS",Turkey,IS,TRY,"Common Stock",TREAKFG00012
AKFYE,"Akfen Yenilenebilir Enerji A.S.",Turkey,IS,TRY,"Common Stock",
AKGRT,"AK Sigorta AS",Turkey,IS,TRY,"Common Stock",TRAAKGRT91O5
AKMGY,"Akmerkez Gayrimenkul Yatirim Ortakligi AS",Turkey,IS,TRY,"Common Stock",TREAKMG00018
AKSA,"Aksa Akrilik Kimya Sanayi AS",Turkey,IS,TRY,"Common Stock",TRAAKSAW91E1
AKSEN,"Aksa Enerji Uretim AS",Turkey,IS,TRY,"Common Stock",TREAKSN00011
AKSGY,"Akis Gayrimenkul Yatirim Ortakligi AS",Turkey,IS,TRY,"Common Stock",TREAIGY00017
AKSUE,"Aksu Enerji ve Ticaret AS",Turkey,IS,TRY,"Common Stock",TRAAKSUE91L2
AKYHO,"Akdeniz Yatirim Holding AS",Turkey,IS,TRY,"Common Stock",TREAKGH00018
ALARK,"Alarko Holding AS",Turkey,IS,TRY,"Common Stock",TRAALARK91Q0
ALBRK,"Albaraka Turk Katilim Bankasi AS",Turkey,IS,TRY,"Common Stock",TREALBK00011
ALCAR,"Alarko Carrier Sanayi ve Ticaret AS",Turkey,IS,TRY,"Common Stock",TRAALRSA91H2
ALCTL,"Alcatel Lucent Teletas Telekomunikasyon AS",Turkey,IS,TRY,"Common Stock",TRAALCTL91H9
ALFAS,"Alfas Solar Enerji Sanayi ve Ticaret A.S.",Turkey,IS,TRY,"Common Stock",
ALGYO,"Alarko Gayrimenkul Yatirim Ortakligi AS",Turkey,IS,TRY,"Common Stock",TRAALGYO91Q5
ALKA,"Alkim Kagit Sanayi ve Ticaret AS",Turkey,IS,TRY,"Common Stock",TRAALKAW91D8
ALKIM,"Alkim Alkali Kimya AS",Turkey,IS,TRY,"Common Stock",TRAALKIM91E0
ALMAD,"Altinyag Kombinalari AS",Turkey,IS,TRY,"Common Stock",TRAALYAG91A8
ANELE,"Anel Elektrik Proje Taahhut ve Ticaret AS",Turkey,IS,TRY,"Common Stock",TREAEPT00017
ANGEN,"Anatolia Tani ve Biyoteknoloji Urunleri Arastirma Gelistirme Sanayi ve Ticaret",Turkey,IS,TRY,"Common Stock",TREANGN00028
ANHYT,"Anadolu Hayat Emeklilik AS",Turkey,IS,TRY,"Common Stock",TRAANHYT91O3
ANSGR,"Anadolu Anonim Turk Sigorta Sti",Turkey,IS,TRY,"Common Stock",TRAANSGR91O1
ARASE,"Dogu Aras Enerji Yatirimlari AS",Turkey,IS,TRY,"Common Stock",TREARAS00039
ARCLK,"Arcelik AS",Turkey,IS,TRY,"Common Stock",TRAARCLK91H5
ARDYZ,"Ard Grup Bilisim Teknolojileri AS",Turkey,IS,TRY,"Common Stock",TREARDY00023
ARENA,"Arena Bilgisayar Sanayi ve Ticaret AS",Turkey,IS,TRY,"Common Stock",TRAARENA91U1
ARMDA,"Armada Bilgisayar Sistemleri Sanayi ve Ticaret AS",Turkey,IS,TRY,"Common Stock",TREARMD00010
ARSAN,"Arsan Tekstil Ticaret ve Sanayi AS",Turkey,IS,TRY,"Common Stock",TRAARSAN91B1
ARTI,"Arti Yatirim Holding AS",Turkey,IS,TRY,"Common Stock",TRETKYO00017
ARZUM,"Arzum Elektrikli Ev Aletleri Sanayi ve Ticaret AS",Turkey,IS,TRY,"Common Stock",TREAZEV00020
ASELS,"Aselsan Elektronik Sanayi ve Ticaret AS",Turkey,IS,TRY,"Common Stock",TRAASELS91H2
ASGYO,"Asce Gayrimenkul Yatirim Ortakligi A.S.",Turkey,IS,TRY,"Common Stock",
ASTOR,"Astor Enerji AS",Turkey,IS,TRY,"Common Stock",
ASUZU,"Anadolu Isuzu Otomotiv Sanayi ve Ticaret AS",Turkey,IS,TRY,"Common Stock",TRAASUZU91H4
ATAGY,"Ata Gayrimenkul Yatirim Ortakligi AS",Turkey,IS,TRY,"Common Stock",TRAATAYO91Q1
ATAKP,"Atakey Patates Gida Sanayi ve Ticaret A.S.",Turkey,IS,TRY,"Common Stock",
ATATP,"Atp Ticari Bilgisayar Agi ve Elektrik Guc Kaynaklari Uretim Pazarlama ve Ticaret",Turkey,IS,TRY,"Common Stock",TREATTP00023
ATEKS,"Akin Tekstil AS",Turkey,IS,TRY,"Common Stock",TRAATEKS91B5
ATLAS,"Atlas Menkul Kiymetler Yatirim Ortakligi AS",Turkey,IS,TRY,"Common Stock",TRAATLAS91Q9
ATSYH,"Atlantis Yatirim Holding AS",Turkey,IS,TRY,"Common Stock",TRAATSYO91Q3
AVGYO,"Avrasya Gayrimenkul Yatirim Ortakligi AS",Turkey,IS,TRY,"Common Stock",TRAAVRSY91Q2
AVHOL,"Avrupa Yatirim Holding AS",Turkey,IS,TRY,"Common Stock",TREBYTS00017
AVOD,"AVOD Kurutulmus Gida ve Tarim Urunleri Sanayi Ticaret AS",Turkey,IS,TRY,"Common Stock",TREAVOD00018
AVTUR,"Avrasya Petrol ve Turistik Tesisler Yatirimlar AS",Turkey,IS,TRY,"Common Stock",TREMRYO00017
AYCES,"Altin Yunus Cesme Turistik Tesisler AS",Turkey,IS,TRY,"Common Stock",TRAAYCES92K1
AYDEM,"Aydem Yenilenebilir Enerji AS",Turkey,IS,TRY,"Common Stock",TREAYDM00024
AYEN,"Ayen Enerji AS",Turkey,IS,TRY,"Common Stock",TRAAYENW91L0
AYES,"Ayes Celik Hasir ve Cit Sanayi AS",Turkey,IS,TRY,"Common Stock",TREAYES00011
AYGAZ,"Aygaz AS",Turkey,IS,TRY,"Common Stock",TRAAYGAZ91E0
AZTEK,"Aztek Teknoloji Urunleri Ticaret A.S.",Turkey,IS,TRY,"Common Stock",
BAGFS,"Bagfas Bandirma Gubre Fabrikalari AS",Turkey,IS,TRY,"Common Stock",TRABAGFS91E2
BAKAB,"Bak Ambalaj Sanayi ve Ticaret AS",Turkey,IS,TRY,"Common Stock",TRABAKAB91D3
BALAT,"Balatacilar Balatacilik Sanayi ve Ticaret AS",Turkey,IS,TRY,"Common Stock",TREBLTA00012
BANVT,"Banvit Bandirma Vitaminli Yem Sanayi AS",Turkey,IS,TRY,"Common Stock",TRABANVT92A9
BARMA,"Barem Ambalaj Sanayi ve Ticaret a.s.",Turkey,IS,TRY,"Common Stock",
BASCM,"Bastas Baskent Cimento Sanayi ve Ticaret AS",Turkey,IS,TRY,"Common Stock",TREBASC00013
BASGZ,"Baskent Dogalgaz Dagitim Gayrimenkul Yatirim Ortakligi AS",Turkey,IS,TRY,"Common Stock",TREBSGZ00037
BERA,"Bera Holding AS",Turkey,IS,TRY,"Common Stock",TREKMBH00014
BEYAZ,"Beyaz Filo Oto Kiralama AS",Turkey,IS,TRY,"Common Stock",TREBFOK00014
BFREN,"Bosch Fren Sistemleri Sanayi ve Ticaret AS",Turkey,IS,TRY,"Common Stock",TRABFREN91H5
BIENY,"Bien Yapi Urunleri Sanayi Turizm ve Ticaret A.S.",Turkey,IS,TRY,"Common Stock",
BIGCH,"Buyuk Sefler Gida Turizm",Turkey,IS,TRY,"Common Stock",
BIMAS,"BIM Birlesik Magazalar AS",Turkey,IS,TRY,"Common Stock",TREBIMM00018
BIOEN,"Biotrend Cevre ve Enerji Yatirimlari AS",Turkey,IS,TRY,"Common Stock",TREBION00012
BIZIM,"Bizim Toptan Satis Magazalari AS",Turkey,IS,TRY,"Common Stock",TREBZMT00017
BJKAS,"Besiktas Futbol Yatirimlari Sanayi ve Ticaret AS",Turkey,IS,TRY,"Common Stock",TRABJKAS91X6
BLCYT,"Bilici Yatirim Sanayi ve Ticaret AS",Turkey,IS,TRY,"Common Stock",TREBLCY00018
BMSCH,"BMS Celik Hasir Sanayi ve Ticaret AS",Turkey,IS,TRY,"Common Stock",TREBMSC00018
BMSTL,"Bms Birlesik Metal Sanayi ve Ticaret AS",Turkey,IS,TRY,"Common Stock",TREBMSM00017
BNTAS,"Bantas Bandirma Ambalaj Sanayi ve Ticaret AS",Turkey,IS,TRY,"Common Stock",TREBANT00026
BOBET,"Bogazici Beton Sanayi ve Ticaret AS",Turkey,IS,TRY,"Common Stock",TREBOBT00014
BOSSA,"Bossa Ticaret ve Sanayi Isletmeleri TAS",Turkey,IS,TRY,"Common Stock",TRABOSSA91B5
BRISA,"Brisa Bridgestone Sabanci Lastik Sanayi ve Ticaret AS",Turkey,IS,TRY,"Common Stock",TRABRISA91E3
BRKO,"Birko Birlesik Koyunlulular Mensucat Ticaret ve Sanayi AS",Turkey,IS,TRY,"Common Stock",TREBRKO00019
BRKSN,"Berkosan Yalitim ve Tecrit Maddeleri Uretim ve Ticaret AS",Turkey,IS,TRY,"Common Stock",TREBERK00010
BRKVY,"Birikim Varlik Yonetim A.S.",Turkey,IS,TRY,"Common Stock",
BRLSM,"Birlesim Muhendislik Isitma Sogutma Havalandirma Sanayi & Ticaret Sirketi AS",Turkey,IS,TRY,"Common Stock",TREBLSM00027
BRMEN,"Birlik Mensucat Ticaret ve Sanayi Isletmesi AS",Turkey,IS,TRY,"Common Stock",TRABRMEN91B4
BRSAN,"Borusan Mannesmann Boru Sanayi ve Ticaret AS",Turkey,IS,TRY,"Common Stock",TRABRSAN91G8
BRYAT,"Borusan Yatirim ve Pazarlama AS",Turkey,IS,TRY,"Common Stock",TRABRYAT91Q2
BSOKE,"Batisoke Soke Cimento Sanayi TAS",Turkey,IS,TRY,"Common Stock",TRABSOKE91F5
BTCIM,"Baticim Bati Anadolu Cimento Sanayi AS",Turkey,IS,TRY,"Common Stock",TRABTCIM91F5
BUCIM,"Bursa Cimento Fabrikasi AS",Turkey,IS,TRY,"Common Stock",TRABUCIM91F3
BURCE,"Burcelik Bursa Celik Dokum Sanayi AS",Turkey,IS,TRY,"Common Stock",TRABURCE91G9
BURVA,"Burcelik Vana Sanayi ve Ticaret AS",Turkey,IS,TRY,"Common Stock",TREBRVN00018
BVSAN,"BVS AS",Turkey,IS,TRY,"Common Stock",
BYDNR,"Baydoner Restoranlari A.S.",Turkey,IS,TRY,"Common Stock",
CANTE,"Can2 Termik AS",Turkey,IS,TRY,"Common Stock",TRECAN200011
CASA,"Casa Emtia Petrol Kimyevi ve Turevleri Sanayi ve Ticaret AS",Turkey,IS,TRY,"Common Stock",TREKRSS00014
CCOLA,"Coca-Cola Icecek AS",Turkey,IS,TRY,"Common Stock",TRECOLA00011
CELHA,"Celik Halat ve Tel Sanayi AS",Turkey,IS,TRY,"Common Stock",TRACELHA91G1
CEMAS,"Cemas Dokum Sanayi AS",Turkey,IS,TRY,"Common Stock",TRECMAS00010
CEMTS,"Cemtas Celik Makina Sanayi ve Ticaret AS",Turkey,IS,TRY,"Common Stock",TRACEMTS91G6
CEOEM,"CEO Event Medya AS",Turkey,IS,TRY,"Common Stock",TRECEOM00011
CIMSA,"Cimsa Cimento Sanayi ve Ticaret AS",Turkey,IS,TRY,"Common Stock",TRACIMSA91F9
CLEBI,"Celebi Hava Servisi AS",Turkey,IS,TRY,"Common Stock",TRACLEBI91M5
CMBTN,"Cimbeton Hazirbeton ve Prefabrik Yapi Elemanlari Sanayi ve Ticaret AS",Turkey,IS,TRY,"Common Stock",TRACMBTN91F5
CMENT,"Cimentas Izmir Cimento Fabrikasi TAS",Turkey,IS,TRY,"Common Stock",TRACMENT91F9
CONSE,"Consus Enerji Isletmeciligi ve Hizmetleri AS",Turkey,IS,TRY,"Common Stock",TRECONS00019
COSMO,"Cosmos Yatirim Holding AS",Turkey,IS,TRY,"Common Stock",TRABUMYO91Q2
CRDFA,"Creditwest Faktoring AS",Turkey,IS,TRY,"Common Stock",TRATPFAC91P5
CRFSA,"CarrefourSA Carrefour Sabanci Ticaret Merkezi AS",Turkey,IS,TRY,"Common Stock",TRECARF00032
CUSAN,"Cuhadaroglu Metal Sanayi ve Pazarlama AS",Turkey,IS,TRY,"Common Stock",TRECUHA00016
CVKMD,"CVK Maden Isletmeleri Sanayi ve Ticaret A.S.",Turkey,IS,TRY,"Common Stock",
CWENE,"CW Enerji SA",Turkey,IS,TRY,"Common Stock",
DAGHL,"Dagi Yatirim Holding AS",Turkey,IS,TRY,"Common Stock",TRATACYO91Q7
DAGI,"Dagi Giyim Sanayi ve Ticaret AS",Turkey,IS,TRY,"Common Stock",TREDAGI00011
DAPGM,"Dap Gayrimenkul Gelistirme AS",Turkey,IS,TRY,"Common Stock",TREDAPG00032
DARDL,"Dardanel Onentas Gida Sanayi AS",Turkey,IS,TRY,"Common Stock",TRADARDL91A3
DENGE,"Denge Yatirim Holding AS",Turkey,IS,TRY,"Common Stock",TREDNGH00016
DERHL,"Derluks Yatirim Holding AS",Turkey,IS,TRY,"Common Stock",
DERIM,"Derimod Konfeksiyon Ayakkabi Deri Sanayi ve Ticaret AS",Turkey,IS,TRY,"Common Stock",TRADERIM91B0
DESA,"Desa Deri Sanayi ve Ticaret AS",Turkey,IS,TRY,"Common Stock",TREDESA00015
DESPC,"Despec Bilgisayar Pazarlama ve Ticaret AS",Turkey,IS,TRY,"Common Stock",TREDSPC00017
DEVA,"Deva Holding AS",Turkey,IS,TRY,"Common Stock",TRADEVAW91E2
DGATE,"Datagate Bilgisayar Malzemeleri Ticaret AS",Turkey,IS,TRY,"Common Stock",TREDGTE00010
DGGYO,"Dogus Gayrimenkul Yatirim Ortakligi AS",Turkey,IS,TRY,"Common Stock",TRAOSGYO91Q1
DGNMO,"Doganlar Mobilya Grubu Imalat Sanayi ve Ticaret AS",Turkey,IS,TRY,"Common Stock",TRAKLBMO91C0
DIRIT,"Diriteks Dirilis Tekstil Sanayi ve Ticaret AS",Turkey,IS,TRY,"Common Stock",TREDRTK00014
DITAS,"Ditas Dogan Yedek Parca Imalat ve Teknik AS",Turkey,IS,TRY,"Common Stock",TRADITAS91H8
DMSAS,"Demisas Dokum Emaye Mamulleri Sanayi AS",Turkey,IS,TRY,"Common Stock",TRADMSAS91E9
DNISI,"Dinamik Isi Makina Yalitim Malzemeleri Sanayi ve Ticaret AS",Turkey,IS,TRY,"Common Stock",TREDIMY00027
DOAS,"Dogus Otomotiv Servis ve Ticaret AS",Turkey,IS,TRY,"Common Stock",TREDOTO00013
DOBUR,"Dogan Burda Dergi Yayincilik ve Pazarlama AS",Turkey,IS,TRY,"Common Stock",TRADOBUR91D3
DOCO,"DO & CO AG",Turkey,IS,TRY,"Common Stock",AT0000818802
DOGUB,"Dogusan Boru Sanayi ve Ticaret AS",Turkey,IS,TRY,"Common Stock",TRADOGUB92F9
DOHOL,"Dogan Sirketler Grubu Holding AS",Turkey,IS,TRY,"Common Stock",TRADOHOL91Q8
DOKTA,"Doktas Dokumculuk Ticaret ve Sanayi AS",Turkey,IS,TRY,"Common Stock",TRADOKTS91G7
DURDO,"Duran-Dogan Basim ve Ambalaj Sanayi AS",Turkey,IS,TRY,"Common Stock",TRADUROF91D4
DYOBY,"DYO Boya Fabrikalari Sanayi ve Ticaret AS",Turkey,IS,TRY,"Common Stock",TRAYASAS91E0
DZGYO,"Deniz Gayrimenkul Yatirim Ortakligi AS",Turkey,IS,TRY,"Common Stock",TRADMRYO91Q4
ECILC,"EIS Eczacibasi Ilac Sinai ve Finansal Yatirimlar Sanayi ve Ticaret AS",Turkey,IS,TRY,"Common Stock",TRAECILC91E0
ECZYT,"Eczacibasi Yatirim Holding Ortakligi AS",Turkey,IS,TRY,"Common Stock",TRAECZYT91Q5
EDATA,"E-Data Teknoloji Pazarlama AS",Turkey,IS,TRY,"Common Stock",TREEDTA00021
EDIP,"Edip Gayrimenkul Yatirim Sanayi ve Ticaret AS",Turkey,IS,TRY,"Common Stock",TRAEDIPW91B3
EGCYH,"Egeli & Co Yatirim Holding AS",Turkey,IS,TRY,"Common Stock",TRAVARYO91Q1
EGCYO,"Egeli & Co. Agriculture Investment Trust Inc",Turkey,IS,TRY,"Common Stock",TRAEVREN91Q7
EGEEN,"Ege Endustri ve Ticaret AS",Turkey,IS,TRY,"Common Stock",TRAEGEEN91H5
EGEPO,"Nasmed Ozel Saglik Hizmetleri Ticaret AS",Turkey,IS,TRY,"Common Stock",TRENSMD00029
EGGUB,"Ege Gubre Sanayi AS",Turkey,IS,TRY,"Common Stock",TRAEGGUB91E8
EGPRO,"Ege Profil Ticaret ve Sanayi AS",Turkey,IS,TRY,"Common Stock",TRAEGPRO91E8
EGSER,"Ege Seramik Sanayi ve Ticaret AS",Turkey,IS,TRY,"Common Stock",TRAEGSER91F0
EKGYO,"Emlak Konut Gayrimenkul Yatirim Ortakligi AS",Turkey,IS,TRY,"Common Stock",TREEGYO00017
EKIZ,"Ekiz Kimya Sanayi ve Ticaret AS",Turkey,IS,TRY,"Common Stock",TREEKIZ00018
EKSUN,"Eksun Gida Tarim Sanayi ve Ticaret A.S.",Turkey,IS,TRY,"Common Stock",
ELITE,"Elite Naturel Organik Gida Sanayi ve Ticaret AS",Turkey,IS,TRY,"Common Stock",TREELIT00019
EMKEL,"EMEK Elektrik Endustrisi AS",Turkey,IS,TRY,"Common Stock",TRAEMKEL91L6
EMNIS,"Eminis Ambalaj Sanayi ve Ticaret AS",Turkey,IS,TRY,"Common Stock",TRAEMNIS91E1
ENERY,"Enerya Enerji Anonim Sirketi",Turkey,IS,TRY,"Common Stock",
ENJSA,"Enerjisa Enerji AS",Turkey,IS,TRY,"Common Stock",TREENSA00014
ENKAI,"ENKA Insaat ve Sanayi AS",Turkey,IS,TRY,"Common Stock",TREENKA00011
ENSRI,"Ensari Deri Gida Sanayi ve Ticaret AS",Turkey,IS,TRY,"Common Stock",TREENSR00026
EPLAS,"Egeplast Ege Plastik Ticaret ve Sanayi AS",Turkey,IS,TRY,"Common Stock",TRAEPLAS91E5
ERBOS,"Erbosan Erciyas Boru Sanayi Ve Ticaret AS",Turkey,IS,TRY,"Common Stock",TRAERBOS91G8
ERCB,"Erciyas Celik Boru Sanayi A.S.",Turkey,IS,TRY,"Common Stock",TREERCY00027
EREGL,"Eregli Demir ve Celik Fabrikalari TAS",Turkey,IS,TRY,"Common Stock",TRAEREGL91G3
ERSU,"ERSU Meyve ve Gida Sanayi AS",Turkey,IS,TRY,"Common Stock",TRAERSUW91A4
ESCAR,"Escar Turizm Tasimacilik Ticaret AS",Turkey,IS,TRY,"Common Stock",TREESCR00029
ESCOM,"Escort Teknoloji Yatirim AS",Turkey,IS,TRY,"Common Stock",TRAESCOM91U8
ESEN,"Esenboga Elektrik Uretim AS",Turkey,IS,TRY,"Common Stock",TREESEN00024
ETILR,"Etiler İnci Bufe Gida Sanayi ve Dis Ticaret AS",Turkey,IS,TRY,"Common Stock",TREEIBG00017
ETYAT,"Euro Trend Yatirim Ortakligi AS",Turkey,IS,TRY,"Common Stock",TREEUTY00017
EUHOL,"Euro Yatirim Holding AS",Turkey,IS,TRY,"Common Stock",TREEUYM00012
EUKYO,"Euro Kapital Yatirim Ortakligi AS",Turkey,IS,TRY,"Common Stock",TREEKYO00019
EUPWR,"Europower Enerji ve Otomasyon Teknolojileri Sanayi Ticaret A.S.",Turkey,IS,TRY,"Common Stock",
EUREN,"Europen Endustri Insaat Sanayi ve Ticaret A.S.",Turkey,IS,TRY,"Common Stock",
EUYO,"Euro Menkul Kiymet Yatirim Ortakligi AS",Turkey,IS,TRY,"Common Stock",TREEURY00011
EYGYO,"EYG Gayrimenkul Yatirim Ortakligi A.S.",Turkey,IS,TRY,"Common Stock",
FADE,"Fade Gida Yatirim Sanayi Ticaret As",Turkey,IS,TRY,"Common Stock",TREFADE00012
FENER,"Fenerbahce Futbol AS",Turkey,IS,TRY,"Common Stock",TREFBAH00019
FLAP,"Flap Kongre Toplanti Hizmetleri Otomotiv ve Turizm AS",Turkey,IS,TRY,"Common Stock",TREFLAP00011
FMIZP,"Federal Mogul Izmit Piston ve Pim Uretim Tesisleri AS",Turkey,IS,TRY,"Common Stock",TRAISTMP91H7
FONET,"Fonet Bilgi Teknolojileri AS",Turkey,IS,TRY,"Common Stock",TREFONT00010
FORMT,"Formet Celik Kapi Sanayi ve Ticaret AS",Turkey,IS,TRY,"Common Stock",TREFRMT00015
FORTE,"Forte Bilgi Iletisim Teknologjileri ve Savunma Sanayi A.S.",Turkey,IS,TRY,"Common Stock",
FRIGO,"Frigo-Pak Gida Maddeleri Sanayi ve Ticaret AS",Turkey,IS,TRY,"Common Stock",TRAFRIGO91A8
FROTO,"Ford Otomotiv Sanayi AS",Turkey,IS,TRY,"Common Stock",TRAOTOSN91H6
GARAN,"Turkiye Garanti Bankasi A.S.",Turkey,IS,TRY,"Common Stock",TRAGARAN91N1
GARFA,"Garanti Faktoring AS",Turkey,IS,TRY,"Common Stock",TRAAKFIN91P6
GEDIK,"Gedik Yatirim Menkul Degerler AS",Turkey,IS,TRY,"Common Stock",TREGDKM00012
GEDZA,"Gediz Ambalaj Sanayi ve Ticaret AS",Turkey,IS,TRY,"Common Stock",TREGDZA00015
GENIL,"Gen Ilac ve Saglik Urunleri Sanayi ve Ticaret AS",Turkey,IS,TRY,"Common Stock",TREGENL00024
GENTS,"Gentas Genel Metal Sanayi ve Ticaret AS",Turkey,IS,TRY,"Common Stock",TRAGENTS91C4
GEREL,"Gersan Elektrik Ticaret ve Sanayi AS",Turkey,IS,TRY,"Common Stock",TREGREL00017
GESAN,"Girisim Elektrik Taahhut Ticaret & Sanayi AS",Turkey,IS,TRY,"Common Stock",TREGESN00029
GLBMD,"Global Menkul Degerler AS",Turkey,IS,TRY,"Common Stock",TREGLMK00015
GLCVY,"Gelecek Varlik Yonetimi AS",Turkey,IS,TRY,"Common Stock",TREGVYO00011
GLRYH,"Guler Yatirim Holding AS",Turkey,IS,TRY,"Common Stock",TREBSKY00016
GLYHO,"Global Yatirim Holding AS",Turkey,IS,TRY,"Common Stock",TRAGLMDE91R3
GMTAS,"Gimat Magazacilik Sanayi ve Ticaret AS",Turkey,IS,TRY,"Common Stock",TREGMAT00027
GOKNR,"Goknur Gida Maddeleri Enerji Imalati Ithalat Ihracat Ticaret ve Sanayi A.S.",Turkey,IS,TRY,"Common Stock",
GOLTS,"Goltas Goller Bolgesi Cimento Sanayi ve Ticaret AS",Turkey,IS,TRY,"Common Stock",TRAGOLTS91F0
GOODY,"Goodyear Lastikleri TAS",Turkey,IS,TRY,"Common Stock",TRAGOODY91E9
GOZDE,"Gozde Girisim Sermayesi Yatirim Ortakligi AS",Turkey,IS,TRY,"Common Stock",TREGZDF00014
GRNYO,"Garanti Yatirim Ortakligi AS",Turkey,IS,TRY,"Common Stock",TRAGRNYO91Q5
GRSEL,"GurSel Turizm Tasimacilik Ve Servis Ticaret AS",Turkey,IS,TRY,"Common Stock",TREGRSL00025
GRTRK,"Grainturk Tarim A.S.",Turkey,IS,TRY,"Common Stock",
GSDDE,"GSD Denizcilik Gayrimenkul Insaat Sanayi ve Ticaret AS",Turkey,IS,TRY,"Common Stock",TRARANTL91P6
GSDHO,"GSD Holding AS",Turkey,IS,TRY,"Common Stock",TRAGSDHO91Q9
GSRAY,"Galatasaray Sportif Sinai ve Ticari Yatirimlar AS",Turkey,IS,TRY,"Common Stock",TRAGSRAY91X9
GUBRF,"Gubre Fabrikalari TAS",Turkey,IS,TRY,"Common Stock",TRAGUBRF91E2
GWIND,"Galata Wind Enerji Anonim Sirket",Turkey,IS,TRY,"Common Stock",TREGWIN00014
GZNMI,"Gezinomi Seyahat Turizm Ticaret AS",Turkey,IS,TRY,"Common Stock",TREGZNM00027
HALKB,"Turkiye Halk Bankasi",Turkey,IS,TRY,"Common Stock",TRETHAL00019
HALKS,"Halk Sigorta A.S",Turkey,IS,TRY,"Common Stock",TREHLSG00018
HATEK,"Hateks Hatay Tekstil Isletmeleri AS",Turkey,IS,TRY,"Common Stock",TREHTKS00013
HDFGS,"Hedef Girisim Sermayesi",Turkey,IS,TRY,"Common Stock",TREHEDF00017
HEDEF,"Hedef Holdings AS",Turkey,IS,TRY,"Common Stock",TREHDEF00017
HEKTS,"Hektas Ticaret TAS",Turkey,IS,TRY,"Common Stock",TRAHEKTS91E4
HKTM,"Hidropar Hareket Kontrol Teknolojileri Merkezi Sanayi ve Ticaret A.S.",Turkey,IS,TRY,"Common Stock",
HLGYO,"Halk Gayrimenkul Yatirim Ortakligi AS",Turkey,IS,TRY,"Common Stock",TREHLGY00016
HTTBT,"Hitit Bilgisayar Hizmetleri AS",Turkey,IS,TRY,"Common Stock",TREHTTB00036
HUNER,"Hun Yenilenebilir Enerji Uretim AS",Turkey,IS,TRY,"Common Stock",TREHUNR00025
HURGZ,"Hurriyet Gazetecilik ve Matbaacilik AS",Turkey,IS,TRY,"Common Stock",TRAHURGZ91D9
ICBCT,"ICBC Turkey Bank AS",Turkey,IS,TRY,"Common Stock",TRATEKST91N0
IDEAS,"Idealist Danismanlik AS",Turkey,IS,TRY,"Common Stock",
IDGYO,"Idealist Gayrimenkul Yatirim Ortakligi AS",Turkey,IS,TRY,"Common Stock",TREIDGY00011
IEYHO,"Isiklar Enerji ve Yapi Holding AS",Turkey,IS,TRY,"Common Stock",TRAMTEKS91B0
IHAAS,"Ihlas Haber Ajansi AS",Turkey,IS,TRY,"Common Stock",TREIHAS00025
IHEVA,"Ihlas Ev Aletleri Imalat Sanayi ve Ticaret AS",Turkey,IS,TRY,"Common Stock",TRAIHEVA91H5
IHGZT,"Ihlas Gazetecilik AS",Turkey,IS,TRY,"Common Stock",TREIHGZ00019
IHLAS,"Ihlas Holding AS",Turkey,IS,TRY,"Common Stock",TRAIHLAS91D5
IHLGM,"Ihlas Gayrimenkul Proje Gelistirme ve Ticaret AS",Turkey,IS,TRY,"Common Stock",TRAOKANT91B5
IHYAY,"Ihlas Yayin Holding A.S.",Turkey,IS,TRY,"Common Stock",TREIHYA00015
IMASM,"Imas Makina Sanayi AS",Turkey,IS,TRY,"Common Stock",TREIMAS00017
INDES,"Indeks Bilgisayar Sistemleri Muhendislik Sanayi ve Ticaret AS",Turkey,IS,TRY,"Common Stock",TREINDX00019
INFO,"Info Yatirim AS",Turkey,IS,TRY,"Common Stock",TREINFM00017
INGRM,"Ingram Micro Bilisim Sistemleri A.S.",Turkey,IS,TRY,"Common Stock",
INTEM,"Intema Insaat ve Tesisat Malzemeleri Yatirim ve Pazarlama AS",Turkey,IS,TRY,"Common Stock",TRAINTEM91I0
INVEO,"Inveo Yatirim Holding AS",Turkey,IS,TRY,"Common Stock",TRAGDKYO91Q1
INVES,"Investco Holding AS",Turkey,IS,TRY,"Common Stock",TREINVS00029
IPEKE,"Ipek Dogal Enerji Kaynaklari Arastirma ve Uretim AS",Turkey,IS,TRY,"Common Stock",TRAIPMAT92D2
ISATR,"Turkiye Is Bankasi AS Class A",Turkey,IS,TRY,"Common Stock",TRAISATR91N6
ISBIR,"Isbir Holding AS",Turkey,IS,TRY,"Common Stock",TREISBR00014
ISBTR,"Turkiye Is Bankasi AS Class B",Turkey,IS,TRY,"Common Stock",TRAISBTR91N4
ISCTR,"Turkiye Is Bankasi AS Class C",Turkey,IS,TRY,"Common Stock",TRAISCTR91N2
ISDMR,"Iskenderun Demir ve Celik AS",Turkey,IS,TRY,"Common Stock",TREISDC00020
ISFIN,"Is Finansal Kiralama AS",Turkey,IS,TRY,"Common Stock",TRAISGEN91P9
ISGSY,"Is Girisim Sermayesi Yatirim Ortakligi AS",Turkey,IS,TRY,"Common Stock",TREIGSY00019
ISGYO,"Is Gayrimenkul Yatirim Ortakligi AS",Turkey,IS,TRY,"Common Stock",TRAISGYO91Q3
ISKPL,"Isik Plastik Sanayi ve Dis Ticaret Pazarlama AS",Turkey,IS,TRY,"Common Stock",TREISKP00027
ISKUR,"Turkiye Is Bankasi",Turkey,IS,TRY,"Common Stock",TRAISKUR91N3
ISMEN,"Is Yatirim Menkul Degerler AS",Turkey,IS,TRY,"Common Stock",TREISMD00011
ISSEN,"Isbir Sentetik Dokuma Sanayi AS",Turkey,IS,TRY,"Common Stock",TREISBS00012
ISYAT,"Is Yatirim Ortakligi AS",Turkey,IS,TRY,"Common Stock",TRAISYAT91Q5
ITTFH,"Ittifak Holding AS",Turkey,IS,TRY,"Common Stock",TREITFK00018
IZENR,"IZDEMIR Enerji Elektrik Uretim A.S.",Turkey,IS,TRY,"Common Stock",
IZFAS,"Izmir Firca Sanayi ve Ticaret",Turkey,IS,TRY,"Common Stock",TREIFIR00016
IZINV,"Iz Hayvancilik Tarim ve Gida Sanayi Ticaret AS",Turkey,IS,TRY,"Common Stock",TREIZTA00017
IZMDC,"Izmir Demir Celik Sanayi AS",Turkey,IS,TRY,"Common Stock",TRAIZMDC91G6
IZOCM,"Izocam Ticaret ve Sanayi Anonim Sirketi",Turkey,IS,TRY,"Common Stock",TRAIZOCM91F5
JANTS,"Jantsa Jant Sanayi ve Ticaret AS",Turkey,IS,TRY,"Common Stock",TREJANT00011
KAPLM,"Kaplamin Ambalaj Sanayi ve Ticaret AS",Turkey,IS,TRY,"Common Stock",TRAKAPLM91D7
KAREL,"Karel Elektronik Sanayi ve Ticaret AS",Turkey,IS,TRY,"Common Stock",TREKREL00019
KARSN,"Karsan Otomotiv Sanayi ve Ticaret AS",Turkey,IS,TRY,"Common Stock",TRAKARSN91H7
KARTN,"Kartonsan Karton Sanayi ve Ticaret AS",Turkey,IS,TRY,"Common Stock",TRAKARTN91D4
KARYE,"Kartal Yenilenebilir Enerji Uretim AS",Turkey,IS,TRY,"Common Stock",TREKARY00028
KATMR,"Katmerciler Arac Ustu Ekipman Sanayi ve Ticaret AS",Turkey,IS,TRY,"Common Stock",TREKTMR00015
KAYSE,"Kayseri Seker Fabrikasi AS",Turkey,IS,TRY,"Common Stock",
KCAER,"Kocaer Celik Sanayi ve Ticaret A.S.",Turkey,IS,TRY,"Common Stock",
KCHOL,"Koc Holding AS",Turkey,IS,TRY,"Common Stock",TRAKCHOL91Q8
KENT,"Kent Gida Maddeleri Sanayi ve Ticaret AS",Turkey,IS,TRY,"Common Stock",TRAKENTW91A2
KERVN,"Kervansaray Yatirim Holding AS",Turkey,IS,TRY,"Common Stock",TRACEYLN91B0
KERVT,"Kerevitas Gida Sanayi ve Ticaret AS",Turkey,IS,TRY,"Common Stock",TRAKERVT91A5
KFEIN,"Kafein Yazilim",Turkey,IS,TRY,"Common Stock",TREKFIN00037
KGYO,"Yapi Kredi Koray Gayrimenkul Yatirim Ortakligi AS",Turkey,IS,TRY,"Common Stock",TRAYKGYO91Q7
KIMMR,"Ersan Alisveris Hizmetleri & Gida Sanayi Ticaret AS",Turkey,IS,TRY,"Common Stock",TREERSN00026
KLGYO,"Kiler Gayrimenkul Yatirim Ortakligi AS",Turkey,IS,TRY,"Common Stock",TREKGYO00014
KLKIM,"Kalekim Kimyevi Maddeler Sanayi & Ticaret AS",Turkey,IS,TRY,"Common Stock",TREKLKM00025
KLMSN,"Klimasan Klima Sanayi ve Ticaret AS",Turkey,IS,TRY,"Common Stock",TRAKLMSN91H5
KLNMA,"Turkiye Kalkinma Bankasi AS",Turkey,IS,TRY,"Common Stock",TRATKBNK91N6
KLRHO,"Kiler Holding A.S.",Turkey,IS,TRY,"Common Stock",
KLSER,"Kaleseramik Canakkale Kalebodur Seramik Sanayi A.S.",Turkey,IS,TRY,"Common Stock",
KLSYN,"Koleksiyon Mobilya Sanayi AS",Turkey,IS,TRY,"Common Stock",TREKLSN00026
KMPUR,"Kimteks Poliuretan Sanayi ve Ticaret AS",Turkey,IS,TRY,"Common Stock",TREKMPU00017
KNFRT,"Konfrut Gida Sanayi ve Ticaret AS",Turkey,IS,TRY,"Common Stock",TRAKNFRT91A9
KONKA,"Konya Kagit Sanayi ve Ticaret AS",Turkey,IS,TRY,"Common Stock",TREKNKA00026
KONTR,"Kontrolmatik Teknoloji Enerji ve Mu",Turkey,IS,TRY,"Common Stock",TREKNTR00013
KONYA,"Konya Cimento Sanayi AS",Turkey,IS,TRY,"Common Stock",TRAKONYA91F6
KOPOL,"Koza Polyester Sanayi ve Ticaret A.S.",Turkey,IS,TRY,"Common Stock",
KORDS,"Kordsa Global Endustriyel Iplik ve Kord Bezi Sanayi ve Ticaret AS",Turkey,IS,TRY,"Common Stock",TRAKORDS91B2
KOZAA,"Koza Anadolu Metal Madencilik Isletmeleri AS",Turkey,IS,TRY,"Common Stock",TREKOZA00014
KOZAL,"Koza Altin Isletmeleri AS",Turkey,IS,TRY,"Common Stock",TREKOAL00014
KRDMA,"Kardemir Karabuk Demir Celik Sanayi ve Ticaret AS Class A",Turkey,IS,TRY,"Common Stock",TRAKRDMA91G3
KRDMB,"Kardemir Karabuk Demir Celik Sanayi ve Ticaret AS Class B",Turkey,IS,TRY,"Common Stock",TRAKRDMB91G1
KRDMD,"Kardemir Karabuk Demir Celik Sanayi ve Ticaret AS Class D",Turkey,IS,TRY,"Common Stock",TRAKRDMR91G7
KRGYO,"Korfez Gayrimenkul Yatirim",Turkey,IS,TRY,"Common Stock",TREKRFZ00016
KRONT,"Kron Telekomunikasyon Hizmetleri AS",Turkey,IS,TRY,"Common Stock",TREKRON00014
KRPLS,"Koroplast Temizlik Ambalaj Urunleri San. ve Dis Ticaret A.S.",Turkey,IS,TRY,"Common Stock",
KRSTL,"Kristal Kola ve Mesrubat Sanayi Ticaret AS",Turkey,IS,TRY,"Common Stock",TRAKRSTL91A6
KRTEK,"Karsu Tekstil Sanayi ve Ticaret AS",Turkey,IS,TRY,"Common Stock",TRAKRTEK91B6
KRVGD,"Kervan Gıda Sanayi Ve Ticaret As",Turkey,IS,TRY,"Common Stock",TREKRVG00013
KSTUR,"Kustur Kusadasi Turizm Endustrisi AS",Turkey,IS,TRY,"Common Stock",TREKUST00016
KTLEV,"Katilimevim Tasaruf Finansman A.S.",Turkey,IS,TRY,"Common Stock",
KTSKR,"Kutahya Seker Fabrikasi AS",Turkey,IS,TRY,"Common Stock",TREKTSR00046
KUTPO,"Kutahya Porselen Sanayi AS",Turkey,IS,TRY,"Common Stock",TRAKUTPO91F9
KUVVA,"Kuvva Gida Ticaret ve Sanayi Yatirimlari A.S.",Turkey,IS,TRY,"Common Stock",
KUYAS,"Kuyas Yatirim AS",Turkey,IS,TRY,"Common Stock",TREKYAS00018
KZBGY,"Kizilbuk Gayrimenkul Yatirim Ortakligi AS",Turkey,IS,TRY,"Common Stock",TREKZBG00026
KZGYO,"Kuzugrup Gayrimenkul Yatirim Ortakligi AS",Turkey,IS,TRY,"Common Stock",
LIDER,"LDR Turizm AS",Turkey,IS,TRY,"Common Stock",TRELDRT00020
LIDFA,"Lider Faktoring AS",Turkey,IS,TRY,"Common Stock",TRELDFK00016
LINK,"Link Bilgisayar Sistemleri Yazilimi ve Donanimi Sanayi ve Ticaret AS",Turkey,IS,TRY,"Common Stock",TRALINKW91U8
LKMNH,"Lokman Hekim Engurusag Saglik Turizm Egitim Hizmetleri ve Insaat Taahhut AS",Turkey,IS,TRY,"Common Stock",TRELKMH00013
LOGO,"Logo Yazilim Sanayi ve Ticaret AS",Turkey,IS,TRY,"Common Stock",TRALOGOW91U2
LUKSK,"Luks Kadife Ticaret ve Sanayi AS",Turkey,IS,TRY,"Common Stock",TRALUKSK91B7
MAALT,"Marmaris Altinyunus Turistik Tesisleri AS",Turkey,IS,TRY,"Common Stock",TRAMAALT91K5
MACKO,"Mackolik Internet Hizmetleri Ticaret A.S.",Turkey,IS,TRY,"Common Stock",
MAGEN,"Margun Enerji Uretim Sanayi ve Ticaret AS",Turkey,IS,TRY,"Common Stock",TREMARN00027
MAKIM,"Makim Makina Teknolojileri Sanayi ve Ticaret A.S.",Turkey,IS,TRY,"Common Stock",
MAKTK,"Makina Takim Endustrisi AS",Turkey,IS,TRY,"Common Stock",TRAMAKTK91H2
MANAS,"Manas Enerji Yonetimi Sanayi & Ticaret AS",Turkey,IS,TRY,"Common Stock",TREMANS00025
MARKA,"Marka Yatirim Holding AS",Turkey,IS,TRY,"Common Stock",TREIFTY00019
MARTI,"Marti Otel Isletmeleri AS",Turkey,IS,TRY,"Common Stock",TRAMMART91K7
MAVI,"Mavi Giyim Sanayi Ve Ticaret AS",Turkey,IS,TRY,"Common Stock",TREMAVI00037
MEDTR,"Meditera Tibbi Malzeme Sanayi ve Ticaret AS",Turkey,IS,TRY,"Common Stock",TREMDTR00028
MEGAP,"Mega Polietilen Kopuk Sanayi ve Ticaret AS",Turkey,IS,TRY,"Common Stock",TREMEGA00011
MEPET,"Mepet Metro Petrol ve Tesisleri Sanayi Ticaret AS",Turkey,IS,TRY,"Common Stock",TREMEPT00012
MERCN,"Mercan Kimya Sanayi ve Ticaret AS",Turkey,IS,TRY,"Common Stock",TREMRCN00023
MERIT,"Merit Turizm Yatirim ve Isletme AS",Turkey,IS,TRY,"Common Stock",TREMRTT00016
MERKO,"Merko Gida Sanayi ve Ticaret AS",Turkey,IS,TRY,"Common Stock",TRAMERKO91A5
METAL,"Metal Gayrimenkul Anonim Sirketi",Turkey,IS,TRY,"Common Stock",TREMTYO00013
METRO,"Metro Ticari ve Mali Yatirimlar Holding AS",Turkey,IS,TRY,"Common Stock",TRAVANET91A5
METUR,"Metemtur Yatırım Enerji Turizm ve İnşaat A.Ş.",Turkey,IS,TRY,"Common Stock",TREMETU00012
MGROS,"Migros Ticaret AS",Turkey,IS,TRY,"Common Stock",TREMGTI00012
MIATK,"Mia Teknoloji AS",Turkey,IS,TRY,"Common Stock",TREMIAT00015
MIPAZ,"Milpa Ticari ve Sinai Urunler Pazarlama Sanayi ve Ticaret AS",Turkey,IS,TRY,"Common Stock",TRAMIPAZ91J8
MMCAS,"MMC Sanayi ve Ticari Yatirimlar AS",Turkey,IS,TRY,"Common Stock",TREGNTR00011
MNDRS,"Menderes Tekstil Sanayi ve Ticaret AS",Turkey,IS,TRY,"Common Stock",TRAMNDRS91B0
MNDTR,"Mondi Turkey Oluklui Mukavva Kagit ve Ambalaj Sanayi A.S.",Turkey,IS,TRY,"Common Stock",
MOBTL,"Mobiltel Iletisim Hizmetleri Sanayi ve Ticaret AS",Turkey,IS,TRY,"Common Stock",TREMBTL00025
MPARK,"MLP Saglik Hizmetleri AS",Turkey,IS,TRY,"Common Stock",TREMLPC00021
MRGYO,"Marti Gayrimenkul Yatirim Ortakligi AS",Turkey,IS,TRY,"Common Stock",TREMRGY00013
MRSHL,"Marshall Boya ve Vernik Sanayi AS",Turkey,IS,TRY,"Common Stock",TRAMRSHL91E9
MSGYO,"Mistral Gayrimenkul Yatirim Ortakligi AS",Turkey,IS,TRY,"Common Stock",TREMIST00017
MTRKS,"Matriks Bilgi Dagitim Hizmetleri AS",Turkey,IS,TRY,"Common Stock",TREMTRK00015
MZHLD,"Mazhar Zorlu Holding AS",Turkey,IS,TRY,"Common Stock",TRAMZHLD94Q2
NATEN,"Naturel Yenilenebilir Enerji Ticare",Turkey,IS,TRY,"Common Stock",TRENATU00026
NETAS,"Netas Telekomunikasyon AS",Turkey,IS,TRY,"Common Stock",TRANETAS91H6
NIBAS,"Nigbas Nigde Beton Sanayi ve Ticaret AS",Turkey,IS,TRY,"Common Stock",TRENNBS00013
NTGAZ,"Naturelgaz Sanayi ve Ticaret AS",Turkey,IS,TRY,"Common Stock",TRENTGZ00014
NTHOL,"Net Holding AS",Turkey,IS,TRY,"Common Stock",TRANTHOL91Q6
NUGYO,"Nurol Gayrimenkul Yatirim Ortakligi AS",Turkey,IS,TRY,"Common Stock",TRANUGYO91Q9
NUHCM,"Nuh Cimento Sanayi AS",Turkey,IS,TRY,"Common Stock",TRANUHCM91F0
OBASE,"Obase Bilgisayar ve Danismanlik Hizmetleri Ticaret A.S.",Turkey,IS,TRY,"Common Stock",
ODAS,"ODAS Elektrik Uretim Sanayi Ticaret AS",Turkey,IS,TRY,"Common Stock",TREODAS00014
OFSYM,"Ofis Yem Gida Sanayi ve Ticaret A.S.",Turkey,IS,TRY,"Common Stock",
ONCSM,"Oncosem Onkolojik Sistemler Sanayi ve Ticaret A.S.",Turkey,IS,TRY,"Common Stock",
ORCAY,"Orcay Ortakoy Cay Sanayi & Ticaret AS",Turkey,IS,TRY,"Common Stock",TREORCY00026
ORGE,"Orge Enerji Elektrik Taahhut AS",Turkey,IS,TRY,"Common Stock",TREORGE00011
ORMA,"Orma Orman Mahsulleri Integre Sanayi ve Ticaret AS",Turkey,IS,TRY,"Common Stock",TREORMA00017
OSMEN,"Osmanli Menkul Degerler AS",Turkey,IS,TRY,"Common Stock",TREOSMK00022
OSTIM,"Ostim Endustriyel Yatirimlar ve Isletme AS",Turkey,IS,TRY,"Common Stock",TREOSTM00015
OTKAR,"Otokar Otomotiv ve Savunma Sanayi AS",Turkey,IS,TRY,"Common Stock",TRAOTKAR91H3
OTTO,"Otto Holding AS",Turkey,IS,TRY,"Common Stock",TRETTUR00019
OYAKC,"Oyak Cimento Fabrikalari AS",Turkey,IS,TRY,"Common Stock",TRAMRDIN91F2
OYAYO,"OYAK Yatirim Ortakligi AS",Turkey,IS,TRY,"Common Stock",TREOYAY00018
OYLUM,"Oylum Sinai Yatirimlar AS",Turkey,IS,TRY,"Common Stock",TREOYLS00017
OYYAT,"Oyak Yatirim Menkul Degerler AS",Turkey,IS,TRY,"Common Stock",TREOYMD00017
OZGYO,"Ozderici Gayrimenkul Yatirim Ortakligi AS",Turkey,IS,TRY,"Common Stock",TRAOZFIN91P5
OZKGY,"Ozak Gayrimenkul Yatirim Ortakligi AS",Turkey,IS,TRY,"Common Stock",TREOZAK00014
OZRDN,"Ozerden Plastik Sanayi",Turkey,IS,TRY,"Common Stock",TREOZER00029
OZSUB,"Ozsu Balik Uretim A.S.",Turkey,IS,TRY,"Common Stock",
PAMEL,"Pamel Yenilenebilir Elektrik Uretim AS",Turkey,IS,TRY,"Common Stock",TREBOMO00012
PAPIL,"Papilon Savunma Guvenlik Sistemleri",Turkey,IS,TRY,"Common Stock",TREPAPL00010
PARSN,"Parsan Makina Parcalari Sanayi AS",Turkey,IS,TRY,"Common Stock",TRAPARSN91H6
PASEU,"Pasifik Eurasia Lojistik Dis Ticaret A.S.",Turkey,IS,TRY,"Common Stock",
PCILT,"Pc Iletisim ve Medya Hizmetleri Sanayi Ticaret AS",Turkey,IS,TRY,"Common Stock",TREPCIL00029
PEGYO,"Pera Gayrimenkul Yatirim Ortakligi AS",Turkey,IS,TRY,"Common Stock",TRAGLOBL91Q0
PEKGY,"Peker Gayrimenkul Yatirim Ortakligi AS",Turkey,IS,TRY,"Common Stock",TREPEGY00022
PENGD,"Penguen Gida Sanayi AS",Turkey,IS,TRY,"Common Stock",TRAPENGD91A8
PENTA,"Penta Teknoloji Urunleri Dagitim Ticaret AS",Turkey,IS,TRY,"Common Stock",TREPNTA00042
PETKM,"Petkim Petrokimya Holding AS",Turkey,IS,TRY,"Common Stock",TRAPETKM91E0
PETUN,"Pinar Entegre Et ve Un Sanayi AS",Turkey,IS,TRY,"Common Stock",TRAPETUN91A5
PGSUS,"Pegasus Hava Tasimaciligi AS",Turkey,IS,TRY,"Common Stock",TREPEGS00016
PINSU,"Pinar Su Sanayi ve Ticaret AS",Turkey,IS,TRY,"Common Stock",TRAPINSU91A8
PKART,"Plastikkart Akilli Kart Iletisim Sistemleri Sanayi ve Ticaret AS",Turkey,IS,TRY,"Common Stock",TREPKRT00018
PKENT,"Petrokent Turizm AS",Turkey,IS,TRY,"Common Stock",TRAPKENT91K5
PLTUR,"Platform Turizm Tasimacilik AS",Turkey,IS,TRY,"Common Stock",
PNLSN,"Panelsan Cati Cephe Sistemleri Sanayi ve Ticaret AS",Turkey,IS,TRY,"Common Stock",TREPNLS00017
PNSUT,"Pinar Sut Mamulleri Sanayi AS",Turkey,IS,TRY,"Common Stock",TRAPNSUT91A5
POLHO,"Polisan Holding AS",Turkey,IS,TRY,"Common Stock",TREPOHO00012
POLTK,"Politeknik Metal Sanayi ve",Turkey,IS,TRY,"Common Stock",TREPOLT00013
PRDGS,"Pardus Girisim Sermayesi Yatirim Ortakligi A.S.",Turkey,IS,TRY,"Common Stock",
PRKAB,"Turk Prysmian Kablo ve Sistemleri AS",Turkey,IS,TRY,"Common Stock",TRASMENS91H3
PRKME,"Park Elektrik Uretim Madencilik Sanayi ve Ticaret AS",Turkey,IS,TRY,"Common Stock",TRAPRKTE91B5
PRZMA,"Prizma Pres Matbaacilik Yayincilik Sanayi ve Ticaret AS",Turkey,IS,TRY,"Common Stock",TREPRZM00011
PSDTC,"Pergamon Status Dis Ticaret AS",Turkey,IS,TRY,"Common Stock",TREPERG00018
PSGYO,"Pasifik Gayrimenkul Yatirim Ortakligi AS",Turkey,IS,TRY,"Common Stock",TREPSFK00023
QNBFB,"Qnb Finansbank AS",Turkey,IS,TRY,"Common Stock",TRAFINBN91N3
QNBFL,"QNB Finans Finansal Kiralama AS",Turkey,IS,TRY,"Common Stock",TRAFFKRL91P0
QUAGR,"Qua Granite Hayal Yapi ve Urunleri Sanayi Ticaret AS",Turkey,IS,TRY,"Common Stock",TREQAGR00022
RALYH,"Ral Yatirim Holding AS",Turkey,IS,TRY,"Common Stock",TRABISAS91B7
RAYSG,"Ray Sigorta AS",Turkey,IS,TRY,"Common Stock",TRARAYSG91O8
RHEAG,"Rhea Girisim Sermayesi Yatirim Ortakligi AS",Turkey,IS,TRY,"Common Stock",TRAVKFRS91Q0
RNPOL,"Rainbow Polikarbonat Sanayi Ticaret AS",Turkey,IS,TRY,"Common Stock",TRERNPL00027
RODRG,"Rodrigo Tekstil Sanayi ve Ticaret AS",Turkey,IS,TRY,"Common Stock",TRERDRT00019
ROYAL,"Royal Hali Iplik Tekstil Mobilya Sanayi ve Ticaret AS",Turkey,IS,TRY,"Common Stock",TRERHLI00016
RTALB,"RTA Laboratuvarlari Biyolojik",Turkey,IS,TRY,"Common Stock",TRERTAL00018
RUBNS,"Rubenis Tekstil Ticaret A.S.",Turkey,IS,TRY,"Common Stock",
RYGYO,"Reysas Gayrimenkul Yatirim Ortakligi AS",Turkey,IS,TRY,"Common Stock",TRERGYO00019
RYSAS,"Reysas Tasimacilik ve Lojistik Ticaret AS",Turkey,IS,TRY,"Common Stock",TREREYS00015
SAFKR,"Safkar Ege Sogutmacilik Klima Soguk Hava Tesisleri Ihracat Ithalat Sanayi ve Tic",Turkey,IS,TRY,"Common Stock",TRESFEK00027
SAHOL,"Haci Omer Sabanci Holding AS",Turkey,IS,TRY,"Common Stock",TRASAHOL91Q5
SAMAT,"Saray Matbaacilik Kagitcilik Kirtasiyecilik Ticaret ve Sanayi AS",Turkey,IS,TRY,"Common Stock",TRESRAY00013
SANEL,"SAN-EL Muhendislik Elektrik Taahhut Sanayi ve Ticaret AS",Turkey,IS,TRY,"Common Stock",TRESNEL00011
SANFM,"Sanifoam Sunger Sanayi ve Ticaret AS",Turkey,IS,TRY,"Common Stock",TRESNFM00016
SANKO,"Sanko Pazarlama Ithalat Ihracat AS",Turkey,IS,TRY,"Common Stock",TRASANKO91I2
SARKY,"Sarkuysan Elektrolitik Bakir Sanayi ve Ticaret AS",Turkey,IS,TRY,"Common Stock",TRASARKY91G6
SASA,"SASA Polyester Sanayi AS",Turkey,IS,TRY,"Common Stock",TRASASAW91E4
SAYAS,"Say Yenilenebilir Enerji Ekipmanları Sanayi ve Ticaret Anonim Şirketi",Turkey,IS,TRY,"Common Stock",TRESAYR00013
SDTTR,"SDT Uzay ve Savunma Teknolojileri A.S.",Turkey,IS,TRY,"Common Stock",
SEGYO,"Seker Gayrimenkul Yatirim Ortakligi A.S.",Turkey,IS,TRY,"Common Stock",
SEKFK,"Seker Finansal Kiralama AS",Turkey,IS,TRY,"Common Stock",TRESKFK00016
SEKUR,"Sekuro Plastik Ambalaj Sanayi AS",Turkey,IS,TRY,"Common Stock",TRESKPA00016
SELEC,"Selcuk Ecza Deposu Ticaret ve Sanayi AS",Turkey,IS,TRY,"Common Stock",TRESLEC00014
SELGD,"Selcuk Gida Endustri Ihracat Ithalat AS",Turkey,IS,TRY,"Common Stock",TRASELGD91A6
SELVA,"Selva Gida Sanayi AS",Turkey,IS,TRY,"Common Stock",TRESLVA00020
SEYKM,"Seyitler Kimya Sanayi AS",Turkey,IS,TRY,"Common Stock",TRESEYT00011
SILVR,"Silverline Endustri ve Ticaret AS",Turkey,IS,TRY,"Common Stock",TRESLVR00016
SISE,"Turkiye Sise ve Cam Fabrikalari AS",Turkey,IS,TRY,"Common Stock",TRASISEW91Q3
SKBNK,"Sekerbank TAS",Turkey,IS,TRY,"Common Stock",TRASKBNK91N8
SKTAS,"Soktas Tekstil Sanayi ve Ticaret AS",Turkey,IS,TRY,"Common Stock",TRASKTAS91B5
SMART,"Smartiks Yazilim AS",Turkey,IS,TRY,"Common Stock",TRESMRT00018
SMRTG,"Smart Gunes Enerjisi Teknolojileri Arastirma Gelistirme Uretim Sanayi ve Ticaret",Turkey,IS,TRY,"Common Stock",TRESMAR00026
SNGYO,"Sinpas Gayrimenkul Yatirim Ortakligi AS",Turkey,IS,TRY,"Common Stock",TRESNGY00019
SNICA,"Sanica Isi Sanayi A.S.",Turkey,IS,TRY,"Common Stock",
SNKRN,"Senkron Guvenlik ve Iletisim Sistemleri AS",Turkey,IS,TRY,"Common Stock",TRESNKR00023
SNPAM,"Sonmez Pamuklu Sanayii AS",Turkey,IS,TRY,"Common Stock",TRASNPAM91B0
SODSN,"Sodas Sodyum Sanayi AS",Turkey,IS,TRY,"Common Stock",TRESODS00016
SOKE,"Soke Degirmencilik AS",Turkey,IS,TRY,"Common Stock",
SOKM,"Sok Marketler Ticaret As",Turkey,IS,TRY,"Common Stock",TRESOKM00022
SONME,"Sonmez Filament Sentetik Iplik ve Elyaf Sanayi AS",Turkey,IS,TRY,"Common Stock",TRASONME91B5
SRVGY,"Servet Gayrimenkul Yatirim Ortakligi AS",Turkey,IS,TRY,"Common Stock",TRESRGY00010
SUMAS,"Sumas Suni Tahta ve Mobilya Sanayi AS",Turkey,IS,TRY,"Common Stock",TRESMAS00016
SUNTK,"Sun Tekstil Sanayi ve Ticaret A.S.",Turkey,IS,TRY,"Common Stock",
SUWEN,"Suwen Tekstil Sanayi Pazarlama AS",Turkey,IS,TRY,"Common Stock",TRESUWN00022
TATEN,"Tatlipinar Enerji Uretim A.S.",Turkey,IS,TRY,"Common Stock",
TATGD,"Tat Gida Sanayi AS",Turkey,IS,TRY,"Common Stock",TRATATKS91A5
TAVHL,"TAV Havalimanlari Holding",Turkey,IS,TRY,"Common Stock",TRETAVH00018
TBORG,"Turk Tuborg Bira ve Malt Sanayi AS",Turkey,IS,TRY,"Common Stock",TRATBORG91A4
TCELL,"Turkcell Iletisim Hizmetleri AS ORD",Turkey,IS,TRY,"Common Stock",TRATCELL91M1
TDGYO,"Trend Gayrimenkul Yatirim Ortakligi AS",Turkey,IS,TRY,"Common Stock",TRETGYO00023
TEKTU,"Tek-Art Insaat Ticaret Turizm Sanayi ve Yatirimlar AS",Turkey,IS,TRY,"Common Stock",TRATEKTU91K2
TERA,"Tera Yatirim Menkul Degerler A.S.",Turkey,IS,TRY,"Common Stock",
TETMT,"Tetamat Gida Yatirimlari AS",Turkey,IS,TRY,"Common Stock",TRETKGD00017
TEZOL,"Europap Tezol Kagit Sanayi Ve Ticaret AS",Turkey,IS,TRY,"Common Stock",TRETEZL00021
TGSAS,"TGS Dis Ticaret AS",Turkey,IS,TRY,"Common Stock",TRETGSD00010
THYAO,"Turkish Airlines",Turkey,IS,TRY,"Common Stock",TRATHYAO91M5
TKFEN,"Tekfen Holding AS",Turkey,IS,TRY,"Common Stock",TRETKHO00012
TKNSA,"Teknosa Ic ve Dis Ticaret AS",Turkey,IS,TRY,"Common Stock",TRETKNO00010
TLMAN,"Trabzon Liman Isletmeciligi A.S.",Turkey,IS,TRY,"Common Stock",
TMPOL,"Temapol Polimer Plastik ve Insaat Sanayi Ticaret AS",Turkey,IS,TRY,"Common Stock",TRETMPL00017
TMSN,"Tumosan Motor ve Traktor Sanayi AS",Turkey,IS,TRY,"Common Stock",TRETUMO00011
TNZTP,"Tapdi Oksijen AS",Turkey,IS,TRY,"Common Stock",
TOASO,"Tofas Turk Otomobil Fabrikasi AS",Turkey,IS,TRY,"Common Stock",TRATOASO91H3
TRCAS,"Turcas Petrol AS",Turkey,IS,TRY,"Common Stock",TRATRCAS92E6
TRGYO,"Torunlar Gayrimenkul Yatirim Ortakligi AS",Turkey,IS,TRY,"Common Stock",TRETRGY00018
TRILC,"Turk Ilac ve Serum Sanayi AS",Turkey,IS,TRY,"Common Stock",TRETRLC00022
TSGYO,"TSKB Gayrimenkul Yatirim Ortakligi AS",Turkey,IS,TRY,"Common Stock",TRETSGY00016
TSKB,"Turkiye Sinai Kalkinma Bankasi AS",Turkey,IS,TRY,"Common Stock",TRATSKBW91N0
TSPOR,"Trabzonspor Sportif Yatirim ve Futbol Isletmeciligi Ticaret AS",Turkey,IS,TRY,"Common Stock",TRETRBZ00016
TTKOM,"Turk Telekomunikasyon AS",Turkey,IS,TRY,"Common Stock",TRETTLK00013
TTRAK,"Turk Traktor ve Ziraat Makineleri AS",Turkey,IS,TRY,"Common Stock",TRETTRK00010
TUCLK,"Tugcelik Aluminyum ve Metal",Turkey,IS,TRY,"Common Stock",TRETUGC00018
TUKAS,"Tukas Gida Sanayi ve Ticaret AS",Turkey,IS,TRY,"Common Stock",TRATUKAS91A3
TUPRS,"Turkiye Petrol Rafinerileri AS",Turkey,IS,TRY,"Common Stock",TRATUPRS91E8
TUREX,"Tureks Turizm Tasimacilik AS",Turkey,IS,TRY,"Common Stock",TRETURX00045
TURGG,"Turker Proje Gayrimenkul Ve Yatirim Gelistirme AS",Turkey,IS,TRY,"Common Stock",TREMYPG00017
TURSG,"Turkiye Sigorta AS",Turkey,IS,TRY,"Common Stock",TRAGUSGR91O3
UFUK,"Ufuk Yatirim Yonetim Ve Gayrimenkul AS",Turkey,IS,TRY,"Common Stock",TREFNFK00017
ULAS,"Ulaslar Turizm Yatirimlari ve Dayanikli Tuketim Mallari Ticaret Pazarlama AS",Turkey,IS,TRY,"Common Stock",TREULAS00014
ULKER,"Ulker Biskuvi Sanayi AS",Turkey,IS,TRY,"Common Stock",TREULKR00015
ULUFA,"Ulusal Faktoring AS",Turkey,IS,TRY,"Common Stock",TREULFK00036
ULUSE,"Ulusoy Elektrik Imalat",Turkey,IS,TRY,"Common Stock",TREULET00014
ULUUN,"Ulusoy Un Sanayi ve Ticaret AS",Turkey,IS,TRY,"Common Stock",TREULSY00014
UMPAS,"Umpas Holding AS",Turkey,IS,TRY,"Common Stock",TREUMPA00018
UNLU,"Unlu Yatirim Holding AS",Turkey,IS,TRY,"Common Stock",TREUNCO00023
USAK,"Usak Seramik Sanayi AS",Turkey,IS,TRY,"Common Stock",TRAUSAKW91F6
UZERB,"Uzertas Boya Sanayi Ticaret ve Yatirim AS",Turkey,IS,TRY,"Common Stock",TREUZER00018
VAKBN,"Turkiye Vakiflar Bankasi TAO",Turkey,IS,TRY,"Common Stock",TREVKFB00019
VAKFN,"Vakif Finansal Kiralama AS",Turkey,IS,TRY,"Common Stock",TRAVAKFN91P9
VAKKO,"Vakko Tekstil ve Hazir Giyim Sanayi Isletmeleri AS",Turkey,IS,TRY,"Common Stock",TRAVAKKO91B7
VANGD,"Vanet Gida Sanayi Ic ve Dis Ticaret AS",Turkey,IS,TRY,"Common Stock",TREVNGS00015
VBTYZ,"Vbt Yazilim AS",Turkey,IS,TRY,"Common Stock",TREVBTY00029
VERTU,"Verusaturk Girisim Sermayesi",Turkey,IS,TRY,"Common Stock",TREVRSA00019
VERUS,"Verusa Holding AS",Turkey,IS,TRY,"Common Stock",TREVERS00011
VESBE,"Vestel Beyaz Esya Sanayi ve Ticaret AS",Turkey,IS,TRY,"Common Stock",TREVEST00017
VESTL,"Vestel Elektronik Sanayi ve Ticaret AS",Turkey,IS,TRY,"Common Stock",TRAVESTL91H6
VKFYO,"Vakif Menkul Kiymet Yatirim Ortakligi AS",Turkey,IS,TRY,"Common Stock",TRAVKFYT91Q4
VKGYO,"Vakif Gayrimenkul Yatirim Ortakligi AS",Turkey,IS,TRY,"Common Stock",TRAVKGYO91Q3
VKING,"Viking Kagit ve Seluloz AS",Turkey,IS,TRY,"Common Stock",TRAVKING91D6
YAPRK,"Yaprak Sut ve Besi Ciftlikleri Sanayi ve Ticaret AS",Turkey,IS,TRY,"Common Stock",TREYSBS00019
YATAS,"Yatas Yatak ve Yorgan Sanayi Ticaret AS",Turkey,IS,TRY,"Common Stock",TRAYATAS91B4
YAYLA,"Yayla Enerji Uretim Turizm ve",Turkey,IS,TRY,"Common Stock",TREYAYL00014
YBTAS,"Yibitas Yozgat Isci Birligi Insaat Malzemeleri Ticaret Sanayi AS",Turkey,IS,TRY,"Common Stock",TREYBTS00017
YEOTK,"Yeo Teknoloji Enerji ve Endustri AS",Turkey,IS,TRY,"Common Stock",TREYEOT00010
YESIL,"Yesil Yatirim Holding AS",Turkey,IS,TRY,"Common Stock",TREINFO00013
YGGYO,"Yeni Gimat Gayrimenkul Yatirim Ortakligi AS",Turkey,IS,TRY,"Common Stock",TREYGMI00012
YGYO,"Yesil Gayrimenkul Yatirim Ortakligi AS",Turkey,IS,TRY,"Common Stock",TRAIHGYO91Q6
YKBNK,"Yapi ve Kredi Bankasi AS",Turkey,IS,TRY,"Common Stock",TRAYKBNK91N6
YKSLN,"Yukselen Celik As",Turkey,IS,TRY,"Common Stock",TREYUKC00028
YONGA,"Yonga Mobilya Sanayi ve Ticaret AS",Turkey,IS,TRY,"Common Stock",TREYONG00018
YUNSA,"Yunsa Yunlu Sanayi ve Ticaret AS",Turkey,IS,TRY,"Common Stock",TRAYUNSA91B5
YYAPI,"Yesil Yapi Endustrisi AS",Turkey,IS,TRY,"Common Stock",TRABROVA91S5
YYLGD,"Yayla Agro Gida Sanayi ve Ticaret A.S.",Turkey,IS,TRY,"Common Stock",
ZEDUR,"Zedur Enerji Elektrik Uretim A.S.",Turkey,IS,TRY,"Common Stock",
ZOREN,"Zorlu Enerji Elektrik Uretim AS",Turkey,IS,TRY,"Common Stock",TRAZOREN91L8
ZRGYO,"Ziraat Gayrimenkul Yatirim Ortakligi AS",Turkey,IS,TRY,"Common Stock",TREZRGY00023
