Code,Name,Country,Exchange,Currency,Type,Isin
AALI,"Astra Agro Lestari Tbk",Indonesia,JK,IDR,"Common Stock",ID1000066004
ABBA,"Mahaka Media Tbk",Indonesia,JK,IDR,"Common Stock",ID1000087208
ABDA,"Asuransi Bina Dana Arta Tbk",Indonesia,JK,IDR,"Common Stock",ID1000073406
ABMM,"Abm Investama Tbk",Indonesia,JK,IDR,"Common Stock",ID1000121502
ACES,"Ace Hardware Indonesia Tbk",Indonesia,JK,IDR,"Common Stock",ID1000125503
ACST,"Acset Indonusa Tbk",Indonesia,JK,IDR,"Common Stock",ID1000127509
ADCP,"Adhi Commuter Properti Tbk PT",Indonesia,JK,IDR,"Common Stock",ID1000166309
ADES,"Akasha Wira International Tbk",Indonesia,JK,IDR,"Common Stock",ID1000067606
ADHI,"Adhi Karya Persero Tbk",Indonesia,JK,IDR,"Common Stock",ID1000097207
ADMF,"Adira Dinamika Multi Finance",Indonesia,JK,IDR,"Common Stock",ID1000097504
ADMG,"Polychem Indonesia Tbk",Indonesia,JK,IDR,"Common Stock",ID1000090202
ADMR,"Adaro Minerals Indonesia Tbk PT",Indonesia,JK,IDR,"Common Stock",ID1000165608
ADRO,"Adaro Energy Tbk",Indonesia,JK,IDR,"Common Stock",ID1000111305
AGAR,"Asia Sejahtera Mina Tbk",Indonesia,JK,IDR,"Common Stock",ID1000152507
AGII,"Aneka Gas Industri Tbk PT",Indonesia,JK,IDR,"Common Stock",ID1000137805
AGRO,"Bank Rakyat Indonesia Agroniaga",Indonesia,JK,IDR,"Common Stock",ID1000095508
AGRS,"Bank Agris Tbk",Indonesia,JK,IDR,"Common Stock",ID1000133309
AHAP,"Asuransi Harta Aman Pratama Tbk PT",Indonesia,JK,IDR,"Common Stock",ID1000095805
AIMS,"Akbar Indomakmur Stimec Tbk",Indonesia,JK,IDR,"Common Stock",ID1000071202
AISA,"FKS Food Sejahtera Tbk PT",Indonesia,JK,IDR,"Common Stock",ID1000087901
AKKU,"Anugerah Kagum Karya Utama Tbk PT",Indonesia,JK,IDR,"Common Stock",ID1000099609
AKPI,"Argha Karya Prima Ind Tbk",Indonesia,JK,IDR,"Common Stock",ID1000084205
AKRA,"Akr Corporindo Tbk",Indonesia,JK,IDR,"Common Stock",ID1000106701
AKSI,"Maming Enam Sembilan Mineral Tbk PT",Indonesia,JK,IDR,"Common Stock",ID1000070709
ALDO,"Alkindo Naratama Tbk",Indonesia,JK,IDR,"Common Stock",ID1000120207
ALKA,"Alakasa Industrindo Tbk",Indonesia,JK,IDR,"Common Stock",ID1000076904
ALMI,"Alumindo Light Metal Industry",Indonesia,JK,IDR,"Common Stock",ID1000130909
ALTO,"Tri Banyan Tirta Tbk",Indonesia,JK,IDR,"Common Stock",ID1000123805
AMAG,"Asuransi Multi Artha Guna Tbk PT",Indonesia,JK,IDR,"Common Stock",ID1000102908
AMAN,"Makmur Berkah Amanda Pt",Indonesia,JK,IDR,"Common Stock",ID1000155005
AMAR,"Bank Amar Indonesia ",Indonesia,JK,IDR,"Common Stock",ID1000153406
AMFG,"Asahimas Flat Glass Tbk",Indonesia,JK,IDR,"Common Stock",ID1000084601
AMIN,"Ateliers Mecaniques D’Indonesie Tbk PT",Indonesia,JK,IDR,"Common Stock",ID1000136302
AMMN,"PT Amman Mineral Internasional",Indonesia,JK,IDR,"Common Stock",
AMMS,"PT Agung Menjangan Mas Tbk",Indonesia,JK,IDR,"Common Stock",
AMOR,"Ashmore Asset Management Indonesia",Indonesia,JK,IDR,"Common Stock",ID1000153703
AMRT,"Sumber Alfaria Trijaya Tbk",Indonesia,JK,IDR,"Common Stock",ID1000128705
ANDI,"Andira Agro Tbk PT",Indonesia,JK,IDR,"Common Stock",ID1000145105
ANJT,"Austindo Nusantara Jaya Tbk",Indonesia,JK,IDR,"Common Stock",ID1000270002
ANTM,"Aneka Tambang Persero Tbk",Indonesia,JK,IDR,"Common Stock",ID1000106602
APEX,"Apexindo Pratama Duta Tbk",Indonesia,JK,IDR,"Common Stock",ID1000091309
APIC,"Pacific Strategic Financial",Indonesia,JK,IDR,"Common Stock",ID1000101009
APII,"Arita Prima Indonesia Tbk",Indonesia,JK,IDR,"Common Stock",ID1000129406
APLI,"Asiaplast Industries Tbk",Indonesia,JK,IDR,"Common Stock",ID1000059405
APLN,"Agung Podomoro Land Tbk",Indonesia,JK,IDR,"Common Stock",ID1000117104
ARCI,"Archi Indonesia Tbk PT",Indonesia,JK,IDR,"Common Stock",ID1000161003
ARGO,"Argo Pantes Tbk",Indonesia,JK,IDR,"Common Stock",ID1000083702
ARII,"Atlas Resources Tbk",Indonesia,JK,IDR,"Common Stock",ID1000121205
ARKA,"Arkha Jayanti Persada PT",Indonesia,JK,IDR,"Common Stock",ID1000150501
ARKO,"PT Arkora Hydro Tbk",Indonesia,JK,IDR,"Common Stock",
ARMY,"Armidian Karyatama Tbk PT",Indonesia,JK,IDR,"Common Stock",ID1000139603
ARNA,"Arwana Citramulia Tbk",Indonesia,JK,IDR,"Common Stock",ID1000128309
ARTA,"Arthavest Tbk",Indonesia,JK,IDR,"Common Stock",ID1000093305
ARTI,"Ratu Prabu Energi Tbk",Indonesia,JK,IDR,"Common Stock",ID1000094808
ARTO,"Bank Artos Indonesia Tbk PT",Indonesia,JK,IDR,"Common Stock",ID1000136708
ASBI,"Asuransi Bintang Tbk",Indonesia,JK,IDR,"Common Stock",ID1000058506
ASDM,"Asuransi Dayin Mitra Tbk",Indonesia,JK,IDR,"Common Stock",ID1000090905
ASGR,"Astra Graphia Tbk",Indonesia,JK,IDR,"Common Stock",ID1000066103
ASHA,"PT Cilacap Samudera Fishing Industry Tbk",Indonesia,JK,IDR,"Common Stock",
ASII,"Astra International Tbk",Indonesia,JK,IDR,"Common Stock",ID1000122807
ASJT,"Asuransi Jasa Tania Tbk",Indonesia,JK,IDR,"Common Stock",ID1000135205
ASLC,"Autopedia Sukses Lestari Tbk PT",Indonesia,JK,IDR,"Common Stock",ID1000165806
ASMI,"Asuransi Kresna Mitra Tbk PT",Indonesia,JK,IDR,"Common Stock",ID1000130602
ASPI,"Andalan Sakti Primaindo PT",Indonesia,JK,IDR,"Common Stock",ID1000154602
ASRI,"Alam Sutera Realty Tbk",Indonesia,JK,IDR,"Common Stock",ID1000108400
ASRM,"Asuransi Ramayana Tbk",Indonesia,JK,IDR,"Common Stock",ID1000079700
ASSA,"Adi Sarana Armada Tbk",Indonesia,JK,IDR,"Common Stock",ID1000125800
ATAP,"Trimitra Prawara Goldland Tbk Pt",Indonesia,JK,IDR,"Common Stock",ID1000158108
ATIC,"Anabatic Technologies Tbk PT",Indonesia,JK,IDR,"Common Stock",ID1000134505
AUTO,"Astra Otoparts Tbk",Indonesia,JK,IDR,"Common Stock",ID1000119704
AVIA,"Avia Avian PT Tbk",Indonesia,JK,IDR,"Common Stock",ID1000165004
AWAN,"PT Era Digital Media Tbk",Indonesia,JK,IDR,"Common Stock",
AXIO,"Tera Data Indonusa",Indonesia,JK,IDR,"Common Stock",
AYLS,"Agro Yasa Lestari PT Tbk",Indonesia,JK,IDR,"Common Stock",ID1000154404
BABP,"Bank Mnc Internasional Tbk",Indonesia,JK,IDR,"Common Stock",ID1000091507
BACA,"Bank Capital Indonesia Tbk",Indonesia,JK,IDR,"Common Stock",ID1000107402
BAJA,"Saranacentral Bajatama Tbk",Indonesia,JK,IDR,"Common Stock",ID1000121700
BALI,"Bali Towerindo Sentra Tbk",Indonesia,JK,IDR,"Common Stock",ID1000135106
BANK,"Bank Net Indonesia Syariah Tbk PT",Indonesia,JK,IDR,"Common Stock",ID1000159205
BAPA,"Bekasi Asri Pemula Tbk",Indonesia,JK,IDR,"Common Stock",ID1000109002
BAPI,"Bhakti Agung Propertindo",Indonesia,JK,IDR,"Common Stock",ID1000151004
BATA,"Sepatu Bata Tbk",Indonesia,JK,IDR,"Common Stock",ID1000129109
BAUT,"Mitra Angkasa Sejahtera PT Tbk",Indonesia,JK,IDR,"Common Stock",ID1000166002
BAYU,"Bayu Buana Tbk",Indonesia,JK,IDR,"Common Stock",ID1000074107
BBCA,"Bank Central Asia Tbk",Indonesia,JK,IDR,"Common Stock",ID1000109507
BBHI,"Bk Harda Internasional Tbk Pt",Indonesia,JK,IDR,"Common Stock",ID1000135304
BBKP,"Bank Bukopin Tbk",Indonesia,JK,IDR,"Common Stock",ID1000103609
BBLD,"Buana Finance Tbk",Indonesia,JK,IDR,"Common Stock",ID1000104607
BBMD,"Bank Mestika Dharma Tbk",Indonesia,JK,IDR,"Common Stock",ID1000128507
BBNI,"Bank Negara Indonesia Tbk",Indonesia,JK,IDR,"Common Stock",ID1000096605
BBRI,"Bank Rakyat Indonesia Persero",Indonesia,JK,IDR,"Common Stock",ID1000118201
BBRM,"Pelayaran Nasional Bina Buana Raya",Indonesia,JK,IDR,"Common Stock",ID1000126204
BBSI,"PT Bank Bisnis Internasional Tbk",Indonesia,JK,IDR,"Common Stock",
BBSS,"Bumi Benowo Sukses Sejahtera Pt",Indonesia,JK,IDR,"Common Stock",ID1000155500
BBTN,"Bank Tabungan Negara Persero",Indonesia,JK,IDR,"Common Stock",ID1000113707
BBYB,"Bank Yudha Bhakti Tbk",Indonesia,JK,IDR,"Common Stock",ID1000133408
BCAP,"Mnc Kapital Indonesia Tbk",Indonesia,JK,IDR,"Common Stock",ID1000069701
BCIC,"Bank JTrust Indonesia Tbk PT",Indonesia,JK,IDR,"Common Stock",ID1000100407
BCIP,"Bumi Citra Permai Tbk",Indonesia,JK,IDR,"Common Stock",ID1000113509
BDKR,"PT Berdikari Foundation Perkas",Indonesia,JK,IDR,"Common Stock",
BDMN,"Bank Danamon Indonesia Tbk",Indonesia,JK,IDR,"Common Stock",ID1000094204
BEBS,"Berkah Beton Sadaya Tbk PT",Indonesia,JK,IDR,"Common Stock",ID1000159601
BEEF,"Estika Tata Tiara Tbk PT",Indonesia,JK,IDR,"Common Stock",ID1000147705
BEER,"PT Jobubu Jarum Minahasa Tbk",Indonesia,JK,IDR,"Common Stock",
BEKS,"Bank Pembangunan Daerah Banten Tbk PT",Indonesia,JK,IDR,"Common Stock",ID1000070600
BELI,"Global Digital Niaga",Indonesia,JK,IDR,"Common Stock",
BELL,"Trisula Textile Industries Tbk PT",Indonesia,JK,IDR,"Common Stock",ID1000140502
BESS,"Batulicin Nusantara Maritim Tbk PT",Indonesia,JK,IDR,"Common Stock",ID1000154701
BEST,"Bekasi Fajar Industrial Estate",Indonesia,JK,IDR,"Common Stock",ID1000122609
BFIN,"BFI Finance Indonesia Tbk",Indonesia,JK,IDR,"Common Stock",ID1000124001
BGTG,"Bank Ganesha Tbk PT",Indonesia,JK,IDR,"Common Stock",ID1000137003
BHAT,"Bhakti Multi Artha Pt",Indonesia,JK,IDR,"Common Stock",ID1000155807
BHIT,"Mnc Investama Tbk",Indonesia,JK,IDR,"Common Stock",ID1000064207
BIKA,"Binakarya Jaya Abadi Tbk PT",Indonesia,JK,IDR,"Common Stock",ID1000134703
BIKE,"Sepeda Bersama Indonesia Tbk PT",Indonesia,JK,IDR,"Common Stock",ID1000166705
BIMA,"Primarindo Asia Infrastructure Tbk PT",Indonesia,JK,IDR,"Common Stock",ID1000075005
BINA,"Bank Ina Perdana PT",Indonesia,JK,IDR,"Common Stock",ID1000130404
BINO,"PT Perma Plasindo Tbk",Indonesia,JK,IDR,"Common Stock",
BIPI,"Benakat Petroleum Energy",Indonesia,JK,IDR,"Common Stock",ID1000114101
BIPP,"Bhuwanatala Indah Permai Tbk",Indonesia,JK,IDR,"Common Stock",ID1000076508
BIRD,"Blue Bird Tbk PT",Indonesia,JK,IDR,"Common Stock",ID1000132707
BISI,"Bisi International Tbk",Indonesia,JK,IDR,"Common Stock",ID1000105703
BJBR,"Bank Jabar",Indonesia,JK,IDR,"Common Stock",ID1000115702
BJTM,"Bank Pembangunan Timur Tbk",Indonesia,JK,IDR,"Common Stock",ID1000123904
BKDP,"Bukit Darmo Property Tbk",Indonesia,JK,IDR,"Common Stock",ID1000106008
BKSL,"Sentul City Tbk",Indonesia,JK,IDR,"Common Stock",ID1000104201
BKSW,"Bank Qnb Indonesia Tbk",Indonesia,JK,IDR,"Common Stock",ID1000093503
BLTA,"Berlian Laju Tanker Tbk PT",Indonesia,JK,IDR,"Common Stock",ID1000099906
BLTZ,"Graha Layar Prima Tbk",Indonesia,JK,IDR,"Common Stock",ID1000131402
BLUE,"Berkah Prima Perkasa Tbk PT",Indonesia,JK,IDR,"Common Stock",ID1000149800
BMAS,"Bank Maspion Indonesia PT",Indonesia,JK,IDR,"Common Stock",ID1000128200
BMBL,"PT Lavender Bina Cendikia Tbk",Indonesia,JK,IDR,"Common Stock",
BMHS,"Bundamedik Tbk PT",Indonesia,JK,IDR,"Common Stock",ID1000161201
BMRI,"Bank Mandiri Persero Tbk PT",Indonesia,JK,IDR,"Common Stock",ID1000095003
BMSR,"Bintang Mitra Semestaraya Tbk",Indonesia,JK,IDR,"Common Stock",ID1000079908
BMTR,"Global Mediacom Tbk",Indonesia,JK,IDR,"Common Stock",ID1000105604
BNBA,"Bank Bumi Arta Tbk",Indonesia,JK,IDR,"Common Stock",ID1000103401
BNBR,"Bakrie & Brothers Tbk",Indonesia,JK,IDR,"Common Stock",ID1000110000
BNGA,"Bank Cimb Niaga Tbk",Indonesia,JK,IDR,"Common Stock",ID1000098007
BNII,"Bank Maybank Indonesia Tbk PT",Indonesia,JK,IDR,"Common Stock",ID1000099302
BNLI,"Bank Permata Tbk",Indonesia,JK,IDR,"Common Stock",ID1000098205
BOBA,"Formosa Ingredient Factory PT Tbk",Indonesia,JK,IDR,"Common Stock",ID1000163900
BOGA,"Bintang Oto Global Tbk PT",Indonesia,JK,IDR,"Common Stock",ID1000138100
BOLA,"Bali Bintang Sejahtera Tbk PT",Indonesia,JK,IDR,"Common Stock",ID1000148901
BOLT,"Garuda Metalindo Tbk PT",Indonesia,JK,IDR,"Common Stock",ID1000134604
BOSS,"Borneo Olah Sarana Sukses PT",Indonesia,JK,IDR,"Common Stock",ID1000142003
BPFI,"Batavia Prosperindo Finance",Indonesia,JK,IDR,"Common Stock",ID1000112600
BPII,"Batavia Prosperindo Int",Indonesia,JK,IDR,"Common Stock",ID1000132004
BPTR,"Batavia Prosperindo Trans Tbk PT",Indonesia,JK,IDR,"Common Stock",ID1000144207
BRAM,"Indo Kordsa Tbk",Indonesia,JK,IDR,"Common Stock",ID1000084700
BRIS,"Bank BRISyariah Tbk PT",Indonesia,JK,IDR,"Common Stock",ID1000142904
BRMS,"Bumi Resources Minerals Tbk",Indonesia,JK,IDR,"Common Stock",ID1000117609
BRNA,"Berlina Tbk",Indonesia,JK,IDR,"Common Stock",ID1000125602
BRPT,"Barito Pacific Tbk",Indonesia,JK,IDR,"Common Stock",ID1000085707
BSBK,"Wulandari Bangun Laksana",Indonesia,JK,IDR,"Common Stock",
BSDE,"Bumi Serpong Damai Tbk",Indonesia,JK,IDR,"Common Stock",ID1000110802
BSIM,"Bank Sinarmas Tbk",Indonesia,JK,IDR,"Common Stock",ID1000117807
BSML,"Bintang Samudera Mandiri Lines Tbk PT",Indonesia,JK,IDR,"Common Stock",ID1000165400
BSSR,"Baramulti Suksessarana Tbk",Indonesia,JK,IDR,"Common Stock",ID1000125701
BSWD,"Bank Of India Indonesia Tbk",Indonesia,JK,IDR,"Common Stock",ID1000089709
BTEK,"Bumi Teknokultura Unggul Tbk",Indonesia,JK,IDR,"Common Stock",ID1000098106
BTON,"Betonjaya Manunggal Tbk",Indonesia,JK,IDR,"Common Stock",ID1000071509
BTPN,"Bank Tabungan Pensiunan Nasional",Indonesia,JK,IDR,"Common Stock",ID1000118508
BTPS,"Bank Tabungan Pensiunan Nasional Syariah PT",Indonesia,JK,IDR,"Common Stock",ID1000142805
BUAH,"PT Segar Kumala Indonesia Tbk",Indonesia,JK,IDR,"Common Stock",
BUDI,"Budi Starch & Sweetener Tbk",Indonesia,JK,IDR,"Common Stock",ID1000084908
BUKA,"PT Bukalapak.com",Indonesia,JK,IDR,"Common Stock",ID1000162001
BUKK,"Bukaka Teknik Utama Tbk Pt",Indonesia,JK,IDR,"Common Stock",ID1000080807
BULL,"Buana Listya Tama Tbk PT",Indonesia,JK,IDR,"Common Stock",ID1000133705
BUMI,"Bumi Resources Tbk",Indonesia,JK,IDR,"Common Stock",ID1000068703
BUVA,"Bukit Uluwatu Villa Tbk",Indonesia,JK,IDR,"Common Stock",ID1000116007
BVIC,"Bank Victoria International",Indonesia,JK,IDR,"Common Stock",ID1000056302
BWPT,"Eagle High Plantations Tbk",Indonesia,JK,IDR,"Common Stock",ID1000113202
BYAN,"Bayan Resources Tbk",Indonesia,JK,IDR,"Common Stock",ID1000111701
CAKK,"Cahayaputra Asa Keramik Tbk PT",Indonesia,JK,IDR,"Common Stock",ID1000146509
CAMP,"Campina Ice Cream Industry Tbk PT",Indonesia,JK,IDR,"Common Stock",ID1000141500
CANI,"Capitol Nusantara Indonesia",Indonesia,JK,IDR,"Common Stock",ID1000130503
CARE,"Metro Healthcare Indonesia",Indonesia,JK,IDR,"Common Stock",ID1000154909
CARS,"Industri Dan Perdagangan Bintraco Dharma Tbk PT",Indonesia,JK,IDR,"Common Stock",ID1000138308
CASA,"Capital Financial Indonesia Tbk PT",Indonesia,JK,IDR,"Common Stock",ID1000137508
CASH,"Cashlez Worldwide Indonesia Tbk",Indonesia,JK,IDR,"Common Stock",ID1000155906
CBMF,"Cahaya Bintang Medan Tbk Pt",Indonesia,JK,IDR,"Common Stock",ID1000155708
CBPE,"Citra Buana Prasida",Indonesia,JK,IDR,"Common Stock",
CBRE,"PT Cakra Buana Resources Energ",Indonesia,JK,IDR,"Common Stock",
CBUT,"Citra Borneo Utama",Indonesia,JK,IDR,"Common Stock",
CCSI,"Communication Cable Systems Indonesia Tbk PT",Indonesia,JK,IDR,"Common Stock",ID1000149008
CEKA,"Wilmar Cahaya Indonesia Tbk",Indonesia,JK,IDR,"Common Stock",ID1000135007
CENT,"Centratama Telekomunikasi Ind",Indonesia,JK,IDR,"Common Stock",ID1000076805
CFIN,"Clipan Finance Indonesia Tbk",Indonesia,JK,IDR,"Common Stock",ID1000095201
CHEM,"PT Chemstar Indonesia Tbk",Indonesia,JK,IDR,"Common Stock",
CHIP,"Pelita Teknologi Global",Indonesia,JK,IDR,"Common Stock",
CINT,"Chitose Internasional Tbk",Indonesia,JK,IDR,"Common Stock",ID1000131907
CITA,"Cita Mineral Investindo Tbk PT",Indonesia,JK,IDR,"Common Stock",ID1000082803
CITY,"Natura City Developments Tbk PT",Indonesia,JK,IDR,"Common Stock",ID1000145501
CLAY,"Citra Putra Realty Tbk PT",Indonesia,JK,IDR,"Common Stock",ID1000147903
CLEO,"Sariguna Primatirta PT",Indonesia,JK,IDR,"Common Stock",ID1000138605
CLPI,"Colorpak Indonesia Tbk",Indonesia,JK,IDR,"Common Stock",ID1000079106
CMNP,"Citra Marga Nusaphala Persada",Indonesia,JK,IDR,"Common Stock",ID1000070402
CMNT,"Cemindo Gemilang Tbk PT",Indonesia,JK,IDR,"Common Stock",ID1000163108
CMRY,"Cisarua Mountain Dairy Tbk PT",Indonesia,JK,IDR,"Common Stock",ID1000164700
CNKO,"Exploitasi Energi Indonesia",Indonesia,JK,IDR,"Common Stock",ID1000096209
CNTB,"PT Century Textile Industry Tbk",Indonesia,JK,IDR,"Common Stock",
CNTX,"PT Century Textile Industry Tbk",Indonesia,JK,IDR,"Common Stock",ID2000081902
COAL,"PT Black Diamond Resources Tbk",Indonesia,JK,IDR,"Common Stock",
COCO,"PT Wahana Interfood Nusantara Tbk",Indonesia,JK,IDR,"Common Stock",ID1000148208
COWL,"Cowell Development Tbk",Indonesia,JK,IDR,"Common Stock",ID1000108707
CPIN,"Charoen Pokphand Indonesia TBK PT",Indonesia,JK,IDR,"Common Stock",ID1000117708
CPRI,"Capri Nusa Satu Properti Tbk PT",Indonesia,JK,IDR,"Common Stock",ID1000148406
CPRO,"Central Proteina Prima Tbk",Indonesia,JK,IDR,"Common Stock",ID1000105000
CRAB,"PT Toba Surimi Industries Tbk",Indonesia,JK,IDR,"Common Stock",
CSAP,"Catur Sentosa Adiprana Tbk",Indonesia,JK,IDR,"Common Stock",ID1000108301
CSIS,"PT Cahayasakti Investindo Sukses Tbk",Indonesia,JK,IDR,"Common Stock",ID1000138704
CSMI,"Cipta Selera Murni Pt",Indonesia,JK,IDR,"Common Stock",ID1000155401
CSRA,"Cisadane Sawit Raya Pt",Indonesia,JK,IDR,"Common Stock",ID1000153307
CTRA,"Ciputra Development Tbk",Indonesia,JK,IDR,"Common Stock",ID1000115306
CTTH,"Citatah Tbk",Indonesia,JK,IDR,"Common Stock",ID1000070105
CUAN,"PT Petrindo Jaya Kreasi Tbk",Indonesia,JK,IDR,"Common Stock",
DADA,"Diamond Citra Propertindo PT",Indonesia,JK,IDR,"Common Stock",ID1000154503
DART,"Duta Anggada Realty Tbk",Indonesia,JK,IDR,"Common Stock",ID1000089303
DAYA,"Duta Intidaya Tbk PT",Indonesia,JK,IDR,"Common Stock",ID1000137300
DCII,"DCI Indonesia Tbk PT",Indonesia,JK,IDR,"Common Stock",ID1000158603
DEAL,"Dewata Freight International Tbk PT",Indonesia,JK,IDR,"Common Stock",ID1000146806
DEFI,"Danasupra Erapacific Tbk",Indonesia,JK,IDR,"Common Stock",ID1000136104
DEPO,"Caturkarda Depo Bangunan PT Tbk",Indonesia,JK,IDR,"Common Stock",ID1000164304
DEWA,"Darma Henwa Tbk",Indonesia,JK,IDR,"Common Stock",ID1000107303
DEWI,"PT Dewi Shri Farmindo Tbk",Indonesia,JK,IDR,"Common Stock",
DFAM,"PT Dafam Property Indonesia Tbk",Indonesia,JK,IDR,"Common Stock",ID1000142607
DGIK,"Nusa Konstruksi Enjiniring Tbk",Indonesia,JK,IDR,"Common Stock",ID1000108806
DGNS,"Diagnos Laboratorium Utama PT Tbk",Indonesia,JK,IDR,"Common Stock",ID1000158702
DIGI,"Arkadia Digital Media Tbk PT",Indonesia,JK,IDR,"Common Stock",ID1000145402
DILD,"Intiland Development Tbk",Indonesia,JK,IDR,"Common Stock",ID1000116403
DIVA,"Nusantara Voucher Distribution Tbk PT",Indonesia,JK,IDR,"Common Stock",ID1000147002
DKFT,"Central Omega Resources Tbk PT",Indonesia,JK,IDR,"Common Stock",ID1000124100
DLTA,"Delta Djakarta Tbk",Indonesia,JK,IDR,"Common Stock",ID1000136005
DMAS,"Puradelta Lestari PT",Indonesia,JK,IDR,"Common Stock",ID1000134109
DMMX,"Digital Mediatama Maxima PT",Indonesia,JK,IDR,"Common Stock",ID1000151806
DMND,"Diamond Food Indonesia PT",Indonesia,JK,IDR,"Common Stock",ID1000153802
DNAR,"Bank Dinar Indonesia Tbk PT",Indonesia,JK,IDR,"Common Stock",ID1000132301
DNET,"Indoritel Makmur Internasional",Indonesia,JK,IDR,"Common Stock",ID1000063605
DOID,"Delta Dunia Makmur Tbk",Indonesia,JK,IDR,"Common Stock",ID1000110505
DOOH,"Era Media Sejahtera",Indonesia,JK,IDR,"Common Stock",
DPNS,"Duta Pertiwi Nusantara Tbk",Indonesia,JK,IDR,"Common Stock",ID1000103500
DPUM,"Dua Putra Utama Makmur PT",Indonesia,JK,IDR,"Common Stock",ID1000136203
DRMA,"Dharma Polimetal Tbk PT",Indonesia,JK,IDR,"Common Stock",ID1000165509
DSFI,"Dharma Samudera Fishing Tbk",Indonesia,JK,IDR,"Common Stock",ID1000065808
DSNG,"Dharma Satya Nusantara Ptdsn",Indonesia,JK,IDR,"Common Stock",ID1000135809
DSSA,"Dian Swastatika Sentosa Tbk",Indonesia,JK,IDR,"Common Stock",ID1000113400
DUCK,"PT Jaya Bersama Indo Tbk",Indonesia,JK,IDR,"Common Stock",ID1000146202
DUTI,"Duta Pertiwi Tbk",Indonesia,JK,IDR,"Common Stock",ID1000076300
DVLA,"Darya-Varia Laboratoria Tbk",Indonesia,JK,IDR,"Common Stock",ID1000117203
DWGL,"Dwi Guna Laksana Tbk PT",Indonesia,JK,IDR,"Common Stock",ID1000141302
DYAN,"Dyandra Media International PT",Indonesia,JK,IDR,"Common Stock",ID1000126808
EAST,"Eastparc Hotel Tbk PT",Indonesia,JK,IDR,"Common Stock",ID1000150808
ECII,"Electronic City Indonesia Tbk",Indonesia,JK,IDR,"Common Stock",ID1000127905
EDGE,"Indointernet Tbk PT",Indonesia,JK,IDR,"Common Stock",ID1000159403
EKAD,"Ekadharma International Tbk",Indonesia,JK,IDR,"Common Stock",ID1000104805
ELIT,"PT Data Sinergitama Jaya Tbk",Indonesia,JK,IDR,"Common Stock",
ELPI,"PT Pelayaran Nasional Ekalya P",Indonesia,JK,IDR,"Common Stock",
ELSA,"Elnusa Tbk",Indonesia,JK,IDR,"Common Stock",ID1000109606
ELTY,"Bakrieland Development Tbk",Indonesia,JK,IDR,"Common Stock",ID1000088701
EMDE,"Megapolitan Developments Tbk",Indonesia,JK,IDR,"Common Stock",ID1000118003
EMTK,"Elang Mahkota Teknologi Tbk",Indonesia,JK,IDR,"Common Stock",ID1000113905
ENAK,"Champ Resto Indonesia PT",Indonesia,JK,IDR,"Common Stock",ID1000166101
ENRG,"Energi Mega Persada Tbk",Indonesia,JK,IDR,"Common Stock",ID1000098304
ENVY,"Envy Technologies Indonesia Tbk PT",Indonesia,JK,IDR,"Common Stock",ID1000149909
ENZO,"Morenzo Abadi Perkasa Tbk Pt",Indonesia,JK,IDR,"Common Stock",ID1000157803
EPAC,"Megalestari Epack Sentosaraya Pt",Indonesia,JK,IDR,"Common Stock",ID1000156102
EPMT,"Enseval Putra Megatrading Tbk",Indonesia,JK,IDR,"Common Stock",ID1000096506
ERAA,"Erajaya Swasembada Tbk",Indonesia,JK,IDR,"Common Stock",ID1000121601
ERTX,"Eratex Djaja Tbk",Indonesia,JK,IDR,"Common Stock",ID1000076607
ESIP,"Sinergi Inti Plastindo",Indonesia,JK,IDR,"Common Stock",ID1000152101
ESSA,"Surya Esa Perkasa Tbk",Indonesia,JK,IDR,"Common Stock",ID1000122203
ESTA,"Esta Multi Usaha PT",Indonesia,JK,IDR,"Common Stock",ID1000154800
ESTI,"Ever Shine Textile Industry",Indonesia,JK,IDR,"Common Stock",ID1000063506
ETWA,"Eterindo Wahanatama Tbk",Indonesia,JK,IDR,"Common Stock",ID1000064405
EURO,"PT Estee Gold Feet Tbk",Indonesia,JK,IDR,"Common Stock",
EXCL,"XL Axiata Tbk PT",Indonesia,JK,IDR,"Common Stock",ID1000102502
FAPA,"FAP Agri Tbk PT",Indonesia,JK,IDR,"Common Stock",ID1000158405
FAST,"Fast Food Indonesia Tbk",Indonesia,JK,IDR,"Common Stock",ID1000063209
FILM,"MD Pictures Tbk PT",Indonesia,JK,IDR,"Common Stock",ID1000144900
FIMP,"Fimperkasa Utama Tbk PT",Indonesia,JK,IDR,"Common Stock",ID1000160203
FIRE,"Alfa Energi Investama Tbk PT",Indonesia,JK,IDR,"Common Stock",ID1000139009
FISH,"Fks Multi Agro Tbk",Indonesia,JK,IDR,"Common Stock",ID1000080104
FITT,"Hotel Fitra International Tbk PT",Indonesia,JK,IDR,"Common Stock",ID1000148802
FLMC,"Falmaco Nonwoven Industri PT Tbk",Indonesia,JK,IDR,"Common Stock",ID1000161300
FMII,"Fortune Mate Indonesia Tbk",Indonesia,JK,IDR,"Common Stock",ID1000091200
FOOD,"Sentra Food Indonesia Tbk PT",Indonesia,JK,IDR,"Common Stock",ID1000147804
FORU,"Fortune Indonesia Tbk",Indonesia,JK,IDR,"Common Stock",ID1000080203
FORZ,"Forza Land Indonesia Tbk PT",Indonesia,JK,IDR,"Common Stock",ID1000138407
FPNI,"Lotte Chemical Titan Tbk PT",Indonesia,JK,IDR,"Common Stock",ID1000083801
FREN,"Smartfren Telecom Tbk",Indonesia,JK,IDR,"Common Stock",ID1000122302
FUJI,"Fuji Finance Indonesia Tbk PT",Indonesia,JK,IDR,"Common Stock",ID1000150006
FUTR,"Lini Imaji Kreasi Ekosistem",Indonesia,JK,IDR,"Common Stock",
FWCT,"Wijaya Cahaya Timber",Indonesia,JK,IDR,"Common Stock",
GAMA,"Aksara Global Development Tbk PT",Indonesia,JK,IDR,"Common Stock",ID1000123201
GDST,"Gunawan Dianjaya Steel Tbk",Indonesia,JK,IDR,"Common Stock",ID1000113806
GDYR,"Goodyear Indonesia Tbk",Indonesia,JK,IDR,"Common Stock",ID1000134802
GEMA,"Gema Grahasarana Tbk",Indonesia,JK,IDR,"Common Stock",ID1000092505
GGRM,"Gudang Garam Tbk",Indonesia,JK,IDR,"Common Stock",ID1000068604
GGRP,"Gunung Raja Paksi",Indonesia,JK,IDR,"Common Stock",ID1000151202
GHON,"Gihon Telekomunikasi Indonesia Tbk PT",Indonesia,JK,IDR,"Common Stock",ID1000142300
GIAA,"Garuda Indonesia Persero Tbk",Indonesia,JK,IDR,"Common Stock",ID1000118300
GJTL,"Gajah Tunggal Tbk",Indonesia,JK,IDR,"Common Stock",ID1000086002
GLOB,"Globe Kita Terang Tbk PT",Indonesia,JK,IDR,"Common Stock",ID1000123706
GLVA,"Galva Technologies Tbk PT",Indonesia,JK,IDR,"Common Stock",ID1000153109
GMFI,"Garuda Maintenance Facility AeroAsia Tbk PT",Indonesia,JK,IDR,"Common Stock",ID1000140601
GMTD,"Gowa Makassar Tourism Develop",Indonesia,JK,IDR,"Common Stock",ID1000064009
GOOD,"Garudafood Putra Putri Jaya Tbk PT",Indonesia,JK,IDR,"Common Stock",ID1000145907
GOTO,"GoTo Gojek Tokopedia PT",Indonesia,JK,IDR,"Common Stock",ID1000166903
GPRA,"Perdana Gapura Prima Tbk",Indonesia,JK,IDR,"Common Stock",ID1000107501
GPSO,"Geoprima Solusi Tbk PT",Indonesia,JK,IDR,"Common Stock",ID1000162704
GSMF,"Equity Development Investment",Indonesia,JK,IDR,"Common Stock",ID1000074206
GTBO,"Garda Tujuh Buana Tbk",Indonesia,JK,IDR,"Common Stock",ID1000113004
GTRA,"PT Grahaprima Suksesmandiri Tb",Indonesia,JK,IDR,"Common Stock",
GTSI,"GTS Internasional Tbk PT",Indonesia,JK,IDR,"Common Stock",ID1000163306
GULA,"Aman Agrindo",Indonesia,JK,IDR,"Common Stock",
GWSA,"Greenwood Sejahtera Tbk",Indonesia,JK,IDR,"Common Stock",ID1000121809
GZCO,"Gozco Plantations Tbk",Indonesia,JK,IDR,"Common Stock",ID1000110604
HADE,"Himalaya Energi Perkasa Tbk PT",Indonesia,JK,IDR,"Common Stock",ID1000107006
HAIS,"PT Hasnur Internasional",Indonesia,JK,IDR,"Common Stock",
HAJJ,"PT Arsy Buana Travelindo Tbk",Indonesia,JK,IDR,"Common Stock",
HALO,"Haloni Jane",Indonesia,JK,IDR,"Common Stock",
HATM,"Habco Trans Maritima",Indonesia,JK,IDR,"Common Stock",
HDFA,"Radana Bhaskara Finance Tbk",Indonesia,JK,IDR,"Common Stock",ID1000118805
HDIT,"Hensel Davest Indonesia Tbk PT",Indonesia,JK,IDR,"Common Stock",ID1000150303
HEAL,"Medikaloka Hermina PT",Indonesia,JK,IDR,"Common Stock",ID1000143100
HELI,"Jaya Trishindo Tbk PT",Indonesia,JK,IDR,"Common Stock",ID1000142201
HERO,"Hero Supermarket Tbk",Indonesia,JK,IDR,"Common Stock",ID1000122708
HEXA,"Hexindo Adiperkasa Tbk",Indonesia,JK,IDR,"Common Stock",ID1000102205
HILL,Hillcon,Indonesia,JK,IDR,"Common Stock",
HITS,"Humpuss Intermoda Transportasi",Indonesia,JK,IDR,"Common Stock",ID1000107105
HKMU,"HK Metals Utama Tbk PT",Indonesia,JK,IDR,"Common Stock",ID1000146004
HMSP,"Hanjaya Mandala Sampoerna Tbk PT",Indonesia,JK,IDR,"Common Stock",ID1000074008
HOKI,"Buyung Poetra Sembada Tbk PT",Indonesia,JK,IDR,"Common Stock",ID1000139801
HOME,"Hotel Mandarine Regency Tbk PT",Indonesia,JK,IDR,"Common Stock",ID1000111404
HOMI,"Grand House Mulia Pt",Indonesia,JK,IDR,"Common Stock",ID1000157209
HOPE,"PT Harapan Duta Pertiwi Tbk",Indonesia,JK,IDR,"Common Stock",
HOTL,"Saraswati Griya Lestari Tbk",Indonesia,JK,IDR,"Common Stock",ID1000126501
HRME,"Menteng Heritage Realty Tbk PT",Indonesia,JK,IDR,"Common Stock",ID1000148505
HRTA,"Hartadinata Abadi Tbk PT",Indonesia,JK,IDR,"Common Stock",ID1000139405
HRUM,"Harum Energy Tbk PT",Indonesia,JK,IDR,"Common Stock",ID1000116601
IATA,"PT MNC Energy Investments Tbk",Indonesia,JK,IDR,"Common Stock",ID1000104409
IBFN,"Intan Baruprana Finance Tbk",Indonesia,JK,IDR,"Common Stock",ID1000133101
IBOS,"PT Indo Boga Sukses Tbk",Indonesia,JK,IDR,"Common Stock",ID1000167406
IBST,"Inti Bangun Sejahtera Tbk",Indonesia,JK,IDR,"Common Stock",ID1000124506
ICBP,"Indofood Cbp Sukses Makmur Tbk",Indonesia,JK,IDR,"Common Stock",ID1000116700
ICON,"Island Concepts Indonesia Tbk",Indonesia,JK,IDR,"Common Stock",ID1000112204
IDEA,"IDeA Indonesia Akademi Tbk PT",Indonesia,JK,IDR,"Common Stock",ID1000163504
IDPR,"Indonesia Pondasi Raya Tbk PT",Indonesia,JK,IDR,"Common Stock",ID1000136401
IFII,"Indonesia Fibreboard Industry PT",Indonesia,JK,IDR,"Common Stock",ID1000152804
IFSH,Ifishdeco PT,Indonesia,JK,IDR,"Common Stock",ID1000152606
IGAR,"Champion Pacific Indonesia Tbk",Indonesia,JK,IDR,"Common Stock",ID1000059306
IIKP,"Inti Kapuas Arowana Tbk",Indonesia,JK,IDR,"Common Stock",ID1000100506
IKAI,"Intikeramik Alamasri Industri",Indonesia,JK,IDR,"Common Stock",ID1000076201
IKAN,"Era Mandiri Cemerlang Tbk PT",Indonesia,JK,IDR,"Common Stock",ID1000154305
IKBI,"Sumi Indo Kabel Tbk",Indonesia,JK,IDR,"Common Stock",ID1000083009
IMAS,"Indomobil Sukses Internasional",Indonesia,JK,IDR,"Common Stock",ID1000123003
IMJS,"Indomobil Multi Jasa Tbk",Indonesia,JK,IDR,"Common Stock",ID1000129901
IMPC,"Impack Pratama Industri Tbk",Indonesia,JK,IDR,"Common Stock",ID1000133002
INAF,"Indofarma Tbk",Indonesia,JK,IDR,"Common Stock",ID1000068406
INAI,"Indal Aluminium Industry Tbk",Indonesia,JK,IDR,"Common Stock",ID1000130800
INCF,"Indo Komoditi Korpora Tbk PT",Indonesia,JK,IDR,"Common Stock",ID1000086200
INCI,"Intanwijaya Internasional Tbk",Indonesia,JK,IDR,"Common Stock",ID1000064504
INCO,"Vale Indonesia Tbk",Indonesia,JK,IDR,"Common Stock",ID1000109309
INDF,"Indofood Sukses Makmur Tbk PT",Indonesia,JK,IDR,"Common Stock",ID1000057003
INDO,"Royalindo Investa Wijaya",Indonesia,JK,IDR,"Common Stock",ID1000153505
INDR,"Indorama Synthetics Tbk",Indonesia,JK,IDR,"Common Stock",ID1000086101
INDS,"Indospring Tbk",Indonesia,JK,IDR,"Common Stock",ID1000072002
INDX,"Tanah Laut Tbk",Indonesia,JK,IDR,"Common Stock",ID1000102007
INDY,"Indika Energy Tbk",Indonesia,JK,IDR,"Common Stock",ID1000110901
INKP,"Indah Kiat Pulp & Paper Tbk",Indonesia,JK,IDR,"Common Stock",ID1000062201
INOV,"Inocycle Technology Tbk PT",Indonesia,JK,IDR,"Common Stock",ID1000150105
INPC,"Bank Artha Graha Internasional",Indonesia,JK,IDR,"Common Stock",ID1000105505
INPP,"Indonesian Paradise Property",Indonesia,JK,IDR,"Common Stock",ID1000100001
INPS,"Indah Prakasa Sentosa PT Tbk",Indonesia,JK,IDR,"Common Stock",ID1000142508
INRU,"Toba Pulp Lestari Tbk",Indonesia,JK,IDR,"Common Stock",ID1000094303
INTA,"Intraco Penta Tbk",Indonesia,JK,IDR,"Common Stock",ID1000119209
INTD,"Inter-Delta Tbk",Indonesia,JK,IDR,"Common Stock",ID1000085103
INTP,"Indocement Tunggal Prakarsa",Indonesia,JK,IDR,"Common Stock",ID1000061302
IPAC,"Era Graharealty PT Tbk",Indonesia,JK,IDR,"Common Stock",ID1000160906
IPCC,"PT Indonesia Kendaraan Terminal Tbk",Indonesia,JK,IDR,"Common Stock",ID1000144306
IPCM,"Jasa Armada Indonesia Tbk PT",Indonesia,JK,IDR,"Common Stock",ID1000141708
IPOL,"Indopoly Swakarsa Industry Tbk",Indonesia,JK,IDR,"Common Stock",ID1000115900
IPPE,"Indo Pureco Pratama Tbk PT",Indonesia,JK,IDR,"Common Stock",ID1000165103
IPTV,"MNC Vision Networks PT",Indonesia,JK,IDR,"Common Stock",ID1000150402
IRRA,"Itama Ranoraya",Indonesia,JK,IDR,"Common Stock",ID1000151707
IRSX,"PT Aviana Sinar Abadi Tbk",Indonesia,JK,IDR,"Common Stock",
ISAP,"Isra Presisi Indonesia",Indonesia,JK,IDR,"Common Stock",
ISAT,"Indosat Tbk",Indonesia,JK,IDR,"Common Stock",ID1000097405
ISSP,"Steel Pipe Industry Of Indonesia",Indonesia,JK,IDR,"Common Stock",ID1000126709
ITIC,"Indonesian Tobacco Tbk PT",Indonesia,JK,IDR,"Common Stock",ID1000149404
ITMA,"Sumber Energi Andalan Tbk PT",Indonesia,JK,IDR,"Common Stock",ID1000089105
ITMG,"Indo Tambangraya Megah Tbk",Indonesia,JK,IDR,"Common Stock",ID1000108509
JARR,"PT Jhonlin Agro Raya Tbk",Indonesia,JK,IDR,"Common Stock",
JAST,"Jasnita Telekomindo Tbk PT",Indonesia,JK,IDR,"Common Stock",ID1000148604
JATI,"PT Informasi Teknologi Indones",Indonesia,JK,IDR,"Common Stock",
JAWA,"Jaya Agra Wattie Tbk",Indonesia,JK,IDR,"Common Stock",ID1000119001
JAYA,"Armada Berjaya Trans Tbk PT",Indonesia,JK,IDR,"Common Stock",ID1000148109
JECC,"Jembo Cable Company Tbk",Indonesia,JK,IDR,"Common Stock",ID1000074305
JGLE,"Graha Andrasentra Propertindo Tbk PT",Indonesia,JK,IDR,"Common Stock",ID1000137409
JIHD,"Jakarta Int Hotels & Dev",Indonesia,JK,IDR,"Common Stock",ID1000097900
JKON,"Jaya Konstruksi Manggala Pratama",Indonesia,JK,IDR,"Common Stock",ID1000129307
JMAS,"Asuransi Jiwa Syariah Jasa Mitra Abadi Tbk PT",Indonesia,JK,IDR,"Common Stock",ID1000141609
JPFA,"Japfa Comfeed Indonesia Tbk",Indonesia,JK,IDR,"Common Stock",ID1000126907
JRPT,"Jaya Real Property Tbk",Indonesia,JK,IDR,"Common Stock",ID1000128903
JSKY,"Sky Energy Indonesia Tbk PT",Indonesia,JK,IDR,"Common Stock",ID1000142102
JSMR,"Jasa Marga Tbk",Indonesia,JK,IDR,"Common Stock",ID1000108103
JSPT,"Jakarta Setiabudi Internasional",Indonesia,JK,IDR,"Common Stock",ID1000082001
JTPE,"Jasuindo Tiga Perkasa Tbk",Indonesia,JK,IDR,"Common Stock",ID1000120603
KAEF,"Kimia Farma Persero Tbk",Indonesia,JK,IDR,"Common Stock",ID1000070303
KARW,"Ictsi Jasa Prima Tbk",Indonesia,JK,IDR,"Common Stock",ID1000079205
KAYU,"Darmi Bersaudara Tbk PT",Indonesia,JK,IDR,"Common Stock",ID1000149602
KBAG,"Karya Bersama Anugerah Pt",Indonesia,JK,IDR,"Common Stock",ID1000155203
KBLI,"Kmi Wire And Cable Tbk",Indonesia,JK,IDR,"Common Stock",ID1000071806
KBLM,"Kabelindo Murni Tbk",Indonesia,JK,IDR,"Common Stock",ID1000073802
KBLV,"First Media Tbk",Indonesia,JK,IDR,"Common Stock",ID1000051709
KDSI,"Kedawung Setia Industrial Tbk",Indonesia,JK,IDR,"Common Stock",ID1000054703
KDTN,"PT Puri Sentul Permai Tbk",Indonesia,JK,IDR,"Common Stock",
KEEN,"Kencana Energi Lestari",Indonesia,JK,IDR,"Common Stock",ID1000150907
KEJU,"Mulia Boga Raya PT",Indonesia,JK,IDR,"Common Stock",ID1000152309
KETR,"PT Ketrosden Triasmitra Tbk",Indonesia,JK,IDR,"Common Stock",
KIAS,"Keramika Indonesia Assosiasi",Indonesia,JK,IDR,"Common Stock",ID1000088206
KICI,"Kedaung Indah Can Tbk",Indonesia,JK,IDR,"Common Stock",ID1000083207
KIJA,"Kawasan Industri Jababeka Tbk",Indonesia,JK,IDR,"Common Stock",ID1000072507
KING,"Hoffmen Cleanindo",Indonesia,JK,IDR,"Common Stock",
KINO,"Kino Indonesia Tbk PT",Indonesia,JK,IDR,"Common Stock",ID1000136500
KIOS,"Kioson Komersial Indonesia Tbk PT",Indonesia,JK,IDR,"Common Stock",ID1000140403
KJEN,"Krida Jaringan Nusantara Tbk PT",Indonesia,JK,IDR,"Common Stock",ID1000149305
KKES,"PT Kusuma Kemindo Sentosa Tbk",Indonesia,JK,IDR,"Common Stock",
KKGI,"Resource Alam Indonesia Tbk",Indonesia,JK,IDR,"Common Stock",ID1000114309
KLAS,"Pelayaran Kurnia Lautan Semesta",Indonesia,JK,IDR,"Common Stock",
KLBF,"Kalbe Farma Tbk PT",Indonesia,JK,IDR,"Common Stock",ID1000125107
KLIN,"PT Klinko Karya Imaji Tbk",Indonesia,JK,IDR,"Common Stock",
KMDS,"Kurniamitra Duta Sentosa Tbk",Indonesia,JK,IDR,"Common Stock",ID1000157704
KMTR,"Kirana Megatara Tbk PT",Indonesia,JK,IDR,"Common Stock",ID1000139306
KOBX,"Kobexindo Tractors Tbk",Indonesia,JK,IDR,"Common Stock",ID1000123508
KOIN,"Kokoh Inti Arebama Tbk",Indonesia,JK,IDR,"Common Stock",ID1000110406
KONI,"Perdana Bangun Pusaka Tbk PT",Indonesia,JK,IDR,"Common Stock",ID1000079809
KOPI,"Mitra Energi Persada Tbk PT",Indonesia,JK,IDR,"Common Stock",ID1000131501
KOTA,"DMS Propertindo Tbk PT",Indonesia,JK,IDR,"Common Stock",ID1000150709
KPAL,"Steadfast Marine PT",Indonesia,JK,IDR,"Common Stock",ID1000143803
KPAS,"Cottonindo Ariesta Tbk PT",Indonesia,JK,IDR,"Common Stock",ID1000145808
KPIG,"Mnc Land Tbk",Indonesia,JK,IDR,"Common Stock",ID1000052301
KRAH,"Grand Kartech Tbk",Indonesia,JK,IDR,"Common Stock",ID1000129505
KRAS,"Krakatau Steel Persero Tbk",Indonesia,JK,IDR,"Common Stock",ID1000117005
KREN,"Kresna Graha Investama Tbk PT",Indonesia,JK,IDR,"Common Stock",ID1000124308
KRYA,"Bangun Karya Perkasa Jaya",Indonesia,JK,IDR,"Common Stock",
KUAS,"Ace Oldfields PT",Indonesia,JK,IDR,"Common Stock",ID1000163702
LABA,"Ladangbaja Murni PT Tbk",Indonesia,JK,IDR,"Common Stock",ID1000160708
LAJU,"PT Jasa Berdikari Logistics Tb",Indonesia,JK,IDR,"Common Stock",
LAND,"Trimitra Propertindo Tbk PT",Indonesia,JK,IDR,"Common Stock",ID1000145006
LAPD,"Leyand International Tbk",Indonesia,JK,IDR,"Common Stock",ID1000071004
LCKM,"LCK Global Kedaton",Indonesia,JK,IDR,"Common Stock",ID1000141906
LEAD,"Logindo Samudramakmur Tbk",Indonesia,JK,IDR,"Common Stock",ID1000134000
LFLO,"Imago Mulia Persada Tbk PT",Indonesia,JK,IDR,"Common Stock",ID1000160005
LIFE,"Asuransi Jiwa Sinarmas Msig PT",Indonesia,JK,IDR,"Common Stock",ID1000150600
LINK,"Link Net Tbk",Indonesia,JK,IDR,"Common Stock",ID1000131808
LION,"Lion Metal Works Tbk",Indonesia,JK,IDR,"Common Stock",ID1000135403
LMAS,"Limas Indonesia Makmur Tbk",Indonesia,JK,IDR,"Common Stock",ID1000079403
LMPI,"Langgeng Makmur Industri Tbk",Indonesia,JK,IDR,"Common Stock",ID1000062409
LMSH,"Lionmesh Prima Tbk",Indonesia,JK,IDR,"Common Stock",ID1000135502
LPCK,"Lippo Cikarang Tbk",Indonesia,JK,IDR,"Common Stock",ID1000080302
LPGI,"Lippo General Insurance Tbk",Indonesia,JK,IDR,"Common Stock",ID1000068109
LPIN,"Multi Prima Sejahtera Tbk",Indonesia,JK,IDR,"Common Stock",ID1000086408
LPKR,"Lippo Karawaci Tbk",Indonesia,JK,IDR,"Common Stock",ID1000108905
LPLI,"Star Pacific Tbk",Indonesia,JK,IDR,"Common Stock",ID1000100902
LPPF,"Matahari Department Store Tbk",Indonesia,JK,IDR,"Common Stock",ID1000113301
LPPS,"Lenox Pasifik Investama Tbk PT",Indonesia,JK,IDR,"Common Stock",ID1000119803
LRNA,"Eka Sari Lorena Transport Tbk",Indonesia,JK,IDR,"Common Stock",ID1000131204
LSIP,"Perusahaan Perkebunan London Sumatra Indonesia Tbk PT",Indonesia,JK,IDR,"Common Stock",ID1000118409
LTLS,"Lautan Luas Tbk",Indonesia,JK,IDR,"Common Stock",ID1000133507
LUCK,"Sentral Mitra Informatika Tbk PT",Indonesia,JK,IDR,"Common Stock",ID1000147101
LUCY,"Lima Dua Lima Tiga PT",Indonesia,JK,IDR,"Common Stock",ID1000160401
MABA,"Marga Abhinaya Abadi Tbk PT",Indonesia,JK,IDR,"Common Stock",ID1000140007
MAGP,"Multi Agro Gemilang Plantation Tbk PT",Indonesia,JK,IDR,"Common Stock",ID1000126402
MAIN,"Malindo Feedmill Tbk",Indonesia,JK,IDR,"Common Stock",ID1000119407
MAMI,"Mas Murni Indonesia Tbk",Indonesia,JK,IDR,"Common Stock",ID1000082506
MAPA,"MAP Aktif Adiperkasa Tbk PT",Indonesia,JK,IDR,"Common Stock",ID1000144108
MAPB,"Map Boga Adiperkasa Tbk PT",Indonesia,JK,IDR,"Common Stock",ID1000139702
MAPI,"Mitra Adiperkasa Tbk",Indonesia,JK,IDR,"Common Stock",ID1000099807
MARI,"Mahaka Radio Integra Tbk PT",Indonesia,JK,IDR,"Common Stock",ID1000136906
MARK,"Mark Dynamics Indonesia Tbk PT",Indonesia,JK,IDR,"Common Stock",ID1000140106
MASA,"Multistrada Arah Sarana Tbk",Indonesia,JK,IDR,"Common Stock",ID1000101207
MASB,"Bank Multiarta Sentosa PT",Indonesia,JK,IDR,"Common Stock",ID1000161102
MAXI,"Maxindo Karya Anugerah",Indonesia,JK,IDR,"Common Stock",
MAYA,"Bank Mayapada Internasional",Indonesia,JK,IDR,"Common Stock",ID1000055205
MBAP,"Mitrabara Adiperdana PT",Indonesia,JK,IDR,"Common Stock",ID1000132400
MBMA,"PT Merdeka Battery Materials",Indonesia,JK,IDR,"Common Stock",
MBSS,"Mitrabahtera Segara Sejati Tbk",Indonesia,JK,IDR,"Common Stock",ID1000118607
MBTO,"Martina Berto Tbk",Indonesia,JK,IDR,"Common Stock",ID1000118102
MCAS,"M Cash Integrasi Tbk PT",Indonesia,JK,IDR,"Common Stock",ID1000140908
MCOL,"Prima Andalan Mandiri Tbk PT",Indonesia,JK,IDR,"Common Stock",ID1000162902
MCOR,"Bank Windu Kentjana Int",Indonesia,JK,IDR,"Common Stock",ID1000106305
MDIA,"Intermedia Capital Tbk",Indonesia,JK,IDR,"Common Stock",ID1000131303
MDKA,"Merdeka Copper Gold PT",Indonesia,JK,IDR,"Common Stock",ID1000134406
MDKI,"Emdeki Utama Tbk PT",Indonesia,JK,IDR,"Common Stock",ID1000140304
MDLN,"Modernland Realty Ltd Tbk",Indonesia,JK,IDR,"Common Stock",ID1000129604
MDRN,"Modern Internasional Tbk",Indonesia,JK,IDR,"Common Stock",ID1000123300
MEDC,"Medco Energi Internasional Tbk",Indonesia,JK,IDR,"Common Stock",ID1000053705
MEDS,"PT Hetzer Medical Indonesia Tb",Indonesia,JK,IDR,"Common Stock",
MEGA,"Bank Mega Tbk",Indonesia,JK,IDR,"Common Stock",ID1000052400
MENN,"PT Menn Teknologi Indonesia",Indonesia,JK,IDR,"Common Stock",
MERK,"Merck Tbk",Indonesia,JK,IDR,"Common Stock",ID1000136609
META,"Nusantara Infrastructure Tbk",Indonesia,JK,IDR,"Common Stock",ID1000116304
MFIN,"Mandala Multifinance Tbk",Indonesia,JK,IDR,"Common Stock",ID1000102304
MFMI,"Multifiling Mitra Indonesia",Indonesia,JK,IDR,"Common Stock",ID1000117906
MGLV,"Panca Anugrah Wisesa Tbk PT",Indonesia,JK,IDR,"Common Stock",ID1000160609
MGNA,"Magna Finance Tbk",Indonesia,JK,IDR,"Common Stock",ID1000132103
MGRO,"Mahkota Group Tbk PT",Indonesia,JK,IDR,"Common Stock",ID1000144603
MICE,"Multi Indocitra Tbk",Indonesia,JK,IDR,"Common Stock",ID1000102809
MIDI,"Midi Utama Indonesia Tbk",Indonesia,JK,IDR,"Common Stock",ID1000117302
MIKA,"Mitra Keluarga Karyasehat Tbk PT",Indonesia,JK,IDR,"Common Stock",ID1000135700
MINA,"Sanurhasta Mitra PT",Indonesia,JK,IDR,"Common Stock",ID1000138506
MIRA,"Mitra International Resources",Indonesia,JK,IDR,"Common Stock",ID1000110703
MKNT,"Mitra Komunikasi Nusantara Tbk PT",Indonesia,JK,IDR,"Common Stock",ID1000135908
MKPI,"Metropolitan Kentjana Tbk",Indonesia,JK,IDR,"Common Stock",ID1000112808
MKTR,"Menthobi Karyatama Raya",Indonesia,JK,IDR,"Common Stock",
MLBI,"Multi Bintang Indonesia Tbk",Indonesia,JK,IDR,"Common Stock",ID1000132806
MLIA,"PT Mulia Industrindo Tbk",Indonesia,JK,IDR,"Common Stock",ID1000060106
MLPL,"Multipolar Tbk",Indonesia,JK,IDR,"Common Stock",ID1000115207
MLPT,"Multipolar Technology Tbk",Indonesia,JK,IDR,"Common Stock",ID1000128408
MMIX,"Multi Medika Internasional",Indonesia,JK,IDR,"Common Stock",
MMLP,"Mega Manunggal Property TBK PT",Indonesia,JK,IDR,"Common Stock",ID1000134307
MNCN,"Media Nusantara Citra Tbk PT",Indonesia,JK,IDR,"Common Stock",ID1000106206
MOLI,"Madusari Murni Indah Tbk PT",Indonesia,JK,IDR,"Common Stock",ID1000145204
MORA,"Mora Telematika Indonesia",Indonesia,JK,IDR,"Common Stock",
MPMX,"Mitra Pinasthika Mustika Tbk",Indonesia,JK,IDR,"Common Stock",ID1000127202
MPOW,"Megapower Makmur TBK PT",Indonesia,JK,IDR,"Common Stock",ID1000139900
MPPA,"Matahari Putra Prima Tbk",Indonesia,JK,IDR,"Common Stock",ID1000125909
MPRO,"Maha Properti Indonesia Tbk PT",Indonesia,JK,IDR,"Common Stock",ID1000146301
MPXL,"MPX Logistics International",Indonesia,JK,IDR,"Common Stock",
MRAT,"Mustika Ratu Tbk",Indonesia,JK,IDR,"Common Stock",ID1000092604
MREI,"Maskapai Reasuransi Indonesia",Indonesia,JK,IDR,"Common Stock",ID1000056005
MSIN,"MNC Studios International Tbk PT",Indonesia,JK,IDR,"Common Stock",ID1000143605
MSKY,"Mnc Sky Vision Tbk",Indonesia,JK,IDR,"Common Stock",ID1000123607
MTDL,"Metrodata Electronics Tbk",Indonesia,JK,IDR,"Common Stock",ID1000055007
MTEL,"Dayamitra Telekomunikasi PT",Indonesia,JK,IDR,"Common Stock",ID1000164205
MTLA,"Metropolitan Land Tbk",Indonesia,JK,IDR,"Common Stock",ID1000119308
MTMH,"PT Murni Sadar Tbk",Indonesia,JK,IDR,"Common Stock",
MTPS,"Meta Epsi Tbk PT",Indonesia,JK,IDR,"Common Stock",ID1000148307
MTRA,"Mitra Pemuda Tbk PT",Indonesia,JK,IDR,"Common Stock",ID1000136807
MTSM,"Metro Realty Tbk",Indonesia,JK,IDR,"Common Stock",ID1000121007
MTWI,"Malacca Trust Wuwungan Insurance PT",Indonesia,JK,IDR,"Common Stock",ID1000140700
MYOH,"Samindo Resources Tbk",Indonesia,JK,IDR,"Common Stock",ID1000120900
MYOR,"Mayora Indah Tbk",Indonesia,JK,IDR,"Common Stock",ID1000060007
MYRX,"Hanson International Tbk",Indonesia,JK,IDR,"Common Stock",ID1000059603
MYTX,"Asia Pacific Investama Tbk PT",Indonesia,JK,IDR,"Common Stock",ID1000074701
NANO,"Nanotech Indonesia Global Tbk PT",Indonesia,JK,IDR,"Common Stock",ID1000166606
NASA,"Andalan Perkasa Abadi Tbk PT",Indonesia,JK,IDR,"Common Stock",ID1000140205
NASI,"Wahana Inti MakmurTbk PT",Indonesia,JK,IDR,"Common Stock",ID1000165301
NATO,"Surya Permata Andalan Tbk PT",Indonesia,JK,IDR,"Common Stock",ID1000148000
NAYZ,"PT Hassana Boga Sejahtera Tbk",Indonesia,JK,IDR,"Common Stock",
NCKL,"PT Trimegah Bangun Persada Tbk",Indonesia,JK,IDR,"Common Stock",
NELY,"Pelayaran Nelly Dwi Putri Tbk",Indonesia,JK,IDR,"Common Stock",ID1000125206
NETV,"Net Visi Media Tbk PT",Indonesia,JK,IDR,"Common Stock",ID1000165905
NFCX,"NFC Indonesia PT Tbk",Indonesia,JK,IDR,"Common Stock",ID1000144504
NICK,"Charnic Capital Tbk PT",Indonesia,JK,IDR,"Common Stock",ID1000142706
NICL,"PAM Mineral Tbk PT",Indonesia,JK,IDR,"Common Stock",ID1000161409
NIKL,"Pelat Timah Nusantara Tbk",Indonesia,JK,IDR,"Common Stock",ID1000113608
NINE,"PT Techno9 Indonesia Tbk",Indonesia,JK,IDR,"Common Stock",
NIRO,"City Retail Developments Tbk PT",Indonesia,JK,IDR,"Common Stock",ID1000124605
NISP,"Bank Ocbc Nisp Tbk",Indonesia,JK,IDR,"Common Stock",ID1000094402
NOBU,"Bank Nationalnobu Tbk",Indonesia,JK,IDR,"Common Stock",ID1000127103
NPGF,"Nusa Palapa Gemilang PT Tbk",Indonesia,JK,IDR,"Common Stock",ID1000160104
NRCA,"Nusa Raya Cipta Tbk",Indonesia,JK,IDR,"Common Stock",ID1000127608
NSSS,"Nusantara Sawit Sejahtera",Indonesia,JK,IDR,"Common Stock",
NTBK,"Nusatama Berkah Tbk PT",Indonesia,JK,IDR,"Common Stock",ID1000166200
NUSA,"Sinergi Megah Internusa Tbk PT",Indonesia,JK,IDR,"Common Stock",ID1000144702
NZIA,"Nusantara Almazia",Indonesia,JK,IDR,"Common Stock",ID1000151400
OASA,"Protech Mitra Perkasa Tbk PT",Indonesia,JK,IDR,"Common Stock",ID1000137607
OBMD,"Obm Drilchem PT",Indonesia,JK,IDR,"Common Stock",ID1000165202
OCAP,"Onix Capital Tbk",Indonesia,JK,IDR,"Common Stock",ID1000096100
OILS,"Indo Oil Perkasa PT",Indonesia,JK,IDR,"Common Stock",ID1000162803
OKAS,"Ancora Indonesia Resources Tbk",Indonesia,JK,IDR,"Common Stock",ID1000103302
OLIV,"Oscar Mitra Sukses Sejahtera Tbk PT",Indonesia,JK,IDR,"Common Stock",ID1000167802
OMED,"Jayamas Medica Industri",Indonesia,JK,IDR,"Common Stock",
OMRE,"Indonesia Prima Property Tbk",Indonesia,JK,IDR,"Common Stock",ID1000075401
OPMS,"Optima Prima Metal Sinergi",Indonesia,JK,IDR,"Common Stock",ID1000151301
PACK,"PT Solusi Digital Packaging Tb",Indonesia,JK,IDR,"Common Stock",
PADA,"Personel Alih Daya",Indonesia,JK,IDR,"Common Stock",
PADI,"Minna Padi Investama Tbk",Indonesia,JK,IDR,"Common Stock",ID1000121908
PALM,"Provident Agro Tbk",Indonesia,JK,IDR,"Common Stock",ID1000125008
PAMG,"Bima Sakti Pertiwi Tbk PT",Indonesia,JK,IDR,"Common Stock",ID1000149503
PANI,"Pratama Abadi Nusa Industri Tbk PT",Indonesia,JK,IDR,"Common Stock",ID1000145303
PANR,"Panorama Sentrawisata Tbk",Indonesia,JK,IDR,"Common Stock",ID1000109705
PANS,"Panin Sekuritas Tbk",Indonesia,JK,IDR,"Common Stock",ID1000109200
PBID,"Panca Budi Idaman Tbk PT",Indonesia,JK,IDR,"Common Stock",ID1000141401
PBRX,"Pan Brothers Tbk",Indonesia,JK,IDR,"Common Stock",ID1000119506
PBSA,"Paramita Bangun Sarana Tbk PT",Indonesia,JK,IDR,"Common Stock",ID1000137904
PCAR,"Prima Cakrawala Abadi PT",Indonesia,JK,IDR,"Common Stock",ID1000141807
PDES,"Destinasi Tirta Nusantara Tbk",Indonesia,JK,IDR,"Common Stock",ID1000111107
PDPP,"PT Primadaya Plastisindo Tbk",Indonesia,JK,IDR,"Common Stock",
PEGE,"Panca Global Securities Tbk",Indonesia,JK,IDR,"Common Stock",ID1000101405
PEHA,"Phapros Tbk PT",Indonesia,JK,IDR,"Common Stock",ID1000147507
PEVE,"Penta Valent",Indonesia,JK,IDR,"Common Stock",
PGAS,"Perusahaan Gas Negara Persero",Indonesia,JK,IDR,"Common Stock",ID1000111602
PGEO,"Pertamina Geothermal Energy",Indonesia,JK,IDR,"Common Stock",
PGJO,"Tourindo Guide Indonesia Pt",Indonesia,JK,IDR,"Common Stock",ID1000153208
PGLI,"Pembangunan Graha Lestari Tbk",Indonesia,JK,IDR,"Common Stock",ID1000090509
PGUN,"Pt Pradiksi Gunatama Tbk",Indonesia,JK,IDR,"Common Stock",ID1000156409
PICO,"Pelangi Indah Canindo Tbk",Indonesia,JK,IDR,"Common Stock",ID1000088404
PIPA,"Multi Makmur Lemindo",Indonesia,JK,IDR,"Common Stock",
PJAA,"Pembangunan Jaya Ancol Tbk",Indonesia,JK,IDR,"Common Stock",ID1000103807
PKPK,"Perdana Karya Perkasa Tbk",Indonesia,JK,IDR,"Common Stock",ID1000106404
PLAN,"Planet Properindo Jaya Pt",Indonesia,JK,IDR,"Common Stock",ID1000157407
PLAS,"Polaris Investama Tbk",Indonesia,JK,IDR,"Common Stock",ID1000097306
PMJS,"Putra Mandiri Jembar Tbk PT",Indonesia,JK,IDR,"Common Stock",ID1000153000
PMMP,"Panca Mitra Multiperdana Tbk PT",Indonesia,JK,IDR,"Common Stock",ID1000158306
PNBN,"Bank Pan Indonesia Tbk",Indonesia,JK,IDR,"Common Stock",ID1000092703
PNBS,"Bank Panin Syariah Tbk",Indonesia,JK,IDR,"Common Stock",ID1000130701
PNGO,"Pinago Utama Tbk Pt",Indonesia,JK,IDR,"Common Stock",ID1000156904
PNIN,"Paninvest Tbk",Indonesia,JK,IDR,"Common Stock",ID1000094907
PNLF,"Panin Financial Tbk",Indonesia,JK,IDR,"Common Stock",ID1000095607
PNSE,"Pudjiadi & Sons Tbk",Indonesia,JK,IDR,"Common Stock",ID1000124803
POLA,"Pool Advista Finance Tbk PT",Indonesia,JK,IDR,"Common Stock",ID1000146905
POLI,"Pollux Investasi Internasional Tbk PT",Indonesia,JK,IDR,"Common Stock",ID1000147606
POLL,"Pollux Properti Indonesia Tbk PT",Indonesia,JK,IDR,"Common Stock",ID1000144405
POLU,"Golden Flower Tbk PT",Indonesia,JK,IDR,"Common Stock",ID1000149206
POLY,"Asia Pacific Fibers Tbk",Indonesia,JK,IDR,"Common Stock",ID1000110208
POOL,"Pool Advista Indonesia Tbk",Indonesia,JK,IDR,"Common Stock",ID1000122005
PORT,"Nusantara Pelabuhan Handal Tbk PT",Indonesia,JK,IDR,"Common Stock",ID1000138209
POSA,"Bliss Properti Indonesia Tbk PT",Indonesia,JK,IDR,"Common Stock",ID1000148703
POWR,"Cikarang Listrindo Tbk PT",Indonesia,JK,IDR,"Common Stock",ID1000137201
PPGL,"Prima Globalindo Logistik Tbk",Indonesia,JK,IDR,"Common Stock",ID1000156508
PPRE,"PP Presisi Tbk PT",Indonesia,JK,IDR,"Common Stock",ID1000141005
PPRO,"PP Properti Tbk PT",Indonesia,JK,IDR,"Common Stock",ID1000133903
PRAS,"Prima Alloy Steel Universal",Indonesia,JK,IDR,"Common Stock",ID1000102403
PRAY,"Famon Awal Bros Sedaya",Indonesia,JK,IDR,"Common Stock",
PRDA,"Prodia Widyahusada Tbk PT",Indonesia,JK,IDR,"Common Stock",ID1000138001
PRIM,"Royal Prima PT",Indonesia,JK,IDR,"Common Stock",ID1000143209
PSAB,"J Resources Asia Pasifik Tbk",Indonesia,JK,IDR,"Common Stock",ID1000094709
PSDN,"Prasidha Aneka Niaga Tbk",Indonesia,JK,IDR,"Common Stock",ID1000090400
PSGO,"Palma Serasih PT",Indonesia,JK,IDR,"Common Stock",ID1000152408
PSKT,"Red Planet Indonesia Tbk",Indonesia,JK,IDR,"Common Stock",ID1000087802
PSSI,"Pelita Samudera Shipping Tbk PT",Indonesia,JK,IDR,"Common Stock",ID1000141203
PTBA,"Bukit Asam Tbk PT",Indonesia,JK,IDR,"Common Stock",ID1000094006
PTDU,"Djasa Ubersakti Tbk",Indonesia,JK,IDR,"Common Stock",ID1000158009
PTIS,"Indo Straits Tbk",Indonesia,JK,IDR,"Common Stock",ID1000120009
PTMP,"PT Mitra Pack Tbk",Indonesia,JK,IDR,"Common Stock",
PTPP,"Pembangunan Perumahan PT",Indonesia,JK,IDR,"Common Stock",ID1000114002
PTPW,"Pratama Widya Tbk Pt",Indonesia,JK,IDR,"Common Stock",ID1000154107
PTRO,"Petrosea Tbk",Indonesia,JK,IDR,"Common Stock",ID1000122401
PTSN,"Sat Nusapersada Tbk",Indonesia,JK,IDR,"Common Stock",ID1000107808
PTSP,"Pioneerindo Gourmet International",Indonesia,JK,IDR,"Common Stock",ID1000064108
PUDP,"Pudjiadi Prestige Tbk",Indonesia,JK,IDR,"Common Stock",ID1000080609
PURA,"Putra Rajawali Kencana PT",Indonesia,JK,IDR,"Common Stock",ID1000153901
PURE,"Trinitan Metals and Minerals",Indonesia,JK,IDR,"Common Stock",ID1000151509
PURI,"Puri Global Sukses Tbk Pt",Indonesia,JK,IDR,"Common Stock",ID1000157001
PWON,"Pakuwon Jati Tbk",Indonesia,JK,IDR,"Common Stock",ID1000122500
PYFA,"Pyridam Farma Tbk",Indonesia,JK,IDR,"Common Stock",ID1000075609
PZZA,"PT Sarimelati Kencana Tbk",Indonesia,JK,IDR,"Common Stock",ID1000143407
RAAM,"Tripar Multivision Plus",Indonesia,JK,IDR,"Common Stock",
RAFI,"PT Sari Kreasi Boga Tbk",Indonesia,JK,IDR,"Common Stock",
RAJA,"Rukun Raharja Tbk",Indonesia,JK,IDR,"Common Stock",ID1000094105
RALS,"Ramayana Lestari Sentosa Tbk",Indonesia,JK,IDR,"Common Stock",ID1000099500
RANC,"Supra Boga Lestari Tbk",Indonesia,JK,IDR,"Common Stock",ID1000122906
RBMS,"Ristia Bintang Mahkotasejati",Indonesia,JK,IDR,"Common Stock",ID1000058100
RCCC,"PT Utama Radar Cahaya Tbk",Indonesia,JK,IDR,"Common Stock",
RDTX,"Roda Vivatex Tbk",Indonesia,JK,IDR,"Common Stock",ID1000067200
REAL,"Repower Asia Indonesia PT",Indonesia,JK,IDR,"Common Stock",ID1000152705
RELI,"Reliance Securities Tbk",Indonesia,JK,IDR,"Common Stock",ID1000101603
RICY,"Ricky Putra Globalindo Tbk",Indonesia,JK,IDR,"Common Stock",ID1000059801
RIGS,"Rig Tenders Tbk",Indonesia,JK,IDR,"Common Stock",ID1000098809
RIMO,"Rimo International Lestari Tbk PT",Indonesia,JK,IDR,"Common Stock",ID1000062706
RISE,"Jaya Sukses Makmur Sentosa Tbk PT",Indonesia,JK,IDR,"Common Stock",ID1000144801
RMBA,"Bentoel International Investama",Indonesia,JK,IDR,"Common Stock",ID1000052509
RMKE,"RMK Energy PT Tbk",Indonesia,JK,IDR,"Common Stock",ID1000164908
ROCK,"Rockfields Property Indonesia Pt",Indonesia,JK,IDR,"Common Stock",ID1000157605
RODA,"Pikko Land Development Tbk",Indonesia,JK,IDR,"Common Stock",ID1000075203
RONY,"Aesler Grup Internasional Tbk Pt",Indonesia,JK,IDR,"Common Stock",ID1000155609
ROTI,"Nippon Indosari Corpindo Tbk",Indonesia,JK,IDR,"Common Stock",ID1000129703
RSGK,"Kedoya Adyaraya Tbk PT",Indonesia,JK,IDR,"Common Stock",ID1000163009
RUIS,"Radiant Utama Interinsco Tbk",Indonesia,JK,IDR,"Common Stock",ID1000103708
RUNS,"Global Sukses Solusi Tbk PT",Indonesia,JK,IDR,"Common Stock",ID1000163405
SAFE,"Steady Safe TBK PT",Indonesia,JK,IDR,"Common Stock",ID1000067309
SAGE,"PT Saptausaha Gemilangindah Tb",Indonesia,JK,IDR,"Common Stock",
SAME,"Sarana Meditama Metropolitan",Indonesia,JK,IDR,"Common Stock",ID1000126303
SAMF,"Saraswanti Anugerah Makmur Pt",Indonesia,JK,IDR,"Common Stock",ID1000155104
SAPX,"Satria Antaran Prima Tbk PT",Indonesia,JK,IDR,"Common Stock",ID1000145600
SATU,"Kota Satu Properti Tbk PT",Indonesia,JK,IDR,"Common Stock",ID1000146707
SBAT,"Sejahtera Bintang Abadi Textile Tbk",Indonesia,JK,IDR,"Common Stock",ID1000155302
SBMA,"Surya Biru Murni Acetylene Tbk PT",Indonesia,JK,IDR,"Common Stock",ID1000163207
SCCO,"Supreme Cable Manufacturing Corp",Indonesia,JK,IDR,"Common Stock",ID1000080906
SCMA,"Surya Citra Media Tbk",Indonesia,JK,IDR,"Common Stock",ID1000125305
SCNP,"PT Selaras Citra Nusantara Perkasa Tbk",Indonesia,JK,IDR,"Common Stock",
SDMU,"Sidomulyo Selaras Tbk",Indonesia,JK,IDR,"Common Stock",ID1000120108
SDPC,"Millennium Pharmacon International",Indonesia,JK,IDR,"Common Stock",ID1000072804
SDRA,"Bank Woori Saudara Indonesia 1906",Indonesia,JK,IDR,"Common Stock",ID1000105307
SEMA,"Semacom Integrated Tbk PT",Indonesia,JK,IDR,"Common Stock",ID1000165707
SFAN,"Surya Fajar Capital Tbk PT",Indonesia,JK,IDR,"Common Stock",ID1000149107
SGER,"Sumber Global Energy Tbk Pt",Indonesia,JK,IDR,"Common Stock",ID1000156706
SGRO,"Sampoerna Agro Tbk",Indonesia,JK,IDR,"Common Stock",ID1000106107
SHID,"Hotel Sahid Jaya Tbk",Indonesia,JK,IDR,"Common Stock",ID1000068505
SHIP,"Sillo Maritime Perdana Tbk PT",Indonesia,JK,IDR,"Common Stock",ID1000137102
SICO,"PT Sigma Energy Compressindo T",Indonesia,JK,IDR,"Common Stock",
SIDO,"Sido Muncul PT",Indonesia,JK,IDR,"Common Stock",ID1000130305
SILO,"Siloam International Hospitals",Indonesia,JK,IDR,"Common Stock",ID1000129208
SIMA,"Siwani Makmur Tbk",Indonesia,JK,IDR,"Common Stock",ID1000063902
SIMP,"Salim Ivomas Pratama Tbk",Indonesia,JK,IDR,"Common Stock",ID1000119100
SINI,"Singaraja Putra",Indonesia,JK,IDR,"Common Stock",ID1000151905
SIPD,"PT Sreeya Sewu Indonesia Tbk",Indonesia,JK,IDR,"Common Stock",ID1000133606
SKBM,"Sekar Bumi Tbk",Indonesia,JK,IDR,"Common Stock",ID1000124407
SKLT,"Sekar Laut Tbk",Indonesia,JK,IDR,"Common Stock",ID1000059702
SKRN,"Superkrane Mitra Utama Tbk PT",Indonesia,JK,IDR,"Common Stock",ID1000146103
SKYB,"Northcliff Citranusa Indonesia Tbk PT",Indonesia,JK,IDR,"Common Stock",ID1000115801
SLIS,"Gaya Abadi Sempurna ",Indonesia,JK,IDR,"Common Stock",ID1000151608
SMAR,"Sinar Mas Agro Resources and Technology Tbk PT",Indonesia,JK,IDR,"Common Stock",ID1000101504
SMBR,"Semen Baturaja Persero Tbk",Indonesia,JK,IDR,"Common Stock",ID1000127806
SMCB,"Solusi Bangun Indonesia Tbk PT",Indonesia,JK,IDR,"Common Stock",ID1000072309
SMDM,"Suryamas Dutamakmur Tbk",Indonesia,JK,IDR,"Common Stock",ID1000067408
SMDR,"Samudera Indonesia Tbk",Indonesia,JK,IDR,"Common Stock",ID1000075906
SMGR,"Semen Indonesia Persero Tbk",Indonesia,JK,IDR,"Common Stock",ID1000106800
SMIL,"Sarana Mitra Luas",Indonesia,JK,IDR,"Common Stock",
SMKL,"Satyamitra Kemas Lestari Tbk PT",Indonesia,JK,IDR,"Common Stock",
SMKM,"Sumber Mas Konstruksi Tbk PT",Indonesia,JK,IDR,"Common Stock",ID1000166408
SMMA,"Sinar Mas Multiartha Tbk",Indonesia,JK,IDR,"Common Stock",ID1000094501
SMMT,"Golden Eagle Energy Tbk",Indonesia,JK,IDR,"Common Stock",ID1000100704
SMRA,"Summarecon Agung Tbk",Indonesia,JK,IDR,"Common Stock",ID1000092406
SMRU,"Smr Utama Tbk",Indonesia,JK,IDR,"Common Stock",ID1000120801
SMSM,"Selamat Sempurna Tbk",Indonesia,JK,IDR,"Common Stock",ID1000095409
SNLK,"PT Sunter Lakeside Hotel Tbk",Indonesia,JK,IDR,"Common Stock",
SOCI,"Soechi Lines Tbk",Indonesia,JK,IDR,"Common Stock",ID1000132905
SOFA,"PT Boston Furniture Industries Tbk",Indonesia,JK,IDR,"Common Stock",
SOHO,"PT Soho Global Health Tbk",Indonesia,JK,IDR,"Common Stock",
SONA,"Sona Topas Tourism Industry",Indonesia,JK,IDR,"Common Stock",ID1000052202
SOSS,"Shield On Service Tbk PT",Indonesia,JK,IDR,"Common Stock",ID1000146608
SOTS,"Satria Mega Kencana Tbk PT",Indonesia,JK,IDR,"Common Stock",ID1000147309
SOUL,"PT Mitra Tirta Buwana Tbk",Indonesia,JK,IDR,"Common Stock",
SPMA,"Suparma Tbk",Indonesia,JK,IDR,"Common Stock",ID1000054307
SPTO,"PT Surya Pertiwi Tbk",Indonesia,JK,IDR,"Common Stock",ID1000143001
SQMI,"Wilton Makmur Indonesia Tbk",Indonesia,JK,IDR,"Common Stock",ID1000098601
SRAJ,"Sejahteraraya Anugrahjaya Tbk",Indonesia,JK,IDR,"Common Stock",ID1000118706
SRIL,"Sri Rejeki Isman(Sritex)PT",Indonesia,JK,IDR,"Common Stock",ID1000127400
SRSN,"Indo Acidatama Tbk",Indonesia,JK,IDR,"Common Stock",ID1000102601
SRTG,"Saratoga Investama Sedaya",Indonesia,JK,IDR,"Common Stock",ID1000127707
SSIA,"Surya Semesta Internusa Tbk",Indonesia,JK,IDR,"Common Stock",ID1000119902
SSMS,"Sawit Sumbermas Sarana Tbk",Indonesia,JK,IDR,"Common Stock",ID1000130008
SSTM,"Sunson Textile Manufacturer",Indonesia,JK,IDR,"Common Stock",ID1000081508
STAA,"Sumber Tani Agung Resources Tbk PT",Indonesia,JK,IDR,"Common Stock",ID1000166507
STAR,"PT Buana Artha Anugerah Tbk",Indonesia,JK,IDR,"Common Stock",ID1000120306
STTP,"Siantar Top Tbk",Indonesia,JK,IDR,"Common Stock",ID1000079502
SULI,"Slj Global Tbk",Indonesia,JK,IDR,"Common Stock",ID1000088909
SUNI,"PT Sunindo Pratama Tbk",Indonesia,JK,IDR,"Common Stock",
SUPR,"Solusi Tunas Pratama Tbk",Indonesia,JK,IDR,"Common Stock",ID1000120702
SURE,"Super Energy Tbk PT",Indonesia,JK,IDR,"Common Stock",ID1000145709
SWAT,Sriwahana,Indonesia,JK,IDR,"Common Stock",ID1000143704
SWID,"PT Saraswanti Indoland Develop",Indonesia,JK,IDR,"Common Stock",
TALF,"Tunas Alfin Tbk",Indonesia,JK,IDR,"Common Stock",ID1000130107
TAMA,"Lancartama Sejati Tbk",Indonesia,JK,IDR,"Common Stock",ID1000154008
TAMU,"PT Pelayaran Tamarin Samudra Tbk",Indonesia,JK,IDR,"Common Stock",ID1000138803
TAPG,"Triputra Agro Persada Tbk PT",Indonesia,JK,IDR,"Common Stock",ID1000160302
TARA,"Agung Semesta Sejahtera Tbk PT",Indonesia,JK,IDR,"Common Stock",ID1000132202
TAXI,"Express Transindo Utama Tbk",Indonesia,JK,IDR,"Common Stock",ID1000125404
TAYS,"Jaya Swarasa Agung PT",Indonesia,JK,IDR,"Common Stock",ID1000164601
TBIG,"Tower Bersama Infrastructure Tbk PT",Indonesia,JK,IDR,"Common Stock",ID1000116908
TBLA,"Tunas Baru Lampung Tbk",Indonesia,JK,IDR,"Common Stock",ID1000076706
TBMS,"Tembaga Mulia Semanan Tbk",Indonesia,JK,IDR,"Common Stock",ID1000066400
TCID,"Mandom Indonesia Tbk",Indonesia,JK,IDR,"Common Stock",ID1000053002
TCPI,"Transcoal Pacific Tbk PT",Indonesia,JK,IDR,"Common Stock",ID1000144009
TDPM,"Tridomain Performance Materials PT",Indonesia,JK,IDR,"Common Stock",ID1000142409
TEBE,"Dana Brata Luhur PT",Indonesia,JK,IDR,"Common Stock",ID1000152200
TECH,"Indosterling Technomedia Tbk",Indonesia,JK,IDR,"Common Stock",ID1000156003
TELE,"Tiphone Mobile Indonesia Tbk",Indonesia,JK,IDR,"Common Stock",ID1000122104
TFAS,"Telefast Indonesia ",Indonesia,JK,IDR,"Common Stock",ID1000151103
TFCO,"Tifico Fiber Indonesia Tbk",Indonesia,JK,IDR,"Common Stock",ID1000054802
TGKA,"Tigaraksa Satria Tbk",Indonesia,JK,IDR,"Common Stock",ID1000102106
TGRA,"Terregra Asia Energy PT",Indonesia,JK,IDR,"Common Stock",ID1000138902
TIFA,"Tifa Finance Tbk",Indonesia,JK,IDR,"Common Stock",ID1000120504
TINS,"Timah Persero Tbk",Indonesia,JK,IDR,"Common Stock",ID1000111800
TIRA,"Tira Austenite Tbk",Indonesia,JK,IDR,"Common Stock",ID1000061005
TIRT,"Tirta Mahakam Resources Tbk",Indonesia,JK,IDR,"Common Stock",ID1000053408
TKIM,"Pabrik Kertas Tjiwi Kimia Tbk",Indonesia,JK,IDR,"Common Stock",ID1000060403
TLDN,"Teladan Prima Agro PT Tbk",Indonesia,JK,IDR,"Common Stock",ID1000167109
TLKM,"Telkom Indonesia (Persero) Tbk PT",Indonesia,JK,IDR,"Common Stock",ID1000129000
TMAS,"PT Temas Tbk",Indonesia,JK,IDR,"Common Stock",ID1000103203
TMPO,"Tempo Inti Media Tbk",Indonesia,JK,IDR,"Common Stock",ID1000064801
TNCA,"PT Trimuda Nuansa Citra Tbk",Indonesia,JK,IDR,"Common Stock",ID1000143902
TOBA,"TBS Energi Utama Tbk PT",Indonesia,JK,IDR,"Common Stock",ID1000123409
TOOL,"PT Rohartindo Nusantara Luas T",Indonesia,JK,IDR,"Common Stock",
TOPS,"Totalindo Eka Persada Tbk PT",Indonesia,JK,IDR,"Common Stock",ID1000139207
TOTL,"Total Bangun Persada Tbk",Indonesia,JK,IDR,"Common Stock",ID1000104003
TOTO,"Surya Toto Indonesia Tbk",Indonesia,JK,IDR,"Common Stock",ID1000132509
TOWR,"PT Sarana Menara",Indonesia,JK,IDR,"Common Stock",ID1000128804
TOYS,"Sunindo Adipersada Tbk Pt",Indonesia,JK,IDR,"Common Stock",ID1000156607
TPIA,"Chandra Asri Petrochemical Tbk",Indonesia,JK,IDR,"Common Stock",ID1000090301
TPMA,"Trans Power Marine Tbk",Indonesia,JK,IDR,"Common Stock",ID1000126600
TRAM,"Trada Maritime Tbk",Indonesia,JK,IDR,"Common Stock",ID1000111909
TRGU,"PT Cerestar Indonesia Tbk",Indonesia,JK,IDR,"Common Stock",
TRIM,"Trimegah Securities Tbk",Indonesia,JK,IDR,"Common Stock",ID1000052608
TRIN,"Perintis Triniti Properti PT",Indonesia,JK,IDR,"Common Stock",ID1000153604
TRIS,"Trisula International Tbk",Indonesia,JK,IDR,"Common Stock",ID1000123102
TRJA,"Transkon Jaya Pt",Indonesia,JK,IDR,"Common Stock",ID1000156805
TRON,"PT Teknologi Karya Digital Nus",Indonesia,JK,IDR,"Common Stock",
TRST,"Trias Sentosa Tbk",Indonesia,JK,IDR,"Common Stock",ID1000059009
TRUE,"Triniti Dinamik PT Tbk",Indonesia,JK,IDR,"Common Stock",ID1000160807
TRUK,"Guna Timur Raya PT",Indonesia,JK,IDR,"Common Stock",ID1000143308
TRUS,"Trust Finance Indonesia Tbk",Indonesia,JK,IDR,"Common Stock",ID1000134901
TSPC,"Tempo Scan Pacific Tbk",Indonesia,JK,IDR,"Common Stock",ID1000104508
TUGU,"Asuransi Tugu Pratama Indonesia Tbk PT",Indonesia,JK,IDR,"Common Stock",ID1000143506
TYRE,"King Tire Indonesia",Indonesia,JK,IDR,"Common Stock",
UANG,"Pt Pakuan Tbk",Indonesia,JK,IDR,"Common Stock",ID1000156201
UCID,"Uni Charm Indonesia PT",Indonesia,JK,IDR,"Common Stock",ID1000152903
UFOE,"Damai Sejahtera Abadi Tbk PT",Indonesia,JK,IDR,"Common Stock",ID1000159304
ULTJ,"Ultra Jaya Milk Industry Tbk",Indonesia,JK,IDR,"Common Stock",ID1000063100
UNIC,"Unggul Indah Cahaya Tbk",Indonesia,JK,IDR,"Common Stock",ID1000058704
UNIQ,"Ulima Nitra PT",Indonesia,JK,IDR,"Common Stock",ID1000159502
UNIT,"Nusantara Inti Corpora Tbk",Indonesia,JK,IDR,"Common Stock",ID1000101108
UNSP,"Bakrie Sumatera Plantations",Indonesia,JK,IDR,"Common Stock",ID1000099708
UNTR,"United Tractors Tbk PT",Indonesia,JK,IDR,"Common Stock",ID1000058407
UNVR,"Unilever Indonesia Tbk",Indonesia,JK,IDR,"Common Stock",ID1000095706
URBN,"Urban Jakarta Propertindo Tbk PT",Indonesia,JK,IDR,"Common Stock",ID1000147200
UVCR,"Trimegah Karya Pratama Tbk PT",Indonesia,JK,IDR,"Common Stock",ID1000161904
VAST,"Vastland Indonesia",Indonesia,JK,IDR,"Common Stock",
VICI,"Victoria Care Indonesia Tbk Pt",Indonesia,JK,IDR,"Common Stock",ID1000158207
VICO,"Victoria Investama Tbk",Indonesia,JK,IDR,"Common Stock",ID1000128002
VINS,"Victoria Insurance Tbk PT",Indonesia,JK,IDR,"Common Stock",ID1000135601
VIVA,"Visi Media Asia Tbk",Indonesia,JK,IDR,"Common Stock",ID1000121304
VKTR,"PT VKTR Teknologi Mobilitas",Indonesia,JK,IDR,"Common Stock",
VOKS,"Voksel Electric Tbk",Indonesia,JK,IDR,"Common Stock",ID1000083900
VRNA,"Verena Multi Finance Tbk",Indonesia,JK,IDR,"Common Stock",ID1000111008
VTNY,"Venteny Fortuna International",Indonesia,JK,IDR,"Common Stock",
WAPO,"Wahana Pronatural",Indonesia,JK,IDR,"Common Stock",ID1000070204
WEGE,"Wijaya Karya Bangunan Gedung Tbk PT",Indonesia,JK,IDR,"Common Stock",ID1000141104
WEHA,"Weha Transportasi Indonesia TBK",Indonesia,JK,IDR,"Common Stock",ID1000105901
WGSH,"Wira Global Solusi Tbk PT",Indonesia,JK,IDR,"Common Stock",ID1000164502
WICO,"Wicaksana Overseas International",Indonesia,JK,IDR,"Common Stock",ID1000066301
WIFI,"Solusi Sinergi Digital Tbk PT",Indonesia,JK,IDR,"Common Stock",ID1000158504
WIIM,"Wismilak Inti Makmur Tbk",Indonesia,JK,IDR,"Common Stock",ID1000126006
WIKA,"Wijaya Karya Beton PT",Indonesia,JK,IDR,"Common Stock",ID1000107600
WINE,"PT Hatten Bali Tbk",Indonesia,JK,IDR,"Common Stock",
WINR,"PT Winner Nusantara Jaya Tbk",Indonesia,JK,IDR,"Common Stock",ID1000167505
WINS,"Wintermar Offshore Marine Tbk",Indonesia,JK,IDR,"Common Stock",ID1000117500
WIRG,"Wir Asia Tbk PT",Indonesia,JK,IDR,"Common Stock",ID1000166804
WMPP,"Widodo Makmur Perkasa PT",Indonesia,JK,IDR,"Common Stock",ID1000164809
WMUU,"Widodo Makmur Unggas Tbk PT",Indonesia,JK,IDR,"Common Stock",ID1000159106
WOMF,"Wahana Ottomitra Multiartha",Indonesia,JK,IDR,"Common Stock",ID1000100209
WOOD,"Integra Indocabinet Tbk PT",Indonesia,JK,IDR,"Common Stock",ID1000139504
WOWS,"Ginting Jaya Energi",Indonesia,JK,IDR,"Common Stock",ID1000152002
WSBP,"Waskita Beton Precast Tbk PT",Indonesia,JK,IDR,"Common Stock",ID1000137706
WSKT,"Waskita Karya Persero Tbk",Indonesia,JK,IDR,"Common Stock",ID1000126105
WTON,"Wijaya Karya Beton",Indonesia,JK,IDR,"Common Stock",ID1000131105
XCID,"Ciptadana Asset Management REIT",Indonesia,JK,IDR,"Common Stock",IDX000000105
XCIS,"DIRE CIPTADANA PROPERTI PERHOTELAN PADJAJARAN",Indonesia,JK,IDR,"Common Stock",
YELO,"Yelooo Integra Datanet Tbk PT",Indonesia,JK,IDR,"Common Stock",ID1000146400
YPAS,"Yanaprima Hastapersada Tbk",Indonesia,JK,IDR,"Common Stock",ID1000109804
YULE,"Yulie Sekurindo Tbk",Indonesia,JK,IDR,"Common Stock",ID1000100100
ZATA,"Bersama Zatta Jaya",Indonesia,JK,IDR,"Common Stock",
ZBRA,"Dosni Roha Indonesia Tbk PT",Indonesia,JK,IDR,"Common Stock",ID1000055502
ZINC,"Kapuas Prima Coal Tbk PT",Indonesia,JK,IDR,"Common Stock",ID1000140809
ZONE,"Mega Perintis Tbk PT",Indonesia,JK,IDR,"Common Stock",ID1000147408
ZYRX,"Zyrexindo Mandiri Buana PT Tbk",Indonesia,JK,IDR,"Common Stock",ID1000159908
