Code,Name,Country,Exchange,Currency,Type,Isin
0P0000JCDX,"Ppr Vintage - Fundo De Pensões Aberto",Portugal,LS,EUR,FUND,
ALTR,"Altri SGPS SA",Portugal,LS,EUR,"Common Stock",PTALT0AE0002
BCP,"Banco Comercial Portugues",Portugal,LS,EUR,"Common Stock",PTBCP0AM0015
CDU,"Conduril - Engenharia S.A",Portugal,LS,EUR,"Common Stock",PTCDU0AE0003
CFN,"Cofina SGPS",Portugal,LS,EUR,"Common Stock",PTCFN0AE0003
COR,"Corticeira Amorim",Portugal,LS,EUR,"Common Stock",PTCOR0AE0006
CTT,"CTT Correios de Portugal SA",Portugal,LS,EUR,"Common Stock",PTCTT0AM0001
EDP,"EDP - Energias de Portugal S.A.",Portugal,LS,EUR,"Common Stock",PTEDP0AM0009
EDPR,"EDP Renovaveis",Portugal,LS,EUR,"Common Stock",ES0127797019
EGL,"Mota-Engil SGPS S.A",Portugal,LS,EUR,"Common Stock",PTMEN0AE0005
ESON,"Estoril Sol SGPS SA",Portugal,LS,EUR,"Common Stock",PTESO0AM0000
FCP,"Futebol Clube do Porto - Futebol S.A.D",Portugal,LS,EUR,"Common Stock",PTFCP0AM0008
GALP,"Galp Energia SGPS S.A.",Portugal,LS,EUR,"Common Stock",PTGAL0AM0009
GLINT,Glintt,Portugal,LS,EUR,"Common Stock",PTPAD0AM0007
GPA,"Imobiliária Construtora Grão Pará S.A.",Portugal,LS,EUR,"Common Stock",PTGPA0AP0007
GVOLT,"Greenvolt Energias Renovaveis SA",Portugal,LS,EUR,"Common Stock",PTGNV0AM0001
IBS,"Ibersol SGPS",Portugal,LS,EUR,"Common Stock",PTIBS0AM0008
INA,"Inapa - Inv. P. Gestao",Portugal,LS,EUR,"Common Stock",PTINA0AP0008
IPR,"Impresa - Sociedade Gestora de Participações Sociais S.A",Portugal,LS,EUR,"Common Stock",PTIPR0AM0000
JMT,"Jeronimo Martins SGPS SA",Portugal,LS,EUR,"Common Stock",PTJMT0AE0001
LIG,Lisgrafica,Portugal,LS,EUR,"Common Stock",PTLIG0AE0002
MAR,"Martifer SGPS S.A",Portugal,LS,EUR,"Common Stock",PTMFR0AM0003
MCP,"Media Capital",Portugal,LS,EUR,"Common Stock",PTGMC0AM0003
MLRZE,"Raize Servicos de Gestao SA",Portugal,LS,EUR,"Common Stock",PTRIZ0AM0009
MRL,"Merlin Properties SOCIMI SA",Portugal,LS,EUR,"Common Stock",
NBA,"Novabase SGPS",Portugal,LS,EUR,"Common Stock",PTNBA0AM0006
NOS,"NOS S.G.P.S. S.A.",Portugal,LS,EUR,"Common Stock",PTZON0AM0006
NVG,"The Navigator Company SA",Portugal,LS,EUR,"Common Stock",PTPTI0AM0006
PDAX,"Lyxor Core DAX® (DR) UCITS ETF",Portugal,LS,EUR,ETF,LU0378438732
PHR,"Pharol SGPS SA",Portugal,LS,EUR,"Common Stock",PTPTC0AM0009
RAM,"Ramada Investimentos e Industria S.A",Portugal,LS,EUR,"Common Stock",PTFRV0AE0004
RED,"Reditus Sociedade Gestora de Participações Sociais S.A",Portugal,LS,EUR,"Common Stock",PTRED0AP0010
RENE,"REN - Redes Energéticas Nacionais SGPS S.A",Portugal,LS,EUR,"Common Stock",PTREL0AM0008
SCB,"Sporting Clube de Braga - Futebol SAD",Portugal,LS,EUR,"Common Stock",PTSCB0AM0001
SCP,"Sporting Clube de Portugal - Futebol SAD",Portugal,LS,EUR,"Common Stock",PTSCP0AM0001
SCT,"Toyota Caetano",Portugal,LS,EUR,"Common Stock",PTSCT0AP0018
SEM,Semapa,Portugal,LS,EUR,"Common Stock",PTSEM0AM0004
SLBEN,Benfica,Portugal,LS,EUR,"Common Stock",PTSLB0AM0010
SNC,"Sonaecom SGPS",Portugal,LS,EUR,"Common Stock",PTSNC0AM0006
SON,"Sonae SGPS SA",Portugal,LS,EUR,"Common Stock",PTSON0AM0001
TDSA,"Teixeira Duarte",Portugal,LS,EUR,"Common Stock",PTTD10AM0000
VAF,"VAA Vista Alegre Atlantis SGPS SA",Portugal,LS,EUR,"Common Stock",PTVAA0AM0019
