Code,Name,Country,Exchange,Currency,Type,Isin
0P00000XDG,"Kutxabank Bolsa Global Pp",Spain,MC,EUR,FUND,
0P00000XGU,"Hashflow USD",Spain,MC,EUR,FUND,
0P00000XI6,"Naranja Standard & Poors 500 Pp",Spain,MC,EUR,FUND,
0P00000XI7,"Naranja Renta Fija Europea Pp",Spain,MC,EUR,FUND,
0P00008571,"Naranja 2040 Pp",Spain,MC,EUR,FUND,
0P0000857L,"Naranja Renta Fija Corto Plazo Pp",Spain,MC,EUR,FUND,
0P000170QH,"Cabk Destino 2030 Pp",Spain,MC,EUR,FUND,
0P00017QSQ,"Gestion Boutique V Robotics R Fi",Spain,MC,EUR,FUND,ES0131462022
0P0001971N,"Indexa Más Rentabilidad Bonos Pp",Spain,MC,EUR,FUND,
0P0001971O,"Indexa Más Rentabilidad Acciones Pp",Spain,MC,EUR,FUND,
0P0001971P,"Finizens Decidido (#4) Pp",Spain,MC,EUR,FUND,
0P0001BRKJ,"Gestion Boutique V Seasonal Quant Multistrategy R Fi",Spain,MC,EUR,FUND,ES0131462097
0P0001I2CI,"Gestión Boutique Vii Azagala Fi",Spain,MC,EUR,FUND,ES0131444111
0P0001LIG7,"Myinvestor Indexado Global Pp",Spain,MC,EUR,FUND,
152771038,"Ing Direct Fondo Naranja Euro Stoxx 50 Fi",Spain,MC,EUR,FUND,
2INVE,"Lyxor Ibex 35 Doble Inverso Diario UCITS ETF",Spain,MC,EUR,ETF,FR0011036268
480S,"Soluciones Cuatroochenta S.L.",Spain,MC,EUR,"Common Stock",ES0105509006
A3M,Atresmedia,Spain,MC,EUR,"Common Stock",ES0109427734
ACS,"ACS Actividades de Construccion y Servicios SA",Spain,MC,EUR,"Common Stock",ES0167050915
ACX,Acerinox,Spain,MC,EUR,"Common Stock",ES0132105018
ADX,"Audax Renovables S.A.",Spain,MC,EUR,"Common Stock",ES0136463017
ADZ,"Adolfo Dominguez SA",Spain,MC,EUR,"Common Stock",ES0106000013
AEDAS,"Aedas Homes SL",Spain,MC,EUR,"Common Stock",ES0105287009
AENA,"Aena SA",Spain,MC,EUR,"Common Stock",ES0105046009
AGIL,"Agile Content SA",Spain,MC,EUR,"Common Stock",ES0105102000
AI,"Airtificial Intelligence Structures SA",Spain,MC,EUR,"Common Stock",ES0152768612
AIR,"Airbus Group SE",Spain,MC,EUR,"Common Stock",NL0000235190
ALB,"Corporacion Financiera Alba SA",Spain,MC,EUR,"Common Stock",ES0117160111
ALC,"Altia Consultores S.A.",Spain,MC,EUR,"Common Stock",ES0113312005
ALM,Almirall,Spain,MC,EUR,"Common Stock",ES0157097017
ALNT,"Alantra Partners S.A.",Spain,MC,EUR,"Common Stock",ES0126501131
ALQ,"Alquiber Quality SA",Spain,MC,EUR,"Common Stock",ES0105366001
AMEN,"Aeternal Mentis SA",Spain,MC,EUR,"Common Stock",ES0105588000
AMP,"Amper S.A.",Spain,MC,EUR,"Common Stock",ES0109260531
AMS,"Amadeus IT Group S.A",Spain,MC,EUR,"Common Stock",ES0109067019
ANA,Acciona,Spain,MC,EUR,"Common Stock",ES0125220311
ANE,"Corporacion Acciona Energias Renovables SA",Spain,MC,EUR,"Common Stock",ES0105563003
APAM,"Aperam SA",Spain,MC,EUR,"Common Stock",LU0569974404
APG,"Axon Partners Group S.A.",Spain,MC,EUR,"Common Stock",ES0105659009
APPS,"Applus Servicios Tecnologicos",Spain,MC,EUR,"Common Stock",ES0105022000
ARM,"Arima Real Estate SOCIMI SA",Spain,MC,EUR,"Common Stock",ES0105376000
ART,"Arteche Lantegi Elkartea SA",Spain,MC,EUR,"Common Stock",ES0105521001
ATRY,"Atrys Health SL",Spain,MC,EUR,"Common Stock",ES0105148003
ATSI,"Aplicaciones y Tratamiento de Sistemas S.A.",Spain,MC,EUR,"Common Stock",ES0105691002
AZK,Azkoyen,Spain,MC,EUR,"Common Stock",ES0112458312
BAIN,"Borges Agricultural & Industrial Nuts S.A.",Spain,MC,EUR,"Common Stock",ES0105271011
BBVA,"Banco Bilbao Vizcaya Argentaria SA",Spain,MC,EUR,"Common Stock",ES0113211835
BBVAE,"BBVA Accion DJ Eurostoxx 50",Spain,MC,EUR,ETF,ES0105321030
BBVAI,"Accion IBEX 35 Cotizado Armonizado FI",Spain,MC,EUR,ETF,ES0105336038
BKT,Bankinter,Spain,MC,EUR,"Common Stock",ES0113679I37
BKY,"Berkeley Energia Limited",Spain,MC,EUR,"Common Stock",AU000000BKY0
BST,"Biotechnology Assets S.A.",Spain,MC,EUR,"Common Stock",ES0184980003
CABK,"Caixabank SA",Spain,MC,EUR,"Common Stock",ES0140609019
CAF,"Construcciones y Auxiliar de Ferrocarriles S.A.",Spain,MC,EUR,"Common Stock",ES0121975009
CAPRI,"BBVA Capital Privado FCR",Spain,MC,EUR,"Common Stock",ES0180660039
CASH,"Prosegur Cash S.A",Spain,MC,EUR,"Common Stock",ES0105229001
CBAV,"Clinica Baviera",Spain,MC,EUR,"Common Stock",ES0119037010
CCEP,"Coca-Cola European Partners PLC",Spain,MC,EUR,"Common Stock",GB00BDCPN049
CEV,"Compania Espanola de Viviendas en Alquiler SA",Spain,MC,EUR,"Common Stock",ES0132955008
CIE,"CIE Automotive S.A.",Spain,MC,EUR,"Common Stock",ES0105630315
CITY,"Club De Futbol Intercity Sad",Spain,MC,EUR,"Common Stock",ES0105606000
CLE,"Clever Global S.A.",Spain,MC,EUR,"Common Stock",ES0105152005
CLNX,"Cellnex Telecom SA",Spain,MC,EUR,"Common Stock",ES0105066007
CLR,"CLERHP Estructuras S.A",Spain,MC,EUR,"Common Stock",ES0105121000
CMM,"Commcenter S.A.",Spain,MC,EUR,"Common Stock",ES0121071007
CMO,"Cementos Molins SA",Spain,MC,EUR,"Common Stock",ES0117360117
COL,"Inmobiliaria Colonial SA",Spain,MC,EUR,"Common Stock",ES0139140174
COM,"Catenon S.A",Spain,MC,EUR,"Common Stock",ES0112320009
DIA,"Distribuidora Internacional de Alimentación S.A",Spain,MC,EUR,"Common Stock",ES0126775032
DOM,"Global Dominion Access S.A",Spain,MC,EUR,"Common Stock",ES0105130001
DOMO,"Domo Activos Socimi SA",Spain,MC,EUR,"Common Stock",ES0105283008
EAT,"AmRest Holdings SE",Spain,MC,EUR,"Common Stock",ES0105375002
EBRO,"Ebro Foods",Spain,MC,EUR,"Common Stock",ES0112501012
ECR,Ercros,Spain,MC,EUR,"Common Stock",ES0125140A14
EDR,"eDreams Odigeo SA",Spain,MC,EUR,"Common Stock",LU1048328220
EEP,"Euroespes S.A.",Spain,MC,EUR,"Common Stock",ES0133421000
EIDF,"Energía Innovación y Desarrollo Fotovoltaico S.A.",Spain,MC,EUR,"Common Stock",ES0105517009
ELE,"Endesa SA",Spain,MC,EUR,"Common Stock",ES0130670112
ELZ,"Asturiana de Laminados S.A.",Spain,MC,EUR,"Common Stock",ES0105227013
ENC,"ENCE Energía y Celulosa S.A",Spain,MC,EUR,"Common Stock",ES0130625512
END,"Endurance Motive S.A.",Spain,MC,EUR,"Common Stock",ES0105589008
ENER,"Grupo Ecoener S.A.",Spain,MC,EUR,"Common Stock",ES0105548004
ENG,"Enagás S.A.",Spain,MC,EUR,"Common Stock",ES0130960018
ENO,"Elecnor S.A",Spain,MC,EUR,"Common Stock",ES0129743318
ENRS,"Enerside Energy S.A.",Spain,MC,EUR,"Common Stock",ES0105634002
ETC,"Energy Solar Tech S.L.",Spain,MC,EUR,"Common Stock",ES0105687000
EZE,"Grupo Ezentis S.A",Spain,MC,EUR,"Common Stock",ES0172708234
FACE,"Facephi Biometria SA",Spain,MC,EUR,"Common Stock",ES0105029005
FAE,"Faes Farma SA",Spain,MC,EUR,"Common Stock",ES0134950F36
FCC,"Fomento de Construcciones y Contratas SA",Spain,MC,EUR,"Common Stock",ES0122060314
FDR,Fluidra,Spain,MC,EUR,"Common Stock",ES0137650018
FER,Ferrovial,Spain,MC,EUR,"Common Stock",ES0118900010
GAM,"General de Alquiler de Maquinaria SA",Spain,MC,EUR,"Common Stock",ES0141571192
GCO,"Grupo Catalana Occidente",Spain,MC,EUR,"Common Stock",ES0116920333
GEST,"Gestamp Automocion SA",Spain,MC,EUR,"Common Stock",ES0105223004
GGC,"General de Galerias Comerciales SOCIMI S.A.",Spain,MC,EUR,"Common Stock",ES0105195004
GGR,"Grupo Greening 2022 SA",Spain,MC,EUR,"Common Stock",ES0105709002
GIGA,"Gigas Hosting S.A",Spain,MC,EUR,"Common Stock",ES0105093001
GRE,"Grenergy Renovables S.A",Spain,MC,EUR,"Common Stock",ES0105079000
GRF,"Grifols S.A",Spain,MC,EUR,"Common Stock",ES0171996087
GRF-P,"Grifols SA",Spain,MC,EUR,"Common Stock",ES0171996095
GRI,"Griñó Ecologic S.A",Spain,MC,EUR,"Common Stock",ES0143328005
GSJ,"Grupo Empresarial San Jose SA",Spain,MC,EUR,"Common Stock",ES0180918015
HAN,"Hannun SA",Spain,MC,EUR,"Common Stock",ES0105637005
HLZ,"Holaluz-Clidom S.A",Spain,MC,EUR,"Common Stock",ES0105456026
HOME,"Neinor Homes SLU",Spain,MC,EUR,"Common Stock",ES0105251005
IAG,"International Consolidated Airlines Group S.A",Spain,MC,EUR,"Common Stock",ES0177542018
IBE,"Iberdrola S.A.",Spain,MC,EUR,"Common Stock",ES0144580Y14
IBEXA,"Lyxor Ibex 35 Doble Apalancado Diario UCITS ETF",Spain,MC,EUR,ETF,FR0011042753
IBG,"Iberpapel Gestion SA",Spain,MC,EUR,"Common Stock",ES0147561015
IDR,"Indra A",Spain,MC,EUR,"Common Stock",ES0118594417
IFF,"Iffe Futura S.A",Spain,MC,EUR,"Common Stock",ES0171613005
ISE,"Innovative Solutions Ecosystem SA",Spain,MC,EUR,"Common Stock",ES0143421073
ISUR,"Inmobiliaria del Sur SA",Spain,MC,EUR,"Common Stock",ES0154653911
ITX,"Industria de Diseno Textil SA",Spain,MC,EUR,"Common Stock",ES0148396007
IZER,Izertis Sa,Spain,MC,EUR,"Common Stock",ES0105449005
KOM,"Plasticos Compuestos S.A.",Spain,MC,EUR,"Common Stock",ES0105425005
LAB,"Labiana Health S.A.",Spain,MC,EUR,"Common Stock",ES0105638003
LDA,"Linea Directa Aseguradora SA Compania de Seguros y Reaseguros",Spain,MC,EUR,"Common Stock",ES0105546008
LGT,Lingotes,Spain,MC,EUR,"Common Stock",ES0158480311
LIB,"Libertas 7 SA",Spain,MC,EUR,"Common Stock",ES0137998A12
LLN,"Lleidanetworks Serveis Telematics SA",Spain,MC,EUR,"Common Stock",ES0105089009
LLYC,"Llorente & Cuenca S.A.",Spain,MC,EUR,"Common Stock",ES0105591004
LOG,"Cia de Distribucion Integral",Spain,MC,EUR,"Common Stock",ES0105027009
LP68080317,"Cabk Tendencias Pp",Spain,MC,EUR,FUND,
LP77001933,"Abanca Renta Variable Pp",Spain,MC,EUR,FUND,
LRE,"Lar Espana Real Estate",Spain,MC,EUR,"Common Stock",ES0105015012
LYXIB,"Lyxor UCITS Ibex35 (DR) D-EUR",Spain,MC,EUR,ETF,FR0010251744
MAKS,"Making Science Group S.A.",Spain,MC,EUR,"Common Stock",ES0105463006
MAP,Mapfre,Spain,MC,EUR,"Common Stock",ES0124244E34
MCM,"Miquel y Costas & Miquel S.A.",Spain,MC,EUR,"Common Stock",ES0164180012
MDF,"Duro Felguera",Spain,MC,EUR,"Common Stock",ES0162600003
MED,"Medcomtech S. A.",Spain,MC,EUR,"Common Stock",ES0161857018
MEL,"Melia Hotels",Spain,MC,EUR,"Common Stock",ES0176252718
MIO,"Media Investment Optimization SL",Spain,MC,EUR,"Common Stock",ES0105568002
MONI,"Mondo TV Studios S A U",Spain,MC,EUR,"Common Stock",ES0105602009
MRL,"Merlin Properties SOCIMI SA",Spain,MC,EUR,"Common Stock",ES0105025003
MTB,"Montebalito S.A",Spain,MC,EUR,"Common Stock",ES0116494016
MTS,"ArcelorMittal SA",Spain,MC,EUR,"Common Stock",LU1598757687
MVC,"Metrovacesa SA",Spain,MC,EUR,"Common Stock",ES0105122024
NBI,"NBI Bearings Europe S.A",Spain,MC,EUR,"Common Stock",ES0105062022
NEA,"Nicolas Correa SA",Spain,MC,EUR,"Common Stock",ES0166300212
NHH,"NH Hoteles",Spain,MC,EUR,"Common Stock",ES0161560018
NTGY,"Naturgy Energy Group SA",Spain,MC,EUR,"Common Stock",ES0116870314
NTH,"Naturhouse Health SA",Spain,MC,EUR,"Common Stock",ES0105043006
NTX,"Netex Knowledge Factory SL",Spain,MC,EUR,"Common Stock",ES0105270005
NXT,"Nueva Expresión Textil S.A.",Spain,MC,EUR,"Common Stock",ES0126962069
OHLA,"Obrascon Huarte Lain SA",Spain,MC,EUR,"Common Stock",ES0142090317
OLE,"Deoleo S.A",Spain,MC,EUR,"Common Stock",ES0110047919
OPDE,"Opdenergy Holding SA",Spain,MC,EUR,"Common Stock",ES0105544003
ORY,"Oryzon Genomics SA",Spain,MC,EUR,"Common Stock",ES0167733015
PANG,"Pangaea Oncology S.A.",Spain,MC,EUR,"Common Stock",ES0105221008
PAR,"Parlem Telecom Companyia de Telecomunicacions S.A.",Spain,MC,EUR,"Common Stock",ES0105561007
PHM,"Pharma Mar S.A.",Spain,MC,EUR,"Common Stock",ES0169501022
PRM,"Prim S.A.",Spain,MC,EUR,"Common Stock",ES0170884417
PRO,"Proeduca Altus S.A",Spain,MC,EUR,"Common Stock",ES0105400008
PRS,"Promotora de Informaciones SA",Spain,MC,EUR,"Common Stock",ES0171743901
PSG,Prosegur,Spain,MC,EUR,"Common Stock",ES0175438003
PVA,"Pescanova SA",Spain,MC,EUR,"Common Stock",ES0169350016
R4,"Renta 4 Banco S.A",Spain,MC,EUR,"Common Stock",ES0173358039
RBT,"Robot S.A.",Spain,MC,EUR,"Common Stock",ES0105225009
RED,"Redeia Corporacion S.A.",Spain,MC,EUR,"Common Stock",ES0173093024
REN,"Renta Corporacion Real Estate SA",Spain,MC,EUR,"Common Stock",ES0173365018
REP,Repsol,Spain,MC,EUR,"Common Stock",ES0173516115
RIO,"Bodegas Riojanas S.A",Spain,MC,EUR,"Common Stock",ES0115002018
RJF,"Laboratorio Reig Jofre S.A",Spain,MC,EUR,"Common Stock",ES0165359029
RLIA,Realia,Spain,MC,EUR,"Common Stock",ES0173908015
ROVI,"Laboratorios Farmaceuticos ROVI",Spain,MC,EUR,"Common Stock",ES0157261019
S1013,"Brunara S.A. SICAV",Spain,MC,EUR,FUND,ES0137927135
SAB,"Banco de Sabadell S.A",Spain,MC,EUR,"Common Stock",ES0113860A34
SAI,"Substrate AI S.A.",Spain,MC,EUR,"Common Stock",ES0105650008
SAN,"Banco Santander",Spain,MC,EUR,"Common Stock",ES0113900J37
SCO,"Seresco S.A.",Spain,MC,EUR,"Common Stock",ES0175589029
SCYR,"Sacyr SA",Spain,MC,EUR,"Common Stock",ES0182870214
SEC,"Secuoya Grupo de Comunicación S.A",Spain,MC,EUR,"Common Stock",ES0131703003
SLR,"Solaria Energía y Medio Ambiente S.A",Spain,MC,EUR,"Common Stock",ES0165386014
SNG,"Singular People S.A.",Spain,MC,EUR,"Common Stock",ES0105611000
SOL,"Soltec Power Holdings S.A",Spain,MC,EUR,"Common Stock",ES0105513008
SPH,"Profithol S.A.",Spain,MC,EUR,"Common Stock",ES0105621009
SQRL,"Squirrel Media SA",Spain,MC,EUR,"Common Stock",ES0183304080
TEF,Telefonica,Spain,MC,EUR,"Common Stock",ES0178430E18
TLGO,"Talgo SA",Spain,MC,EUR,"Common Stock",ES0105065009
TQT,"Technomeca Aerospace S.A.",Spain,MC,EUR,"Common Stock",ES0105076006
TR1,"Tier1 Technology S.A.",Spain,MC,EUR,"Common Stock",ES0105344016
TRE,"Tecnicas Reunidas",Spain,MC,EUR,"Common Stock",ES0178165017
TRG,"Tubos Reunidos S.A",Spain,MC,EUR,"Common Stock",ES0180850416
TUB,"Tubacex S.A",Spain,MC,EUR,"Common Stock",ES0132945017
UBS,"Urbas Grupo Financiero SA",Spain,MC,EUR,"Common Stock",ES0182280018
UNI,"Unicaja Banco SA",Spain,MC,EUR,"Common Stock",ES0180907000
USI,"Umbrella Solar Investment SA",Spain,MC,EUR,"Common Stock",ES0105670006
VID,"Vidrala SA",Spain,MC,EUR,"Common Stock",ES0183746314
VIS,Viscofan,Spain,MC,EUR,"Common Stock",ES0184262212
VOC,Vocento,Spain,MC,EUR,"Common Stock",ES0114820113
VYT,"Vytrus Biotech S.A.",Spain,MC,EUR,"Common Stock",ES0105618005
XPBRA,"Petroleo Brasileiro S.A.",Spain,MC,EUR,"Common Stock",BRPETRACNPR6
XVALO,"Vale S.A.",Spain,MC,EUR,"Common Stock",BRVALEACNOR0
YABA,"Jaba I Inversiones Inmobiliarias Socimi SA",Spain,MC,EUR,"Common Stock",ES0105098000
YADR,"Adriano Care SOCIMI SAU",Spain,MC,EUR,"Common Stock",ES0105405007
YADV,"Advero Properties SOCIMI S.A.",Spain,MC,EUR,"Common Stock",ES0105448007
YAI1,"All Iron Re I Socimi Sa",Spain,MC,EUR,"Common Stock",ES0105495008
YAML,"AM Locales Property Socimi",Spain,MC,EUR,"Common Stock",ES0105272001
YARP,"Arrienda Rental Properties SOCIMI SA",Spain,MC,EUR,"Common Stock",ES0105383006
YATO,"Atom Hoteles Socimi",Spain,MC,EUR,"Common Stock",ES0105318002
YAZR,"Azaria Rental SOCIMI S.A.",Spain,MC,EUR,"Common Stock",ES0105373007
YCPS,"Castellana Properties Socimi",Spain,MC,EUR,"Common Stock",ES0105360004
YDOA,"Inversiones Doalca SOCIMI SA",Spain,MC,EUR,"Common Stock",ES0105120002
YEIS,"Elaia Investment Spain Socimi SA",Spain,MC,EUR,"Common Stock",ES0105281002
YENT,"Entre Cua Socimi",Spain,MC,EUR,"Common Stock",ES0131172001
YEPSA,"Emperador Properties SOCIMI S.A.",Spain,MC,EUR,"Common Stock",ES0105685004
YEUR,"Euro Cervantes SOCIMI SA",Spain,MC,EUR,"Common Stock",ES0105175006
YEXR,"Excem Capital Partners Sociedad de Inversión Residencial Socimi S.A.",Spain,MC,EUR,"Common Stock",ES0105367009
YFID,"Fidere Patrimonio SOCIMI SA",Spain,MC,EUR,"Common Stock",ES0105071007
YGAV,"Gavari Properties SOCIMI S.A.",Spain,MC,EUR,"Common Stock",ES0105482006
YGCS,"Galil Capital Re Spain SOCIMI SA",Spain,MC,EUR,"Common Stock",ES0105290003
YGMP,"GMP Property SOCIMI SA",Spain,MC,EUR,"Common Stock",ES0105134011
YGO2,"GreenOak Spain Holdings SOCIMI S.A.",Spain,MC,EUR,"Common Stock",ES0105436002
YGOP,"Grupo Ortiz Properties Socimi",Spain,MC,EUR,"Common Stock",ES0105273009
YHCR,"Home Capital Rentals SOCIMI S.A.",Spain,MC,EUR,"Common Stock",ES0105465001
YHSP,"Hispanotels Inversiones SOCIMI SA",Spain,MC,EUR,"Common Stock",ES0105379004
YIBI,"IBI Lion SOCIMI S.A.",Spain,MC,EUR,"Common Stock",ES0105633004
YIBV,"Ibervalles SOCIMI S.A.",Spain,MC,EUR,"Common Stock",ES0105653002
YINB1,"Inbest Prime I Inmuebles SOCIMI S.A.",Spain,MC,EUR,"Common Stock",ES0105413001
YINB2,"Inbest Prime II Inmuebles SOCIMI S.A.",Spain,MC,EUR,"Common Stock",ES0105414009
YINB3,"Inbest Prime III Inmuebles SOCIMI S.A.",Spain,MC,EUR,"Common Stock",ES0105415006
YINB4,"Inbest Prime IV Inmuebles SOCIMI S.A.",Spain,MC,EUR,"Common Stock",ES0105416004
YINB6,"Inbest Prime VI Inmuebles Socimi SA",Spain,MC,EUR,"Common Stock",ES0105556007
YINB7,"Inbest Prime VII Inmuebles SOCIMI S.A.",Spain,MC,EUR,"Common Stock",ES0105557005
YINB8,"NBEST Prime VIII Inmuebles Socimi SA",Spain,MC,EUR,"Common Stock",ES0105558003
YINM,"Inmofam 99 SOCIMI SA",Spain,MC,EUR,"Common Stock",ES0105178000
YIPP,"Inhome Prime Properties SOCIMI S.A.",Spain,MC,EUR,"Common Stock",ES0105657003
YIPS,"Inversa Prime SOCIMI S.A.",Spain,MC,EUR,"Common Stock",ES0105389003
YISC,"ISC Fresh Water Investment SOCIMI SA",Spain,MC,EUR,"Common Stock",ES0105153003
YJSS,"JSS Real Estate SOCIMI SA",Spain,MC,EUR,"Common Stock",ES0105507000
YLFG,"La Finca Global Assets SOCIMI S.A.",Spain,MC,EUR,"Common Stock",ES0105432001
YMAT,"Matritense Real Estate SOCIMI S.A.",Spain,MC,EUR,"Common Stock",ES0105656005
YMCS,"Miciso Real Estate SOCIMI S.A.",Spain,MC,EUR,"Common Stock",ES0105707006
YMEI,"Mercal Inmuebles Socimi SA",Spain,MC,EUR,"Common Stock",ES0105030003
YMHRE,"Millenium Hotels Real Estate I SOCIMI S.A.",Spain,MC,EUR,"Common Stock",ES0105407003
YMIB,"Mistral Iberia Real Estate SOCIMI S.A.",Spain,MC,EUR,"Common Stock",ES0105445003
YMPI,"Mistral Patrimonio Inmobiliario SOCIMI SA",Spain,MC,EUR,"Common Stock",ES0105372009
YMRE,"Meridia Real Estate III Socimi SA",Spain,MC,EUR,"Common Stock",ES0105313003
YNPC,"NextPoint Capital SOCIMI S.A.",Spain,MC,EUR,"Common Stock",ES0105475000
YNUM,"Numulae Gestion de Servicios SOCIMI SA",Spain,MC,EUR,"Common Stock",ES0105265005
YORE,"Olimpo Real Estate SA",Spain,MC,EUR,"Common Stock",ES0105224002
YORS,"Optimum Re Spain Socimi SA",Spain,MC,EUR,"Common Stock",ES0105174009
YOVA,"Optimum III Value-Added Residential Socimi S.A",Spain,MC,EUR,"Common Stock",ES0105219002
YP3L,"P3 Spain Logistic Parks Socimi SA",Spain,MC,EUR,"Common Stock",ES0105282000
YPARK,"Inmobiliaria Park Rose Iberoamericana SOCIMI SA",Spain,MC,EUR,"Common Stock",ES0105391009
YPSN,"Prevision Sanitaria Nacional Gestion SOCIMI S.A.",Spain,MC,EUR,"Common Stock",ES0170756037
YQPQ,"Quid Pro Quo Alquiler Seguro Socimi",Spain,MC,EUR,"Common Stock",ES0105357000
YQUO,"Quonia SOCIMI SA",Spain,MC,EUR,"Common Stock",ES0105150009
YSIL,"Silicius Real Estate SOCIMI S.A.",Spain,MC,EUR,"Common Stock",ES0105569000
YSRR,"Serrano 61 Desarrollo SOCIMI SA",Spain,MC,EUR,"Common Stock",ES0105317004
YTAN,"Tander Inversiones SOCIMI SA",Spain,MC,EUR,"Common Stock",ES0105314001
YTAR,"Tarjar Xairo Socimi SA",Spain,MC,EUR,"Common Stock",ES0105226007
YTEM,"Tempore Properties SOCIMI SAU",Spain,MC,EUR,"Common Stock",ES0105323002
YTRA,"Trajano Iberia Socimi SA",Spain,MC,EUR,"Common Stock",ES0105077004
YTRI,"Trivium Real Estate Socimi SA",Spain,MC,EUR,"Common Stock",ES0105421004
YTRM,"Torimbia Socimi S.A.",Spain,MC,EUR,"Common Stock",ES0105429007
YTST,"Testa Residencial SOCIMI S.A.",Spain,MC,EUR,"Common Stock",ES0105210019
YUVS,"Urban View Development Spain SOCIMI S.A.",Spain,MC,EUR,"Common Stock",ES0105392007
YVBA,"VBARE Iberian Properties SOCIMI SA",Spain,MC,EUR,"Common Stock",ES0105196002
YVCP,"Veracruz Properties SOCIMI SA",Spain,MC,EUR,"Common Stock",ES0105330007
YVIT,"Vitruvio Real Estate Socimi",Spain,MC,EUR,"Common Stock",ES0105139002
YVIV,"Vivenio Residencial SOCIMI S.A.",Spain,MC,EUR,"Common Stock",ES0105384004
YZBL,"Zambal Spain Socimi SA",Spain,MC,EUR,"Common Stock",ES0105080008
