Code,Name,Country,Exchange,Currency,Type,Isin
100H,"MULTI-UNITS LUXEMBOURG - Lyxor FTSE 100 UCITS ETF - Monthly Hedged to EUR - Acc",France,PA,EUR,ETF,LU1650492330
3FNG,"Granite +3x FAANG",France,PA,EUR,ETF,XS2305050804
3FTG,"Granite +3x FTANG",France,PA,EUR,ETF,XS2305051877
3LAL,"Granite +3x GOOGL",France,PA,EUR,ETF,XS2193968307
3LAM,"Granite +3x AMD",France,PA,EUR,ETF,XS2377112110
3LAP,"Granite +3x AAPL",France,PA,EUR,ETF,XS2193969883
3LAR,"Granite +3x AIRBUS",France,PA,EUR,ETF,XS2376933375
3LBN,"Granite +3x BNP",France,PA,EUR,ETF,XS2376951948
3LLV,"Granite +3x LVMH",France,PA,EUR,ETF,XS2376975020
3LMO,"GraniteShares 3x Long Moderna Daily ETC",France,PA,EUR,ETF,XS2377112466
3LMS,"Granite +3x MSFT",France,PA,EUR,ETF,XS2193970204
3LNI,"GraniteShares 3x Long NIO Daily ETC",France,PA,EUR,ETF,XS2193973133
3LNV,"Granite +3x NVDIA",France,PA,EUR,ETF,XS2193971947
3LOR,"Granite +3x OREAL",France,PA,EUR,ETF,XS2376974726
3LPA,"Granite +3x PLTR",France,PA,EUR,ETF,XS2377111906
3LSA,"Granite +3x SAFR",France,PA,EUR,ETF,XS2376975533
3LST,"Granite +3x STMICR",France,PA,EUR,ETF,XS2376978982
3LTO,"Granite +3x TOTL",France,PA,EUR,ETF,XS2376979790
3LTS,"Granite +3x TSLA",France,PA,EUR,ETF,XS2193972598
3LUB,"Granite +3x UBER",France,PA,EUR,ETF,XS2193972838
3LVW,"Granite +3x VW",France,PA,EUR,ETF,XS2376990417
3LZN,"Granite +3x AMZN",France,PA,EUR,ETF,XS2193969537
3SAM,"GraniteShares 3x Short AMD Daily ETC",France,PA,EUR,ETF,XS2377112201
3SAP,"Granite -3x AAPL",France,PA,EUR,ETF,XS2193970030
3SAR,"Granite -3x AIRBUS",France,PA,EUR,ETF,XS2376937442
3SBN,"Granite -3x BNP",France,PA,EUR,ETF,XS2376952243
3SFG,"Granite -3x FAANG",France,PA,EUR,ETF,XS2305051018
3SLV,"Granite -3x LVMH",France,PA,EUR,ETF,XS2376975376
3SMO,"Granite -3x MRNA",France,PA,EUR,ETF,XS2377112540
3SNI,"GraniteShares 3x Short NIO Daily ETC",France,PA,EUR,ETF,XS2193973216
3SPA,"Granite -3x PLTR",France,PA,EUR,ETF,XS2377112037
3SSN,"Granite -3x SANO",France,PA,EUR,ETF,XS2376976341
3SST,"Granite -3x STMICR",France,PA,EUR,ETF,XS2376979287
3STO,"Granite -3x TOTL",France,PA,EUR,ETF,XS2376979873
3STS,"Granite -3x TSLA",France,PA,EUR,ETF,XS2193972671
3SUB,"GraniteShares 3x Short Uber Daily ETP",France,PA,EUR,ETF,XS2193973059
3SVW,"Granite -3x VW",France,PA,EUR,ETF,XS2376991142
3SZN,"Granite -3x AMZN",France,PA,EUR,ETF,XS2193969701
500,"Amundi Index Solutions - Amundi S&P 500 UCITS ETF C EUR",France,PA,EUR,ETF,LU1681048804
500H,"Amundi Index Solutions - Amundi S&P 500 UCITS ETF C Hedged EUR",France,PA,EUR,ETF,LU1681049109
500U,"Amundi Index Solutions - Amundi S&P 500 UCITS ETF C USD",France,PA,USD,ETF,LU1681049018
50E,"HSBC ETFs Public Limited Company - HSBC EURO STOXX 50 UCITS ETF",France,PA,EUR,ETF,IE00B4K6B022
5OGE,"Ossiam Shiller Barclays Cape Global Sector Value Fund 1C (EUR) EUR",France,PA,EUR,ETF,LU2555926455
5OGU,"Ossiam Lux - Ossiam Shiller Barclays Cape Global Sector Value Trust Ucits ETF",France,PA,USD,ETF,LU2555926372
AAA,"Alan Allman Associates SA",France,PA,EUR,"Common Stock",FR0000062465
AADA,"21Shares Cardano ETP EUR",France,PA,EUR,ETF,CH1102728750
AASI,"Amundi Index Solutions - Amundi MSCI Em Asia UCITS ETF-C EUR",France,PA,EUR,ETF,LU1681044480
AASU,"Amundi Index Solutions - Amundi MSCI Em Asia UCITS ETF-C USD",France,PA,USD,ETF,LU1681044563
AAVE,"21Shares Aave ETP EUR",France,PA,EUR,ETF,CH1135202120
AB,"AB Science S.A",France,PA,EUR,"Common Stock",FR0010557264
ABCA,"ABC arbitrage SA",France,PA,EUR,"Common Stock",FR0004040608
ABCH,"21Shares Bitcoin Cash ETP EUR",France,PA,EUR,ETF,CH0475552201
ABEO,"Abeo SAS",France,PA,EUR,"Common Stock",FR0013185857
ABLD,"AbL Diagnostics SA",France,PA,EUR,"Common Stock",FR001400AHX6
ABNX,"Abionyx Pharma SA",France,PA,EUR,"Common Stock",FR0012616852
ABTC,"Amun Underlying Tracker on Bitcoin ETP 2019",France,PA,EUR,ETF,CH0454664001
ABVX,"Abivax SA",France,PA,EUR,"Common Stock",FR0012333284
AC,"Accor S. A.",France,PA,EUR,"Common Stock",FR0000120404
ACA,"Credit Agricole SA",France,PA,EUR,"Common Stock",FR0000045072
ACAN,"Acanthe Développement",France,PA,EUR,"Common Stock",FR0000064602
ACWE,"SSgA SPDR MSCI ACWI",France,PA,EUR,ETF,IE00B44Z5B48
ACWI,"Multi Units Luxembourg - Lyxor MSCI All Country World UCITS ETF",France,PA,EUR,ETF,LU1829220216
ADAW,"WisdomTree Cardano EUR",France,PA,EUR,ETF,GB00BNGJ9J32
ADOC,Adocia,France,PA,EUR,"Common Stock",FR0011184241
ADOT,"21Shares Polkadot ETP EUR",France,PA,EUR,ETF,CH0593331561
ADP,"Aeroports de Paris SA",France,PA,EUR,"Common Stock",FR0010340141
ADUX,"Adux SA",France,PA,EUR,"Common Stock",FR0012821890
AEEM,"Amundi Index Solutions - Amundi MSCI Emerging Markets UCITS ETF-C EUR",France,PA,EUR,ETF,LU1681045370
AEJ,"Lyxor UCITS MSCI AC Asia-Pacific Ex Japan C-E",France,PA,EUR,ETF,LU1900068328
AELIS,"Aelis Farma SA",France,PA,EUR,"Common Stock",FR0014007ZB4
AEME,"Amundi Index Solutions - Amundi Index MSCI Emerging Markets UCITS ETF DR",France,PA,EUR,ETF,LU1437017350
AETH,"Amun Coin Market Cap Fund",France,PA,EUR,ETF,CH0454664027
AF,"Air France-KLM SA",France,PA,EUR,"Common Stock",FR001400J770
AFLE,"Amundi Index Solutions - Amundi Floating Rate USD Corporate ESG - UCITS ETF DR - HEDGED EUR (C)",France,PA,EUR,ETF,LU1681041031
AFLT,"Amundi Index Solutions - Amundi Floating Rate USD Corporate ESG - UCITS ETF DR - USD (C)",France,PA,USD,ETF,LU1681040900
AFME,"Affluent Medical SAS",France,PA,EUR,"Common Stock",FR0013333077
AFRHG,"Amundi Index Solutions - Amundi Floating Rate EURO Corporate ESG - UCITS ETF DR - GBP HEDGED (C)",France,PA,GBP,ETF,LU1923163676
AFRHU,"Amundi Index Solutions - Amundi Floating Rate EURO Corporate ESG - UCITS ETF DR - USD HEDGED (C)",France,PA,USD,ETF,LU1923163759
AFRN,"Amundi Index Solutions - Amundi Floating Rate EURO Corporate ESG - UCITS ETF DR - EUR (C)",France,PA,EUR,ETF,LU1681041114
AFTM,"21S AFTM",France,PA,EUR,ETF,CH1168929078
AGEB,"Amundi Index Solutions - Amundi Global Emerging Bond Markit IBOXX UCITS ETF DR - C",France,PA,USD,ETF,LU1681041205
AHYE,"Amundi Index Solutions - Amundi EURO High Yield Bond ESG - UCITS ETF DR - EUR (C)",France,PA,EUR,ETF,LU1681040496
AI,"Air Liquide SA",France,PA,EUR,"Common Stock",FR0000120073
AIGPP,AIGP/ETFS,France,PA,EUR,ETF,
AIR,"Airbus Group SE",France,PA,EUR,"Common Stock",NL0000235190
AKE,"Arkema SA",France,PA,EUR,"Common Stock",FR0010313833
AKW,"Akwel SA",France,PA,EUR,"Common Stock",FR0000053027
AL2SI,"2CRSI S.A.",France,PA,EUR,"Common Stock",FR0013341781
ALACT,"Acticor Biotech SAS",France,PA,EUR,"Common Stock",FR0014005OJ5
ALADO,"Adomos SA",France,PA,EUR,"Common Stock",FR0013247244
ALAFY,"Afyren SAS",France,PA,EUR,"Common Stock",FR0014005AC9
ALAGO,"E-Pango SA",France,PA,EUR,"Common Stock",FR0014004339
ALAGP,"Agripower France Sa",France,PA,EUR,"Common Stock",FR0013452281
ALAGR,Agrogeneration,France,PA,EUR,"Common Stock",FR0010641449
ALALO,"Acheter Louer",France,PA,EUR,"Common Stock",FR00140072P8
ALAMG,"Auplata SA",France,PA,EUR,"Common Stock",FR0013410370
ALAQU,"Aquila SA",France,PA,EUR,"Common Stock",FR0010340711
ALARF,Adeunis,France,PA,EUR,"Common Stock",FR0013284627
ALAST,"AST Groupe",France,PA,EUR,"Common Stock",
ALAT,"Amundi Index Solutions - Amundi MSCI Em Latin America UCITS ETF-C EUR",France,PA,EUR,ETF,LU1681045024
ALATA,"Atari S.A.",France,PA,EUR,"Common Stock",FR0010478248
ALATI,"Actia Group",France,PA,EUR,"Common Stock",
ALAU,"Amundi Index Solutions - Amundi MSCI Em Latin America",France,PA,USD,ETF,LU1681045297
ALAUD,"Audacia SAS",France,PA,EUR,"Common Stock",FR00140059B5
ALAUR,"Aures Technologies S.A.",France,PA,EUR,"Common Stock",
ALAVI,"AdVini S.A.",France,PA,EUR,"Common Stock",
ALBDM,"Bd Multimedia",France,PA,EUR,"Common Stock",FR0000035305
ALBFR,Sidetrade,France,PA,EUR,"Common Stock",FR0010202606
ALBI,"Gascogne SA",France,PA,EUR,"Common Stock",FR0000124414
ALBIO,Biosynex,France,PA,EUR,"Common Stock",FR0011005933
ALBIZ,"Obiz Concept SAS",France,PA,EUR,"Common Stock",FR0014003711
ALBKK,"Baikowski SASU",France,PA,EUR,"Common Stock",FR0013384369
ALBLD,Bilendi,France,PA,EUR,"Common Stock",FR0004174233
ALBLU,"Bluelinea SA",France,PA,EUR,"Common Stock",FR0011041011
ALBOA,"Boa Concept SA",France,PA,EUR,"Common Stock",FR0011365907
ALBON,"Compagnie Lebon S.A.",France,PA,EUR,"Common Stock",
ALBOO,Boostheat,France,PA,EUR,"Common Stock",FR0011814938
ALBPK,"Broadpeak SA",France,PA,EUR,"Common Stock",FR001400AJZ7
ALBPS,"Biophytis S.A.",France,PA,EUR,"Common Stock",FR0012816825
ALBUD,"Mint SA",France,PA,EUR,"Common Stock",FR0004172450
ALCAB,"Cabasse S.A.",France,PA,EUR,"Common Stock",
ALCAP,"Capelli SA",France,PA,EUR,"Common Stock",FR0012969095
ALCAR,Carmat,France,PA,EUR,"Common Stock",FR0010907956
ALCBI,"Crypto Blockchain Industries SA",France,PA,EUR,"Common Stock",FR0014007LW0
ALCBX,"Cibox Inter@ctive S.A.",France,PA,EUR,"Common Stock",
ALCHI,Alchimie Sa,France,PA,EUR,"Common Stock",FR0014000JX7
ALCIS,"Catering International & Services S.A.",France,PA,EUR,"Common Stock",
ALCJ,Crossject,France,PA,EUR,"Common Stock",FR0011716265
ALCLA,Clasquin,France,PA,EUR,"Common Stock",FR0004152882
ALCLS,Cellectis,France,PA,EUR,"Common Stock",FR0010425595
ALCOF,"Cofidur SA",France,PA,EUR,"Common Stock",FR0013257409
ALCOG,"Cogra 48 Société Anonyme",France,PA,EUR,"Common Stock",FR0011071570
ALCOI,"Coil S.A./N.V",France,PA,EUR,"Common Stock",BE0160342011
ALCOR,"Biocorp Production SA",France,PA,EUR,"Common Stock",FR0012788065
ALCOX,"NicOx S.A.",France,PA,EUR,"Common Stock",
ALCRB,Carbios,France,PA,EUR,"Common Stock",FR0011648716
ALCUR,"Arcure SA",France,PA,EUR,"Common Stock",FR0013398997
ALCWE,"Charwood Energy SA",France,PA,EUR,"Common Stock",
ALCYB,"Cybergun SA",France,PA,EUR,"Common Stock",FR0014004QR6
ALD,"ALD S.A",France,PA,EUR,"Common Stock",FR0013258662
ALDAR,Damartex,France,PA,EUR,"Common Stock",FR0000185423
ALDBL,"Bernard Loisea",France,PA,EUR,"Common Stock",FR0000066961
ALDBT,"DBT SA",France,PA,EUR,"Common Stock",FR0013066750
ALDEL,Delfingen,France,PA,EUR,"Common Stock",FR0000054132
ALDEV,"Devernois SA",France,PA,EUR,"Common Stock",FR0000060840
ALDLS,DLSI,France,PA,EUR,"Common Stock",FR0010404368
ALDLT,"Delta Plus Group SA",France,PA,EUR,"Common Stock",FR0013283108
ALDMS,"Diagnostic Medical Systems SA",France,PA,EUR,"Common Stock",FR0012202497
ALDNE,"DONTNOD Entertainment SA",France,PA,EUR,"Common Stock",FR0013331212
ALDNX,DNXcorp,France,PA,EUR,"Common Stock",FR0010436584
ALDOL,"Dolfines SAS",France,PA,EUR,"Common Stock",FR0014004QZ9
ALDR,"Delta Drone SA",France,PA,EUR,"Common Stock",FR0014009LP0
ALDRV,"Drone Volt SA",France,PA,EUR,"Common Stock",FR0013088606
ALDUB,"Encres Dubuit SA",France,PA,EUR,"Common Stock",FR0004030708
ALDV,"Alliance Developpement Capital SIIC SE",France,PA,EUR,"Common Stock",BE0974269012
ALDVI,Advicenne,France,PA,EUR,"Common Stock",FR0013296746
ALEAC,"EdiliziAcrobatica S.p.A",France,PA,EUR,"Common Stock",IT0005351504
ALECO,"Ecomiam SA",France,PA,EUR,"Common Stock",FR0013534617
ALECP,Europacorp,France,PA,EUR,"Common Stock",FR0010490920
ALEMG,"Euromedis Groupe SA",France,PA,EUR,"Common Stock",FR0000075343
ALEMV,"Emova Group SA",France,PA,EUR,"Common Stock",FR0013356755
ALENE,"Enertime SAS",France,PA,EUR,"Common Stock",FR0011915339
ALENI,"Eniblock S.A.",France,PA,EUR,"Common Stock",
ALENO,"Enogia SAS",France,PA,EUR,"Common Stock",FR0014004974
ALENR,Entreprendre,France,PA,EUR,"Common Stock",FR0000045122
ALENT,Entreparticuli,France,PA,EUR,"Common Stock",FR0010424697
ALEO2,"Eo2 Société Anonyme",France,PA,EUR,"Common Stock",FR0010465534
ALERS,"Eurobio Scientific SA",France,PA,EUR,"Common Stock",FR0013240934
ALESA,"Ecoslops SA",France,PA,EUR,"Common Stock",FR0011490648
ALESE,"Entech SE SAS",France,PA,EUR,"Common Stock",FR0014004362
ALESK,"Esker SA",France,PA,EUR,"Common Stock",FR0000035818
ALEUP,"Europlasma SA",France,PA,EUR,"Common Stock",FR0013514114
ALEXA,"Exacompta Clairefontaine",France,PA,EUR,"Common Stock",FR0000064164
ALFBA,"Fashion Bel Air S.A",France,PA,EUR,"Common Stock",FR0004034593
ALFLE,"Fleury Michon",France,PA,EUR,"Common Stock",FR0000074759
ALFLO,"Florentaise SA",France,PA,EUR,"Common Stock",FR001400GO75
ALFOC,"Focus Home Interactive SA",France,PA,EUR,"Common Stock",FR0012419307
ALFPC,"Fountaine Pajo",France,PA,EUR,"Common Stock",FR0010485268
ALFRE,Freelance.Com,France,PA,EUR,"Common Stock",FR0004187367
ALFUM,"Fill Up Media SA",France,PA,EUR,"Common Stock",
ALGAU,Gaussin,France,PA,EUR,"Common Stock",FR0013495298
ALGBE,"Glob Bioenergi",France,PA,EUR,"Common Stock",FR0011052257
ALGEC,"GECI International SA",France,PA,EUR,"Common Stock",FR0000079634
ALGEN,Genoway,France,PA,EUR,"Common Stock",FR0004053510
ALGEV,Gevelot,France,PA,EUR,"Common Stock",FR0000033888
ALGID,"Egide S.A.",France,PA,EUR,"Common Stock",
ALGIL,"Groupe Guillin SA",France,PA,EUR,"Common Stock",FR0012819381
ALGIR,"Signaux Girod",France,PA,EUR,"Common Stock",FR0000060790
ALGLD,"Gold By Gold",France,PA,EUR,"Common Stock",FR0011208693
ALGO,"21Shares Algorand ETP EUR",France,PA,EUR,ETF,CH1146882316
ALGRE,"Algreen S.A.",France,PA,EUR,"Common Stock",
ALGRO,"Grolleau SAS",France,PA,EUR,"Common Stock",FR0014005ZM5
ALGTR,"Groupe Tera SA",France,PA,EUR,"Common Stock",FR0013429404
ALHAF,"Haffner Energy SA",France,PA,EUR,"Common Stock",FR0014007ND6
ALHEO,"H2O Innovation Inc",France,PA,EUR,"Common Stock",CA4433003064
ALHEX,Hexaom,France,PA,EUR,"Common Stock",
ALHF,"HF Company SA",France,PA,EUR,"Common Stock",FR0000038531
ALHGO,"Hamilton Global Opportunities PLC",France,PA,EUR,"Common Stock",GB00BMDXQ672
ALHGR,"Hoffmann Green Cement Technologies",France,PA,EUR,"Common Stock",FR0013451044
ALHIT,Hitechpros,France,PA,EUR,"Common Stock",FR0010396309
ALHOP,"Hopscotch Groupe S.A.",France,PA,EUR,"Common Stock",
ALHPI,Hopium SAS,France,PA,EUR,"Common Stock",FR0014000U63
ALHRG,"Herige SA",France,PA,EUR,"Common Stock",FR0000066540
ALHRS,"Hydrogen Refueling Solutions",France,PA,EUR,"Common Stock",FR0014001PM5
ALHUN,"Hunyvers SA",France,PA,EUR,"Common Stock",FR0014007LQ2
ALHYG,Hybrigenics,France,PA,EUR,"Common Stock",FR0004153930
ALHYP,"Hipay Group SA",France,PA,EUR,"Common Stock",FR0012821916
ALI2S,"i2S SA",France,PA,EUR,"Common Stock",FR0005854700
ALICA,"Icape Holding",France,PA,EUR,"Common Stock",
ALICR,"I.Ceram SA",France,PA,EUR,"Common Stock",FR0014005IU4
ALIDS,"Idsud S.A",France,PA,EUR,"Common Stock",FR0000062184
ALIE,"Iervolino & Lady Bacardi Entertainment S.p.A.",France,PA,EUR,"Common Stock",
ALIKO,"Ikonisys SA",France,PA,EUR,"Common Stock",FR00140048X2
ALIMO,"Groupimo SA",France,PA,EUR,"Common Stock",FR0014000RP6
ALIMP,"Implanet SA",France,PA,EUR,"Common Stock",FR0013470168
ALIMR,"Immersion SA",France,PA,EUR,"Common Stock",FR0013060100
ALINK,"21Shares Chainlink ETP EUR",France,PA,EUR,ETF,CH1100083471
ALINN,"Innelec Multimedia",France,PA,EUR,"Common Stock",FR0000064297
ALINS,Intrasense,France,PA,EUR,"Common Stock",FR0011179886
ALINT,Integragen,France,PA,EUR,"Common Stock",FR0010908723
ALINV,"Invibes Advertising NV",France,PA,EUR,"Common Stock",BE0974299316
ALISP,Antevenio,France,PA,EUR,"Common Stock",ES0109429037
ALITL,"IT Link",France,PA,EUR,"Common Stock",FR0000072597
ALJXR,Archos,France,PA,EUR,"Common Stock",FR0014007XT1
ALKAL,"Kalray SA",France,PA,EUR,"Common Stock",FR0010722819
ALKEM,"Berkem Group SA",France,PA,EUR,"Common Stock",FR00140069V2
ALKER,"Media-Maker S.p.A.",France,PA,EUR,"Common Stock",
ALKEY,"Keyrus SA",France,PA,EUR,"Common Stock",FR0004029411
ALKKO,"Kko International SA",France,PA,EUR,"Common Stock",FR0013374667
ALKLA,"Klarsen SA",France,PA,EUR,"Common Stock",FR0011038348
ALKLK,"Kerlink SAS",France,PA,EUR,"Common Stock",FR0013156007
ALLAM,"Llama Group S.A.",France,PA,EUR,"Common Stock",BE0974334667
ALLAN,"Lanson BCC SA",France,PA,EUR,"Common Stock",FR0004027068
ALLDL,"Groupe LDLC SA",France,PA,EUR,"Common Stock",FR0000075442
ALLEC,"Cogelec SA",France,PA,EUR,"Common Stock",FR0013335742
ALLEX,"Lexibook Linguistic Electronic System SA",France,PA,EUR,"Common Stock",FR0000033599
ALLGO,"Largo SAS",France,PA,EUR,"Common Stock",FR0013308582
ALLHB,"Les Hotels Bav",France,PA,EUR,"Common Stock",FR0007080254
ALLIX,"Wallix Group SA",France,PA,EUR,"Common Stock",FR0010131409
ALLLN,"LleidaNetworks Serveis Telemàtics S.A",France,PA,EUR,"Common Stock",ES0105089009
ALLOG,"Logic Instrume",France,PA,EUR,"Common Stock",FR0000044943
ALLPL,"Lepermislibre Sa",France,PA,EUR,"Common Stock",
ALLUX,Installux,France,PA,EUR,"Common Stock",FR0000060451
ALMAR,"Mare Nostrum",France,PA,EUR,"Common Stock",FR0013400835
ALMAS,Mastrad,France,PA,EUR,"Common Stock",FR0004155687
ALMCE,"Mon Courtier Energie Groupe SA",France,PA,EUR,"Common Stock",
ALMDG,"MGI Digital",France,PA,EUR,"Common Stock",FR0010353888
ALMDP,"Medesis Pharma SA",France,PA,EUR,"Common Stock",FR0010844464
ALMDT,Mediantechn,France,PA,EUR,"Common Stock",FR0011049824
ALMER,Sapmer,France,PA,EUR,"Common Stock",FR0010776617
ALMET,Methanor,France,PA,EUR,"Common Stock",FR0011217710
ALMEX,"Airtime Partecipazioni SpA",France,PA,EUR,"Common Stock",IT0005450819
ALMGI,"Mg Internation",France,PA,EUR,"Common Stock",FR0010204453
ALMIB,"Amoeba SA",France,PA,EUR,"Common Stock",FR0011051598
ALMII,"Maison Internationale de lInformatique M2I SAS",France,PA,EUR,"Common Stock",FR0013270626
ALMIL,"1000mercis SA",France,PA,EUR,"Common Stock",FR0010285965
ALMKS,"Making Science Group S.A.",France,PA,EUR,"Common Stock",
ALMLB,"Miliboo SA",France,PA,EUR,"Common Stock",FR0013053535
ALMND,"Montagne et Neige Developpement SA",France,PA,EUR,"Common Stock",FR00140050Q2
ALMOU,Moulinvest,France,PA,EUR,"Common Stock",FR0011033083
ALMRB,"Mr Bricolage",France,PA,EUR,"Common Stock",FR0004034320
ALMUN,"Munic SA",France,PA,EUR,"Common Stock",FR0013462231
ALNEO,"Neotion SA",France,PA,EUR,"Common Stock",
ALNEV,"Neovacs S.A.",France,PA,EUR,"Common Stock",FR00140077X1
ALNFL,"NFL Biosciences SAS",France,PA,EUR,"Common Stock",FR0014003XT0
ALNLF,"Neolife SA",France,PA,EUR,"Common Stock",FR0011636083
ALNMG,"Netmedia Group S.A.",France,PA,EUR,"Common Stock",
ALNMR,"NamR SA",France,PA,EUR,"Common Stock",FR0014003J32
ALNOV,Novacyt,France,PA,EUR,"Common Stock",FR0010397232
ALNRG,Energisme,France,PA,EUR,"Common Stock",FR0013399359
ALNSC,"NSC Groupe SA",France,PA,EUR,"Common Stock",FR0000064529
ALNSE,"NSE SA",France,PA,EUR,"Common Stock",FR0004065639
ALNTG,"Netgem SA",France,PA,EUR,"Common Stock",FR0004154060
ALNXT,Nextedia,France,PA,EUR,"Common Stock",FR0004171346
ALO,"Alstom S.A.",France,PA,EUR,"Common Stock",FR0010220475
ALOBR,"Ober SA",France,PA,EUR,"Common Stock",FR0010330613
ALOKW,"Groupe OKwind",France,PA,EUR,"Common Stock",
ALOPM,"Oncodesign Precision Medicine",France,PA,EUR,"Common Stock",
ALORA,"Altheora SA",France,PA,EUR,"Common Stock",FR0000061244
ALORD,Ordissimo,France,PA,EUR,"Common Stock",FR0013318052
ALOSM,"Osmozis SAS",France,PA,EUR,"Common Stock",FR0013231180
ALPAR,"Groupe Parot SA",France,PA,EUR,"Common Stock",FR0013204070
ALPAT,"Plant Advanced Technologies SA",France,PA,EUR,"Common Stock",FR0010785790
ALPAU,"Paulic Meunerie Sa",France,PA,EUR,"Common Stock",FR0013479730
ALPCV,"Cerinnov Group SA",France,PA,EUR,"Common Stock",FR0013178712
ALPDX,"Piscines Desjoyaux SA",France,PA,EUR,"Common Stock",FR0000061608
ALPER,"La Perla Fashion Holding",France,PA,EUR,"Common Stock",NL0012191662
ALPHA,"Pharnext SA",France,PA,EUR,"Common Stock",FR0011191287
ALPHI,"Facephi Biometria S.A.",France,PA,EUR,"Common Stock",
ALPHS,"Pharmasimple SA",France,PA,EUR,"Common Stock",BE0974302342
ALPIX,"Pixium Vision SA",France,PA,EUR,"Common Stock",FR0011950641
ALPJT,"Poujoulat S.A.",France,PA,EUR,"Common Stock",FR0000066441
ALPLA,"Erold SA",France,PA,EUR,"Common Stock",FR0010211037
ALPOU,"Poulaillon SA",France,PA,EUR,"Common Stock",FR0013015583
ALPRE,Predilife,France,PA,EUR,"Common Stock",FR0010169920
ALPRG,Prologue,France,PA,EUR,"Common Stock",FR0010380626
ALPRI,"Prismaflex Intl",France,PA,EUR,"Common Stock",FR0004044600
ALPRO,Prodware,France,PA,EUR,"Common Stock",FR0010313486
ALQGC,"Quantum Genomics SA",France,PA,EUR,"Common Stock",FR0011648971
ALQP,"Quadpack Industries SA",France,PA,EUR,"Common Stock",ES0105118006
ALQWA,"Qwamplify SA",France,PA,EUR,"Common Stock",FR0010889386
ALREA,Realites,France,PA,EUR,"Common Stock",FR0011858190
ALREW,"Reworld Media",France,PA,EUR,"Common Stock",FR0010820274
ALRFG,"Racing Force S.p.A.",France,PA,EUR,"Common Stock",
ALRIB,"Riber S.A",France,PA,EUR,"Common Stock",FR0000075954
ALROC,Roctool,France,PA,EUR,"Common Stock",FR0010523167
ALRPD,"Rapid Nutrition PLC",France,PA,EUR,"Common Stock",GB00BLG2TX24
ALSAF,"Safe Orthopaedics SA",France,PA,EUR,"Common Stock",FR0013467123
ALSAS,"Stradim Espace Finances SA",France,PA,EUR,"Common Stock",FR0000074775
ALSEN,"Sensorion SA",France,PA,EUR,"Common Stock",FR0012596468
ALSGD,Spineguard,France,PA,EUR,"Common Stock",FR0011464452
ALSMA,"SMAIO SA",France,PA,EUR,"Common Stock",FR0014005I80
ALSPT,"Spartoo SAS",France,PA,EUR,"Common Stock",FR00140043Y1
ALSPW,Spineway,France,PA,EUR,"Common Stock",FR0011398874
ALSTW,Streamwide,France,PA,EUR,"Common Stock",FR0010528059
ALTA,"Altarea SCA",France,PA,EUR,"Common Stock",FR0000033219
ALTBG,"Blockchain Group SA",France,PA,EUR,"Common Stock",FR0011053636
ALTC,"WisdomTree Crypto Altcoins EUR",France,PA,EUR,ETF,GB00BMTP1519
ALTER,"Theradiag SA",France,PA,EUR,"Common Stock",FR0004197747
ALTHE,"Theradiag SA",France,PA,EUR,"Common Stock",FR0004197747
ALTHO,"Metavisio (Thomson Computing)",France,PA,EUR,"Common Stock",FR00140066X4
ALTHX,"Theranexus SA",France,PA,EUR,"Common Stock",FR0013286259
ALTME,"TME Pharma N.V.",France,PA,EUR,"Common Stock",NL0012044762
ALTOO,"Toosla SA",France,PA,EUR,"Common Stock",
ALTPC,"Societe Marseillaise du Tunnel Prado Carenage S.A.",France,PA,EUR,"Common Stock",
ALTRI,Trilogiq,France,PA,EUR,"Common Stock",FR0010397901
ALTRO,"TronicS Microsystems SA",France,PA,EUR,"Common Stock",FR0004175099
ALTS,"21Shares Crypto Mid-Cap Index ETP EUR",France,PA,EUR,ETF,CH1130675676
ALTTI,"Travel Technology Interactive",France,PA,EUR,"Common Stock",FR0010383877
ALTTU,"TaTaTu S.p.A.",France,PA,EUR,"Common Stock",
ALTUR,"Altur Investissement SAC",France,PA,EUR,"Common Stock",FR0010395681
ALTUV,"BIO UV Group",France,PA,EUR,"Common Stock",FR0013345493
ALTVO,Evolis,France,PA,EUR,"Common Stock",FR0004166197
ALTXC,"Txcom SA",France,PA,EUR,"Common Stock",FR0010654087
ALU10,"U10 SA",France,PA,EUR,"Common Stock",FR0000079147
ALUCI,Lucibel,France,PA,EUR,"Common Stock",FR0011884378
ALUNT,"Uniti SA",France,PA,EUR,"Common Stock",FR0012709160
ALUPG,Upergy,France,PA,EUR,"Common Stock",FR0010337865
ALUVI,"UV Germi SA",France,PA,EUR,"Common Stock",FR0011898584
ALVAL,"Valbiotis SAS",France,PA,EUR,"Common Stock",FR0013254851
ALVAP,"Kumulus Vape SA",France,PA,EUR,"Common Stock",FR0013419876
ALVDM,"Voyageurs du Monde SA",France,PA,EUR,"Common Stock",FR0004045847
ALVER,Vergnet,France,PA,EUR,"Common Stock",FR0004155240
ALVG,"VEOM Group S.A.",France,PA,EUR,"Common Stock",FR0011800218
ALVGO,"VOGO SA",France,PA,EUR,"Common Stock",FR0011532225
ALVIN,"Vinpai SAS",France,PA,EUR,"Common Stock",
ALVIO,"Valerio Therapeutics",France,PA,EUR,"Common Stock",
ALVIV,Visiativ,France,PA,EUR,"Common Stock",FR0004029478
ALVMG,"Visiomed Group",France,PA,EUR,"Common Stock",FR0013481835
ALVU,"Vente Unique.com",France,PA,EUR,"Common Stock",FR0010766667
ALWEC,WeConnect,France,PA,EUR,"Common Stock",FR0013079092
ALWED,"Wedia SA",France,PA,EUR,"Common Stock",FR0010688440
ALWF,Winfarm,France,PA,EUR,"Common Stock",FR0014000P11
ALWIT,"Witbe Net SA",France,PA,EUR,"Common Stock",FR0013143872
ALWTR,"Osmosun SA",France,PA,EUR,"Common Stock",
AM,"Dassault Aviation SA",France,PA,EUR,"Common Stock",FR0014004L86
AM3A,"Amundi Index Solutions - Amundi Govt Bond Highest Rated Euro Investment Grade Ucits ETF EUR C",France,PA,EUR,ETF,LU1681046691
AMPLI,"Amplitude Surgical SAS",France,PA,EUR,"Common Stock",FR0012789667
AMUN,"Amundi SA",France,PA,EUR,"Common Stock",FR0004125920
ANRJ,"Amundi ETF MSCI Europe Energy UCITS ETF",France,PA,EUR,ETF,FR0010930644
ANTIN,"Antin IP SA",France,PA,EUR,"Common Stock",FR0014005AL0
ANX,"Amundi Index Solutions - Amundi Nasdaq-100 ETF-C EUR",France,PA,EUR,ETF,LU1681038243
ANXU,"Amundi Nasdaq-100 UCITS USD",France,PA,USD,ETF,LU1681038326
APX,"Lyxor UCITS MSCI Asia Ex Japan C-EUR",France,PA,EUR,ETF,LU1900068161
ARAMI,"Aramis SAS",France,PA,EUR,"Common Stock",FR0014003U94
AREIT,Altareit,France,PA,EUR,"Common Stock",FR0000039216
ARG,"Argan SA",France,PA,EUR,"Common Stock",FR0010481960
ARTE,"Artea SA",France,PA,EUR,"Common Stock",FR0012185536
ARTO,"Artois Nom.",France,PA,EUR,"Common Stock",FR0000076952
ASAND,"21S SAND",France,PA,EUR,ETF,CH1177361008
ASI,"Lyxor MSCI China ESG Leaders Extra (DR) UCITS ETF - Acc",France,PA,EUR,ETF,LU1900068914
ASOL,"21Shares Solana staking ETP EUR",France,PA,EUR,ETF,CH1114873776
ASY,"Assystem S.A.",France,PA,EUR,"Common Stock",FR0000074148
ATE,"Alten SA",France,PA,EUR,"Common Stock",FR0000071946
ATEME,"ATEME SA",France,PA,EUR,"Common Stock",FR0011992700
ATLD,"Atland S.A.",France,PA,EUR,"Common Stock",
ATO,"Atos SE",France,PA,EUR,"Common Stock",FR0000051732
ATOM,"21S ATOM",France,PA,EUR,ETF,CH1145930991
AU2,"Multi Units Luxembourg - Lyxor Australia (S&P/ASX 200) UCITS ETF",France,PA,EUR,ETF,LU0496786905
AUB,"Aubay Société Anonyme",France,PA,EUR,"Common Stock",FR0000063737
AUEM,"Amundi Index Solutions - Amundi MSCI Emerging Markets UCITS ETF-C USD",France,PA,USD,ETF,LU1681045453
AUGR,"Augros Cosmetic Packaging SA",France,PA,EUR,"Common Stock",FR0000061780
AUNI,"21Shares Uniswap ETP EUR",France,PA,EUR,ETF,CH1135202096
AURE,"Aurea SA",France,PA,EUR,"Common Stock",FR0000039232
AUT,"Lyxor Index Fund - Lyxor STOXX Europe 600 Automobiles & Parts UCITS ETF Acc",France,PA,EUR,ETF,LU1834983394
AVAX,"21Shares Avalanche ETP EUR",France,PA,EUR,ETF,
AVT,"Avenir Telecom S.A",France,PA,EUR,"Common Stock",FR0000066052
AWAT,"Lyxor PEA World Water UCITS C",France,PA,EUR,ETF,FR0011882364
AXLM,"21S Stellar",France,PA,EUR,ETF,CH1109575535
AXRP,"21S Ripple XRP",France,PA,EUR,ETF,CH0454664043
AXTZ,"21S Tezos",France,PA,EUR,ETF,CH0491507486
AXW,"Axway Software",France,PA,EUR,"Common Stock",FR0011040500
BAIN,"Bains Mer Monaco",France,PA,EUR,"Common Stock",MC0000031187
BALYO,"Balyo SA",France,PA,EUR,"Common Stock",FR0013258399
BASS,Bassac,France,PA,EUR,"Common Stock",FR0004023208
BB,"Société BIC SA",France,PA,EUR,"Common Stock",FR0000120966
BEN,"Bénéteau S.A.",France,PA,EUR,"Common Stock",FR0000035164
BIG,"BigBen Interactive",France,PA,EUR,"Common Stock",FR0000074072
BIM,"Biomerieux SA",France,PA,EUR,"Common Stock",FR0013280286
BINFU,"Amundi Index Breakeven Inflation USD 10Y UCITS ETF DR",France,PA,USD,ETF,LU2037750168
BLC,"Bastide Le Confort Médical SA",France,PA,EUR,"Common Stock",FR0000035370
BLOC,"WisdomTree Crypto Market EUR",France,PA,EUR,ETF,GB00BMTP1626
BLUSD,"BNP PARIBAS EASY - ECPI Global ESG Blue Economy UCITS ETF USD Capitalisation",France,PA,USD,ETF,LU2533813296
BLV,"Believe SAS",France,PA,EUR,"Common Stock",FR0014003FE9
BN,"Danone SA",France,PA,EUR,"Common Stock",FR0000120644
BNBA,"21S Binance Coin",France,PA,EUR,ETF,CH0496454155
BNK,"Lyxor Index Fund - Lyxor Stoxx Europe 600 Banks UCITS ETF",France,PA,EUR,ETF,FR0010345371
BNKE,"Lyxor UCITS Stoxx Banks C-EUR",France,PA,EUR,ETF,LU1829219390
BNP,"BNP Paribas SA",France,PA,EUR,"Common Stock",FR0000131104
BOI,"Boiron SA",France,PA,EUR,"Common Stock",FR0000061129
BOL,"Bollore SA",France,PA,EUR,"Common Stock",FR0000039299
BOLD,"21S BOLD",France,PA,EUR,ETF,CH1146882308
BON,"Bonduelle S.C.A.",France,PA,EUR,"Common Stock",FR0000063935
BRE,"Lyxor Index Fund - Lyxor Stoxx Europe 600 Basic Resources UCITS ETF",France,PA,EUR,ETF,FR0010345389
BRNT,"WT Brent Crude Oil",France,PA,EUR,ETF,JE00B78CGV99
BRZ,"Amundi Index Solutions - Amundi ETF MSCI Brazil UCITS ETF",France,PA,USD,ETF,FR0010821793
BSD,"Bourse Direct SA",France,PA,EUR,"Common Stock",FR0000074254
BSRIC,"Bnp Paribas Easy -  Aggregate Bond Sri Fossil Free",France,PA,EUR,ETF,LU2533812991
BSRID,"Bnp Paribas Easy -  Aggregate Bond Sri Fossil Free",France,PA,EUR,ETF,LU2533812728
BSX,"Lyxor UCITS Stoxx 50 Daily Short",France,PA,EUR,ETF,FR0010424135
BTC,"Mélanion BTC Equities Universe UCITS ETF EUR",France,PA,EUR,ETF,FR0014002IH8
BTCE,"BTCetc - Bitcoin Exchange Traded Crypto",France,PA,EUR,ETF,DE000A27Z304
BTPS,"Lyxor UCITS Daily Double Short BTP",France,PA,EUR,ETF,FR0011023621
BUI,"Barbara Bui SA",France,PA,EUR,"Common Stock",FR0000062788
BULLP,BULL/ETFS,France,PA,EUR,ETF,
BUNS,"Amundi German Bund Daily (-1x) Inverse UCITS ETF EUR",France,PA,EUR,ETF,LU0530119774
BUR,"Burelle SA",France,PA,EUR,"Common Stock",FR0000061137
BUYB,"Invesco Global Buyback Achievers UCITS ETF",France,PA,EUR,ETF,IE00BLSNMW37
BVI,"Bureau Veritas SA",France,PA,EUR,"Common Stock",FR0006174348
BX4,"Lyxor UCITS CAC 40 Daily Double Short",France,PA,EUR,ETF,FR0010411884
BXX,"Lyxor UCITS Stoxx 50 Daily Double Short",France,PA,EUR,ETF,FR0010424143
BYBE,"Amundi Index Solutions - Amundi S&P 500 Buyback ETF-C EUR EUR",France,PA,EUR,ETF,LU1681048127
BYBU,"Amundi S&P 500 Buyback USD UCITS",France,PA,USD,ETF,LU1681048556
C10,"Amundi ETF Govt Bond Euro Broad Investment Grade 10-15 UCITS ETF",France,PA,EUR,ETF,FR0010754143
C13,"Amundi ETF Govt Bond EuroMTS Broad Investment Grade 1-3 UCITS ETF DR",France,PA,EUR,ETF,FR0010754135
C1U,"Amundi FTSE 100 UCITS",France,PA,EUR,ETF,FR0010791129
C2U,"Amundi ETF Short MSCI USA Daily UCITS ETF",France,PA,EUR,ETF,FR0010791194
C33,"Amundi ETF Govt Bond EuroMTS Broad Investment Grade 3-5 UCITS ETF DR",France,PA,EUR,ETF,FR0010754168
C3M,"Amundi ETF Govies 0-6 Months EuroMTS Investment Grade UCITS ETF DR",France,PA,EUR,ETF,FR0010754200
C40,"Amundi Index Solutions - AMUNDI CAC 40 ESG UCITS ETF DR - EUR (C)",France,PA,EUR,ETF,LU1681046931
C4D,"Amundi Index Solutions - AMUNDI CAC 40 ESG UCITS ETF DR - EUR (D)",France,PA,EUR,ETF,FR0010878033
C4S,"Amundi ETF Short CAC 40 Daily UCITS ETF",France,PA,EUR,ETF,FR0010717124
C50,"Amundi Index Solutions - Amundi EURO STOXX 50 UCITS ETF-C EUR",France,PA,EUR,ETF,LU1681047236
C50U,"Amundi Index Solutions - Amundi EURO STOXX 50 UCITS ETF-C USD",France,PA,USD,ETF,FR0012927440
C53,"Amundi ETF Govt Bond EuroMTS Broad Investment Grade 5-7 UCITS ETF DR C",France,PA,EUR,ETF,FR0010754176
C53D,"Amundi ETF Govt Bond Euro Broad Investment Grade 5-7 UCITS ETF D",France,PA,EUR,ETF,FR0013506649
C5E,"Amundi Stoxx Europe 50 UCITS",France,PA,EUR,ETF,FR0010790980
C5S,"Amundi ETF Short Euro Stoxx 50 Daily UCITS ETF",France,PA,EUR,ETF,FR0010757781
C6E,"Amundi Index Solutions - AMUNDI STOXX EUROPE 600 ESG - UCITS ETF DR - EUR (C)",France,PA,EUR,ETF,LU1681040223
C73,"Amundi ETF Govt Bond EuroMTS Broad Investment Grade 7-10 UCITS ETF DR",France,PA,EUR,ETF,FR0010754184
CA,"Carrefour SA",France,PA,EUR,"Common Stock",FR0000120172
CAC,"Lyxor UCITS CAC 40 (DR) D-EUR",France,PA,EUR,ETF,FR0007052782
CACC,"Lyxor CAC 40 (DR) UCITS ETF Acc",France,PA,EUR,ETF,FR0013380607
CACM,"Lyxor UCITS CAC Mid 60 D-EUR",France,PA,EUR,ETF,FR0011041334
CAF,"Caisse Régionale de Crédit Agricole Mutuel de Paris et d'Ile-de-France",France,PA,EUR,"Common Stock",FR0000045528
CAFO,"Centrale d'Achat Française pour l'Outre-Mer Société Anonyme",France,PA,EUR,"Common Stock",FR0010151589
CAP,"Capgemini SE",France,PA,EUR,"Common Stock",FR0000125338
CAPE,"Ossiam Shiller Barclays Cape Europe Sector Value TR UCITS",France,PA,EUR,ETF,LU1079842321
CARM,"Carmila SA",France,PA,EUR,"Common Stock",FR0010828137
CARP,"Carpinienne de Participations",France,PA,EUR,"Common Stock",
CATG,"SA Catana Group",France,PA,EUR,"Common Stock",FR0010193052
CATR,"Caterpillar Inc",France,PA,EUR,"Common Stock",US1491231015
CB3,"Amundi Index Solutions - Amundi Govt Bond Euro Broad Investment Grade UCITS ETF-C",France,PA,EUR,ETF,LU1681046261
CB5,"Amundi ETF MSCI Europe Banks UCITS ETF",France,PA,EUR,ETF,FR0010688176
CBDG,"Compagnie du Cambodge",France,PA,EUR,"Common Stock",FR0000079659
CBOT,"CBO Territoria S.A.",France,PA,EUR,"Common Stock",FR0010193979
CBSM,"Soc Centrale Bois Scieries Manche SA",France,PA,EUR,"Common Stock",FR0006239109
CC1,"Amundi Index Solutions - Amundi MSCI China UCITS ETF-C EUR",France,PA,EUR,ETF,LU1681043912
CC1U,"Amundi Index Solutions - Amundi MSCI China UCITS ETF-C USD",France,PA,USD,ETF,LU1681044050
CC4,"Amundi Index Solutions - Amundi EURO Corporates UCITS ETF DR EUR C",France,PA,EUR,ETF,FR0010754119
CD5,"Amundi Index Solutions - Amundi EURO STOXX 50 UCITS ETF-D EUR",France,PA,EUR,ETF,LU1681047319
CD8,"Amundi ETF MSCI EMU High Dividend UCITS ETF",France,PA,EUR,ETF,FR0010717090
CD9,"Amundi MSCI Europe High Dividend UCITS",France,PA,EUR,ETF,LU1681041973
CDA,"Compagnie des Alpes SA",France,PA,EUR,"Common Stock",FR0000053324
CDI,"Christian Dior SE",France,PA,EUR,"Common Stock",FR0000130403
CE8,"Amundi Index Solutions - Amundi MSCI World Ex Europe ETF-C EUR",France,PA,EUR,ETF,LU1681045537
CEC,"Multi Units Luxembourg - Lyxor MSCI Eastern Europe Ex Russia UCITS ETF",France,PA,EUR,ETF,FR0010204073
CEM,"Amundi MSCI Europe Small Cap ESG Climate Net Zero Ambition CTB ETF Acc",France,PA,EUR,ETF,LU1681041544
CEN,"Groupe CRIT SA",France,PA,EUR,"Common Stock",FR0000036675
CEU,"Amundi Index Solutions - Amundi MSCI Europe ESG Broad CTB UCITS ETF DR EUR C",France,PA,EUR,ETF,LU1681042609
CEU2,"Amundi Index Solutions - Amundi Index MSCI Europe UCITS ETF DR",France,PA,EUR,ETF,LU1437015735
CF1,"Amundi MSCI France UCITS",France,PA,EUR,ETF,FR0010655704
CFI,"CFI-Compagnie Foncière Internationale",France,PA,EUR,"Common Stock",FR0000037475
CG1,"Amundi ETF DAX UCITS ETF DR",France,PA,EUR,ETF,FR0010655712
CG9,"Amundi MSCI Europe Growth UCITS",France,PA,EUR,ETF,LU1681042435
CGG,"CGG SA",France,PA,EUR,"Common Stock",FR0013181864
CGM,"Cegedim SA",France,PA,EUR,"Common Stock",FR0000053506
CH5,"Amundi ETF MSCI Europe Healthcare UCITS ETF",France,PA,EUR,ETF,FR0010688192
CHINA,"BNP PARIBAS EASY - MSCI China Select SRI S-Series 10% Capped UCITS ETF Accumulation USD",France,PA,USD,ETF,LU2314312922
CHINE,"BNP PARIBAS EASY - MSCI China Select SRI S-Series 10% Capped UCITS ETF EUR Acculumation EUR",France,PA,EUR,ETF,LU2314312849
CHIP,"Lyxor MSCI Semiconductors ESG Filtered UCITS ETF - Acc",France,PA,EUR,ETF,
CHM,"Lyxor Index Fund - Lyxor STOXX Europe 600 Chemicals UCITS ETF Acc",France,PA,EUR,ETF,LU1834983634
CI2,"Amundi Index Solutions - Amundi MSCI India UCITS ETF-C EUR",France,PA,EUR,ETF,LU1681043086
CI2U,"Amundi MSCI India UCITS USD",France,PA,USD,ETF,LU1681043169
CI3,"Amundi ETF Euro Inflation UCITS ETF DR",France,PA,EUR,ETF,FR0010754127
CJ1,"Amundi Index Solutions - Amundi Index MSCI Japan ETF-C EUR",France,PA,EUR,ETF,LU1602144732
CJ1Y,"Amundi Solutions - Amundi MSCI Japan",France,PA,JPY,ETF,LU1602144815
CL2,"Amundi ETF Leveraged MSCI USA Daily UCITS ETF",France,PA,EUR,ETF,FR0010755611
CLA,"Claranova SE",France,PA,EUR,"Common Stock",FR0013426004
CLARI,"Clariane SE",France,PA,EUR,"Common Stock",
CLEM,"Amundi Index Solutions - Amundi MSCI Emerging ESG Broad CTB UCITS ETF DR USD (C) EUR",France,PA,EUR,ETF,LU2056738144
CLEU,"Lyxor MSCI Europe ESG Climate Transition CTB (DR) UCITS ETF - Acc",France,PA,EUR,ETF,LU2056738490
CLIM,"Lyxor Green Bond DR UCITS C-EUR",France,PA,EUR,ETF,LU1563454310
CLMA,"iClima Global Decarbonisation Enablers UCITS ETF Acc EUR",France,PA,EUR,ETF,IE00BNC1F287
CLUS,"Lyxor MSCI USA ESG Climate Transition CTB (DR) UCITS ETF",France,PA,EUR,ETF,LU2055175025
CLWD,"Lyxor Msci World Climate Change (Dr) Ucits ETF USD Acc",France,PA,EUR,ETF,LU2056739464
CM9,"Amundi ETF MSCI World ex EMU UCITS ETF",France,PA,EUR,ETF,FR0010756114
CMU,"Amundi MSCI EMU ESG Leaders Select UCITS ETF DR EUR (C)",France,PA,EUR,ETF,LU1602144575
CMUD,"AM EMU ESG LEAD D",France,PA,EUR,ETF,LU2059756325
CN1,"Amundi Index Solutions - Amundi MSCI Nordic UCITS ETF-C",France,PA,EUR,ETF,LU1681044647
CNAA,"Lyxor Fortune SG UCITS MSCI China A DR C",France,PA,EUR,ETF,FR0011720911
CNB,"Lyxor UCITS Euro Corporate Bond ex Financials C-EUR",France,PA,EUR,ETF,LU1829218822
CNV,"Cnova NV",France,PA,EUR,"Common Stock",NL0010949392
CNY,"HSBC MSCI China UCITS ETF",France,PA,EUR,ETF,IE00B44T3H88
CO,"Casino Guichard Perrachon SA",France,PA,EUR,"Common Stock",FR0000125585
CODW,"Amundi S&P Global Consumer Discretionary ESG UCITS ETF DR EUR Acc EUR",France,PA,EUR,ETF,LU0533032008
COFA,"Coface SA",France,PA,EUR,"Common Stock",FR0010667147
COH,"Coheris SA",France,PA,EUR,"Common Stock",FR0004031763
COPAP,COPA/ETFS,France,PA,EUR,ETF,
COSW,"Amundi S&P Global Consumer Staples ESG UCITS ETF DR EUR Acc EUR",France,PA,EUR,ETF,LU0533032263
COUK,"Lyxor iBoxx GBP Liquid Corporates Long Dated UCITS ETF - D-GBP",France,PA,EUR,ETF,LU1407891602
COUR,"Courtois S.A",France,PA,EUR,"Common Stock",FR0000065393
COV,"Covivio SA",France,PA,EUR,"Common Stock",FR0000064578
COVH,"Covivio Hotels",France,PA,EUR,"Common Stock",FR0000060303
CP9,"Amundi Index MSCI Pacific Ex Japen SRI PAB - UCITS ETF DR - EUR C",France,PA,EUR,ETF,LU1602144906
CP9U,"Amundi MSCI Pacific ex Japan UCITS DR",France,PA,USD,ETF,LU1602145036
CRB,"Lyxor Commodities Refinitiv/CoreCommodity CRB TR UCITS ETF - Acc-EUR",France,PA,EUR,ETF,LU1829218749
CRI,"Chargeurs S.A.",France,PA,EUR,"Common Stock",FR0000130692
CROS,Crosswood,France,PA,EUR,"Common Stock",FR0000050395
CRP,"Lyxor UCITS Corporate Bond C-EUR",France,PA,EUR,ETF,LU1829219127
CRUDP,CRUD/ETFS,France,PA,EUR,ETF,
CS,"AXA SA",France,PA,EUR,"Common Stock",FR0000120628
CS1,"Amundi ETF MSCI Spain UCITS ETF",France,PA,EUR,ETF,FR0010655746
CS9,"Amundi Index Solutions - Amundi MSCI Europe Ex Switzerland UCITS ETF-C EUR",France,PA,EUR,ETF,LU1681044308
CSH,"Lyxor Euro Cash UCITS ETF",France,PA,EUR,ETF,FR0010510800
CSH2,"Lyxor Smart Cash UCITS",France,PA,EUR,ETF,LU1190417599
CST,"Lyxor Index Fund - Lyxor Stoxx Europe 600 Construction & Materials UCITS ETF",France,PA,EUR,ETF,FR0010345504
CSW,"Amundi Index Solutions - Amundi MSCI Switzerland UCITS ETF-C EUR",France,PA,EUR,ETF,LU1681044720
CSWC,"Amundi MSCI Switzerland UCITS",France,PA,CHF,ETF,LU1681044993
CU1,"Amundi ETF MSCI UK UCITS ETF",France,PA,EUR,ETF,FR0010655761
CU2,"Amundi Index Solutions - Amundi MSCI USA UCITS ETF-C EUR",France,PA,EUR,ETF,LU1681042864
CU2U,"Amundi MSCI USA UCITS USD",France,PA,USD,ETF,LU1681042948
CU9,"Amundi ETF MSCI Europe ex EMU UCITS ETF",France,PA,EUR,ETF,FR0010821819
CV9,"Amundi Index Solutions - Amundi MSCI Europe Value Factor UCITS ETF-C",France,PA,EUR,ETF,LU1681042518
CW8,"Amundi Index Solutions - Amundi MSCI World UCITS ETF C EUR",France,PA,EUR,ETF,LU1681043599
CW8U,"Amundi MSCI World UCITS USD",France,PA,USD,ETF,LU1681043672
CWE,"Amundi Index Solutions - Amundi MSCI World Energy UCITS ETF-C EUR",France,PA,EUR,ETF,LU1681046006
CWEU,"Amundi Index Solutions - Amundi MSCI World Energy UCITS ETF",France,PA,USD,ETF,FR0010871178
CWF,"Amundi Index Solutions - Amundi MSCI World Financials UCITS ETF",France,PA,EUR,ETF,FR0010791152
CWFU,"Amundi Index Solutions - Amundi MSCI World Financials ETF-C USD",France,PA,USD,ETF,LU1681045966
CYEA,"iShares China CNY Bond UCITS ETF USD Acc EUR",France,PA,EUR,ETF,IE00BKPSFD61
DAX,"Multi Units Luxembourg - Lyxor DAX (DR) UCITS ETF",France,PA,EUR,ETF,LU0252633754
DBG,Derichebourg,France,PA,EUR,"Common Stock",FR0000053381
DBV,"DBV Technologies S.A.",France,PA,EUR,"Common Stock",FR0010417345
DEC,"JC Decaux SA",France,PA,EUR,"Common Stock",FR0000077919
DEEZR,"Deezer S.A.",France,PA,EUR,"Common Stock",
DG,"Vinci S.A.",France,PA,EUR,"Common Stock",FR0000125486
DGGE,"iShares Digital Entertainment and Education UCITS ETF USD (Acc) EUR",France,PA,EUR,ETF,IE00023EZQ82
DIGI,"Digital Infrastructure and Connectivity UCITS ETF - Accumulating EUR",France,PA,EUR,ETF,IE00BL643144
DIM,"Sartorius Stedim Biotech SA",France,PA,EUR,"Common Stock",FR0013154002
DJE,"Lyxor UCITS Dow Jones Industrial Average D-EUR",France,PA,EUR,ETF,FR0007056841
DKUPL,Dekuple,France,PA,EUR,"Common Stock",FR0000062978
DOTW,"WisdomTree Polkadot EUR",France,PA,EUR,ETF,GB00BNGJ9H18
DPAM,"Les Docks des Pétroles d'Ambès -SA",France,PA,EUR,"Common Stock",FR0000065260
DPT,"ST Dupont",France,PA,EUR,"Common Stock",FR0000054199
DSB,"Lyxor UCITS Daily Double Short Bund",France,PA,EUR,ETF,FR0010869578
DSD,"Lyxor UCITS Daily ShortDAX x2 C-EUR",France,PA,EUR,ETF,FR0010869495
DSP5,"Lyxor S&P 500 Daily (-2x) Inverse UCITS ETF C USD",France,PA,EUR,ETF,LU1327051279
DSUS,"Lyxor 10Y US Treasury Daily (-2x) Inverse UCITS ETF Acc EUR",France,PA,EUR,ETF,FR0011607084
DSY,"Dassault Systemes SE",France,PA,EUR,"Common Stock",FR0014003TT8
E40,"BNP Paribas Easy CAC 40® ESG UCITS ETF",France,PA,EUR,ETF,FR0010150458
EAGG,"SPDR Barclays Euro Aggregate Bond UCITS",France,PA,EUR,ETF,IE00B41RYL63
EAPI,"Euroapi SAS",France,PA,EUR,"Common Stock",FR0014008VX5
EBBB,"Amundi Index Solutions - Amundi Index Euro Corp BBB 1-5 UCITS ETF DR",France,PA,EUR,ETF,LU1525418643
EBUY,"Lyxor Index Fund - Lyxor MSCI Digital Economy ESG Filtered (DR) UCITS ETF Acc EUR",France,PA,EUR,ETF,LU2023678878
EC,"TotalEnergies EP Gabon S.A.",France,PA,EUR,"Common Stock",GA0000121459
ECB,"Lyxor Index Fund- Lyxor Euromts Covered Bond Aggregate Ucits Etf",France,PA,EUR,ETF,LU1686830065
ECN,"BNP Paribas Easy Low Carbon 100 Europe PAB® UCITS ETF",France,PA,EUR,ETF,LU1377382368
ECRP,"Amundi Index Solutions - Amundi Index Euro AGG Corporate SRI Fund",France,PA,EUR,ETF,LU1437018168
ECRP3,"Amundi Index Solutions - Amundi Index Euro Corporate Sri 0-3 Y UCITS ETF DR",France,PA,EUR,ETF,LU2037748774
EDEN,"Edenred SA",France,PA,EUR,"Common Stock",FR0010908533
EDEU,"BNP Paribas Easy ESG Equity Dividend Europe UCITS ETF Capitalisation",France,PA,EUR,ETF,LU1615090864
EDI,"Media 6 SA",France,PA,EUR,"Common Stock",FR0000064404
EDIV,"Lyxor S&P Eurozone ESG Dividend Aristocrats (DR) UCITS ETF EUR Acc",France,PA,EUR,ETF,LU0959210781
EEA,"BNP Paribas Easy FTSE EPRA/NAREIT Eurozone Capped UCITS ETF Cap",France,PA,EUR,ETF,LU0950381748
EEE,"BNP Paribas Easy FTSE EPRA/NAREIT Eurozone Capped UCITS ETF QD Dis",France,PA,EUR,ETF,LU0192223062
EEEH,"BNP Paribas Easy FTSE EPRA/NAREIT Developed Europe UCITS ETF QD H EUR",France,PA,EUR,ETF,LU1859445063
EEMK,"BNP Paribas Easy MSCI Emerging ESG Filtered Min TE UCITS ETF EUR Cap",France,PA,EUR,ETF,LU1291097779
EEMU,"BNP Paribas Easy MSCI EMU Ex CW UCITS",France,PA,EUR,ETF,LU1291098827
EEP,"BNP Paribas Easy FTSE EPRA/NAREIT Developed Europe UCITS ETF QD EUR",France,PA,EUR,ETF,LU1291091228
EESG,"Amundi Index Solutions - Amundi Index MSCI EMU SRI PAB Ucits ETF DR Cap EUR",France,PA,EUR,ETF,LU2109787635
EESM,"BNP Paribas Easy MSCI Europe Small Caps SRI S-Series PAB 5% Capped UCITS ETF Capitalisation",France,PA,EUR,ETF,LU1291101555
EEUE,"BNP Paribas Easy MSCI Europe ESG Filtered Min TE UCITS ETF Cap",France,PA,EUR,ETF,LU1291099718
EFI,"Eurasia Fonciere Investissements Société Anonyme",France,PA,EUR,"Common Stock",FR0000061475
EGOV,"Amundi Index Solutions - Amundi Index Bofa Merrill Lynch Euro Govies 1-10",France,PA,EUR,ETF,LU1437018598
EGR,"Transition Evergreen",France,PA,EUR,"Common Stock",FR0000035784
EGRI,"Amundi Index Solutions - Amundi Index Euro AGG SRI UCITS ETF DR",France,PA,EUR,ETF,LU2182388236
EGRO,"BNP Paribas Easy ESG Growth Europe UCITS ETF EUR Cap EUR",France,PA,EUR,ETF,LU2244387887
EIFF,"Societe de la Tour Eiffel SA",France,PA,EUR,"Common Stock",FR0000036816
EISR,"BNP Paribas Easy MSCI Emerging SRI S-Series PAB 5% Capped UCITS ETF EUR Distribution",France,PA,EUR,ETF,LU1659681313
EJAH,"BNP Paribas Easy MSCI Japan ESG Filtered Min TE UCITS ETF H EUR Cap",France,PA,EUR,ETF,LU1481203070
EJAP,"BNP Paribas Easy MSCI Japan ex CW UCITS ETF Cap",France,PA,EUR,ETF,LU1291102447
EKI,"Ekinops SA",France,PA,EUR,"Common Stock",FR0011466069
EKLD,"BNP Paribas Easy - MSCI USA SRI S-Series 5% Capped",France,PA,USD,ETF,LU1291103338
EKLDC,"BNP Paribas Easy MSCI USA SRI S-Series PAB 5% Capped UCITS ETF EUR Capitalisation",France,PA,EUR,ETF,LU1659681586
EKUS,"BNP Paribas Easy MSCI USA SRI S-Series PAB 5% Capped UCITS ETF EUR Distribution",France,PA,EUR,ETF,LU1659681669
EL,"EssilorLuxottica SA",France,PA,EUR,"Common Stock",FR0000121667
ELCR,"Lyxor Index Fund - Lyxor MSCI Future Mobility ESG Filtered (DR) UCITS ETF Acc EUR",France,PA,EUR,ETF,LU2023679090
ELEC,"Électricite de Strasbourg Société Anonyme",France,PA,EUR,"Common Stock",FR0000031023
ELIOR,"Elior SCA",France,PA,EUR,"Common Stock",FR0011950732
ELIS,"Elis SA",France,PA,EUR,"Common Stock",FR0012435121
ELLE,"Lyxor Global Gender Equality (DR) UCITS ETF - C-USD EUR",France,PA,EUR,ETF,LU1691909508
ELOW,"SSgA SPDR ETFs Europe II Public Limited Company - SPDR EURO STOXX Low Volatility UCITS ETF",France,PA,EUR,ETF,IE00BFTWP510
ELTC,"LTCetc - Physical Litecoin ETC EUR",France,PA,EUR,ETF,DE000A3GN5J9
EMAE,"SPDR® MSCI EM Asia UCITS ETF",France,PA,EUR,ETF,IE00B466KX20
EMBH,"BNP Paribas Easy JPM ESG EMBI Global Diversified Composite UCITS ETF H EUR Capitalisation EUR",France,PA,EUR,ETF,LU1547515137
EMBI,"BNP Paribas Easy JPM ESG EMBI Global Diversified Composite UCITS ETF Capitalisation USD",France,PA,USD,ETF,LU1547515053
EMEH,"BNP Paribas Easy Energy & Metals Enhanced Roll",France,PA,EUR,ETF,LU1547516291
EMHD,"Invesco Markets III plc - Invesco FTSE Emerging Markets High Dividend Low Volatility UCITS ETF",France,PA,EUR,ETF,IE00BYYXBF44
EMIS,"BNP Paribas Easy MSCI Emerging SRI S-Series PAB 5% Capped UCITS ETF EUR Capitalisation",France,PA,EUR,ETF,LU1659681230
EMLD,"SSgA SPDR ETFs Europe I Public Limited Company - SPDR Barclays Emerging Markets Local Bond UCITS ETF",France,PA,EUR,ETF,IE00B4613386
EMOM,"BNP Paribas Easy ESG Equity Momentum Europe UCITS ETF Cap",France,PA,EUR,ETF,LU1377382012
EMQQ,"EMQQ Emerging Markets Internet & Ecommerce UCITS ETF - Accumulating EUR",France,PA,EUR,ETF,IE00BFYN8Y92
EMRG,"SSgA SPDR MSCI Emerging Markets UCITS",France,PA,EUR,ETF,IE00B469F816
EMSR,"BNP Paribas Easy MSCI Emerging SRI S-Series PAB 5% Capped UCITS ETF Capitalisation",France,PA,USD,ETF,LU1291098314
EMSRI,"Amundi Index MSCI Emerging Markets SRI UCITS",France,PA,EUR,ETF,LU1861138961
EMUE,"SPDR® MSCI EMU UCITS ETF EUR",France,PA,EUR,ETF,IE00B910VR50
EMWE,"BNP Paribas Easy MSCI World SRI S-Series PAB 5% Capped UCITS ETF EUR Capitalisation",France,PA,EUR,ETF,LU1615092217
EN,"Bouygues SA",France,PA,EUR,"Common Stock",FR0000120503
ENAM,"BNP Paribas Easy MSCI North America ESG Filtered Min TE UCITS ETF Cap",France,PA,EUR,ETF,LU1291104575
ENG,"BNP Paribas Easy SICAV - NMX 30 Infrastructure Global",France,PA,EUR,ETF,LU1291109293
ENGI,"Engie SA",France,PA,EUR,"Common Stock",FR0010208488
ENGUS,"BNP Paribas Easy ECPI Global ESG Infrastructure UCITS ETF USD Cap",France,PA,USD,ETF,LU2533811167
ENX,"Euronext N.V.",France,PA,EUR,"Common Stock",NL0006294274
EO,"Faurecia S.E.",France,PA,EUR,"Common Stock",FR0000121147
EOS,"ACTEOS S.A",France,PA,EUR,"Common Stock",FR0000076861
EPAB,"Lyxor Net Zero 2050 S&P Eurozone Climate PAB (DR) UCITS ETF - Acc",France,PA,EUR,ETF,LU2195226068
EPEJ,"BNP Paribas Easy MSCI Pacific ex Japan ESG Filtered Min TE UCITS ETF Cap",France,PA,EUR,ETF,LU1291106356
EPRA,"Amundi Index Solutions - Amundi Index FTSE EPRA NAREIT Global UCITS ETF DR",France,PA,EUR,ETF,LU1437018838
EPRE,"Amundi Index Solutions - Amundi FTSE EPRA Europe Real Estate UCITS ETF-C",France,PA,EUR,ETF,LU1681039480
EQQQ,"Invesco EQQQ NASDAQ-100 UCITS ETF",France,PA,EUR,ETF,IE0032077012
EQS,"Equasens Société anonyme",France,PA,EUR,"Common Stock",FR0012882389
EQUA,"BNP Paribas Easy ESG Equity Quality Europe UCITS ETF Cap",France,PA,EUR,ETF,LU1377382103
ERA,"Eramet SA",France,PA,EUR,"Common Stock",FR0000131757
ERF,"Eurofins Scientific SE",France,PA,EUR,"Common Stock",FR0014000MR3
ERO,"SPDR MSCI Europe UCITS ETF",France,PA,EUR,ETF,IE00BKWQ0Q14
ERTH,"Lyxor Euro Government Green Bond DR ETF Acc EUR",France,PA,EUR,ETF,LU2356220926
ES,"Esso S.A.F.",France,PA,EUR,"Common Stock",FR0000120669
ESD,"BNP Paribas Easy S&P 500 UCITS C",France,PA,USD,ETF,FR0011550177
ESDD,"BNP Paribas Easy S&P 500 UCITS H",France,PA,USD,ETF,FR0011550680
ESE,"EasyETF - BNP Paribas Easy S&P 500 UCITS ETF",France,PA,EUR,ETF,FR0011550185
ESEH,"BNP Paribas Easy S&P 500 UCITS ETF EUR H",France,PA,EUR,ETF,FR0013041530
ESGE,"Lyxor MSCI Europe ESG Leaders (DR) UCITS ETF - Acc",France,PA,EUR,ETF,LU1940199711
ESGH,"Lyxor MSCI Europe ESG Leaders (DR) UCITS ETF - Monthly Hedged to EUR - Acc",France,PA,EUR,ETF,LU1940199984
ESGO,"AuAg ESG Gold Mining UCITS ETF EUR",France,PA,EUR,ETF,IE00BNTVVR89
ESI,"ESI Group SA",France,PA,EUR,"Common Stock",FR0004110310
ETBB,"BNP Paribas Easy Euro Stoxx 50 UCITS ETF EUR C/D",France,PA,EUR,ETF,FR0012740983
ETDD,"BNP Paribas Easy Euro Stoxx 50 UCITS ETF EUR C",France,PA,EUR,ETF,FR0012739431
ETL,"Eutelsat Communications SA",France,PA,EUR,"Common Stock",FR0010221234
ETZ,"BNP Paribas Easy Stoxx Europe 600 UCITS ETF EUR C",France,PA,EUR,ETF,FR0011550193
ETZD,"BNP Paribas Easy Stoxx Europe 600 UCITS H",France,PA,EUR,ETF,FR0011550672
EUCO,"SPDR Barclays Euro Corporate Bond UCITS",France,PA,EUR,ETF,IE00B3T9LM79
EUDIV,"Lyxor S&P Eurozone ESG Dividend Aristocrats (DR) UCITS ETF EUR Dis",France,PA,EUR,ETF,
EUDV,"SSgA SPDR ETFs Europe I Public Limited Company - SPDR S&P Euro Dividend Aristocrats UCITS ETF",France,PA,EUR,ETF,IE00B5M1WJ87
EUHD,"PowerShares EURO STOXX High Dividend Low Volatility UCITS",France,PA,EUR,ETF,IE00BZ4BMM98
EUMV,"Ossiam Europe ESG Machine Learning ETF UCITS 1C (EUR)",France,PA,EUR,ETF,LU0599612842
EUR,"Euro Ressources S.A.",France,PA,EUR,"Common Stock",FR0000054678
EURS,"Foncière Euris SA",France,PA,EUR,"Common Stock",FR0000038499
EUSRI,"Amundi Index Solutions - Amundi MSCI Europe SRI PAB UCITS ETF DR C",France,PA,EUR,ETF,LU1861137484
EVAE,"BNP Paribas Easy ESG Equity Value Europe UCITS ETF Cap",France,PA,EUR,ETF,LU1377382285
EVOE,"BNP Paribas Easy ESG Equity Low Vol Europe UCITS ETF Cap",France,PA,EUR,ETF,LU1377381717
EVOU,"BNP Paribas Easy ESG Equity Low Vol US UCITS ETF Cap",France,PA,EUR,ETF,LU1377381980
EWLD,"Lyxor PEA MSCI World UCITS C",France,PA,EUR,ETF,FR0011869353
EWRD,"BNP Paribas Easy MSCI World SRI S-Series PAB 5% Capped UCITS ETF Capitalisation",France,PA,USD,ETF,LU1291108642
EXA,"Exail Technologies S.A.",France,PA,EUR,"Common Stock",
EXE,"Exel Industries",France,PA,EUR,"Common Stock",FR0004527638
EXN,"Exclusive Networks SA",France,PA,EUR,"Common Stock",FR0014005DA7
EXPL,"EPC Groupe",France,PA,EUR,"Common Stock",FR0000039026
FALG,"Fermentalg SA",France,PA,EUR,"Common Stock",FR0011271600
FCMC,"Ferm. Casino Mun. Canne",France,PA,EUR,"Common Stock",FR0000062101
FDE,"Francaise de l&#39;Energie",France,PA,EUR,"Common Stock",FR0013030152
FDJ,"La Francaise Des Jeux Sa",France,PA,EUR,"Common Stock",FR0013451333
FGA,"Figeac Aero SA",France,PA,EUR,"Common Stock",FR0011665280
FGBL,"First Trust Global Equity Income UCITS ETF Class A USD",France,PA,EUR,ETF,IE00BYTH6121
FGR,"Eiffage SA",France,PA,EUR,"Common Stock",FR0000130452
FII,"Lisi S.A",France,PA,EUR,"Common Stock",FR0000050353
FIN,"Lyxor Index Fund - Lyxor STOXX Europe 600 Financial Services UCITS ETF",France,PA,EUR,ETF,FR0000033243
FINM,"Financiere Marjos SA",France,PA,EUR,"Common Stock",FR0000060824
FINSW,"Multi Units Luxembourg - Lyxor MSCI World Financials TR UCITS ETF",France,PA,EUR,ETF,
FINW,"Lyxor MSCI World Financials TR UCITS ETF - C-EUR",France,PA,EUR,ETF,LU0533032859
FIPP,"FIPP S.A.",France,PA,EUR,"Common Stock",FR0000038184
FLY,"Fonciere Lyonnaise",France,PA,EUR,"Common Stock",FR0000033409
FMI,"Amundi Index Solutions - Amundi FTSE MIB UCITS ETF-C",France,PA,EUR,ETF,LU1681037518
FMONC,"Financiere Moncey S.A.",France,PA,EUR,"Common Stock",
FMQQ,"FMQQ Next Frontier Internet & Ecommerce ESG-S UCITS ETF USD Accumulating EUR",France,PA,EUR,ETF,IE000WF4FCJ3
FNAC,"Fnac Darty SA",France,PA,EUR,"Common Stock",FR0011476928
FNTS,"Finatis Société Anonyme",France,PA,EUR,"Common Stock",FR0004156297
FOO,"Lyxor Index Fund - Lyxor Stoxx Europe 600 Food & Beverage UCITS ETF",France,PA,EUR,ETF,FR0010344861
FORSE,"Forsee Power SAS",France,PA,EUR,"Common Stock",FR0014005SB3
FPG,"Union Technologies Informatique Group S.A",France,PA,EUR,"Common Stock",FR0000074197
FPXU,"First Trust US Equity Opportunities UCITS ETF Class A Accumulation",France,PA,USD,ETF,IE00BYTH6238
FR,"Valeo SA",France,PA,EUR,"Common Stock",FR0013176526
FREY,"Frey SA",France,PA,EUR,"Common Stock",FR0010588079
FRVIA,"Forvia SE",France,PA,EUR,"Common Stock",
GAGG,"Amundi Index Solutions - Amundi Index Barclays Global Agg 500M",France,PA,EUR,ETF,LU1437024729
GAGH,"Amundi Index Solutions - Amundi Index Global AGG 500M UCITS ETF DR EUR Hedged",France,PA,EUR,ETF,LU1708330318
GAHU,"Amundi Index Solutions - Amundi Index Global AGG 500M UCITS ETF DR Hedged USD",France,PA,USD,ETF,LU1778293313
GALIM,"Galimmo SA",France,PA,EUR,"Common Stock",FR0000030611
GAM,"Gaumont SA",France,PA,EUR,"Common Stock",FR0000034894
GBS,"Gold Bullion Securities ETC",France,PA,EUR,ETF,GB00B00FHZ82
GBT,"Guerbet S. A.",France,PA,EUR,"Common Stock",FR0000032526
GDS,"Ramsay Generale De Sante",France,PA,EUR,"Common Stock",FR0000044471
GEA,"GEA Grenobl. Elect.",France,PA,EUR,"Common Stock",FR0000053035
GEMU,"BNP Paribas Easy JPM ESG EMU Government Bond IG 3-5 Y UCITS ETF Capitalisation EUR",France,PA,EUR,ETF,LU2244387457
GET,"Getlink SE",France,PA,EUR,"Common Stock",FR0010533075
GEU3C,"BNP Paribas Easy JPM ESG EMU Government Bond IG 1-3Y UCITS ETF Capitalisation",France,PA,EUR,ETF,LU2533810862
GEU3D,GEU3D,France,PA,EUR,ETF,LU2533810789
GFC,"Gecina SA",France,PA,EUR,"Common Stock",FR0010040865
GGOV,"Amundi Index Solutions - Amundi Index J.P. Morgan GBI Global Govies",France,PA,EUR,ETF,LU1437016204
GILI,"Lyxor FTSE Actuaries UK Gilts Inflation-Linked (DR) UCITS ETF",France,PA,EUR,ETF,LU1407893301
GILS,"Lyxor UCITS Iboxx GBP Gilts",France,PA,EUR,ETF,LU1407892592
GINF,"Amundi Index Solutions - Amundi Global Infrastructure",France,PA,EUR,ETF,LU1589350310
GJAJ,"Groupe JAJ",France,PA,EUR,"Common Stock",FR0004010338
GLDM,"Lyxor MSCI ACWI Gold UCITS C EUR",France,PA,EUR,ETF,LU0854423687
GLE,"Societe Generale S.A.",France,PA,EUR,"Common Stock",FR0000130809
GLO,"GL Events SA",France,PA,EUR,"Common Stock",FR0000066672
GLUX,"Amundi Index Solutions - Amundi S&P Global Luxury ETF-C EUR",France,PA,EUR,ETF,LU1681048630
GNE,"General Electric Company",France,PA,EUR,"Common Stock",US3696043013
GNFT,Genfit,France,PA,EUR,"Common Stock",FR0004163111
GNRO,"Geneuro SA",France,PA,EUR,"Common Stock",CH0308403085
GOAI,"Amundi Stoxx Global Artificial Intelligence",France,PA,EUR,ETF,LU1861132840
GOLD,"Amundi Physical Gold ETC C EUR",France,PA,EUR,ETF,FR0013416716
GOVH,"Amundi Index Solutions - Amundi Index J.P. Morgan GBI Global Govies UCITS ETF DR EUR Hedged",France,PA,EUR,ETF,LU1708330235
GOVS,"SPDR Barclays Capital 1-3 Yr Euro Govt Bond",France,PA,EUR,ETF,IE00B6YX5F63
GOVY,"SSgA SPDR ETFs Europe I Public Limited Company - SPDR Barclays Euro Government Bond UCITS ETF",France,PA,EUR,ETF,IE00B3S5XW04
GPAB,"Lyxor Net Zero 2050 S&P World Climate PAB (DR) UCITS ETF - Acc EUR",France,PA,EUR,ETF,LU2198882362
GPE,"Groupe Pizzorno Environnement SA",France,PA,EUR,"Common Stock",FR0010214064
GRCTB,"BNP Paribas Easy FTSE EPRA Nareit Global Developed Green CTB UCITS ETF EUR Capitalisation",France,PA,EUR,ETF,LU2365458905
GRE,"Multi Units France - Lyxor MSCI Greece UCITS ETF",France,PA,EUR,ETF,FR0010405431
GREAL,"BNP Paribas Easy FTSE EPRA Nareit Developed Europe ex UK Green CTB UCITS ETF Cap",France,PA,EUR,ETF,LU2008763935
GRVO,"Graines Voltz S.A",France,PA,EUR,"Common Stock",FR0000065971
GSCU,"BNP Paribas Easy Energy & Metals Enhanced Roll UCITS ETF USD Cap",France,PA,USD,ETF,LU1291109533
GSSBD,"BNPP Greenbond ETF",France,PA,EUR,ETF,LU2365458814
GSSBO,"BNPPGreenbondD ETF",France,PA,EUR,ETF,LU2365458731
GTT,"Gaztransport & Technigaz SAS",France,PA,EUR,"Common Stock",FR0011726835
GUI,"Guillemot Corporation S.A",France,PA,EUR,"Common Stock",FR0000066722
GV,"Genomic Vision Société Anonyme",France,PA,EUR,"Common Stock",FR0011799907
GWT,"Lyxor Index Fund - Lyxor MSCI EMU Growth (DR) UCITS ETF",France,PA,EUR,ETF,FR0010168765
H50A,HSBCEUROSTOXX50ACC,France,PA,EUR,ETF,IE000MWUQBJ0
HAGG,HSBCBBGAGGCORPETF,France,PA,EUR,ETF,IE000XGNMWE1
HAMO,"Hashdex Crypto Momentum Factor ETP",France,PA,EUR,ETF,CH1218734544
HBZ,"HSBC ETFs Public Limited Company - HSBC MSCI Brazil UCITS ETF",France,PA,EUR,ETF,IE00B5W34K94
HCAN,"HSBC MSCI Canada UCITS ETF",France,PA,EUR,ETF,IE00B51B7Z02
HCAS,"HSBC MSCI CHINA A UCITS ETF",France,PA,EUR,ETF,IE000Z4OYPZ6
HCO,"High Co. SA",France,PA,EUR,"Common Stock",FR0000054231
HDF,"Hydrogene De France SA",France,PA,EUR,"Common Stock",FR0014003VY4
HDLV,"Invesco S&P 500 High Dividend Low Volatility UCITS ETF EUR",France,PA,EUR,ETF,IE00BWTN6Y99
HDP,"Les Hôtels de Paris SA",France,PA,EUR,"Common Stock",FR0004165801
HEMA,"HSBC MSCI Emerging Markets UCITS ETF USD Acc EUR",France,PA,EUR,ETF,IE000KCS7J59
HESS,"HSBC MSCI Emerging Markets Small Cap ESG UCITS ETF USD Acc EUR",France,PA,EUR,ETF,IE000W080FK3
HEU,"HSBC ETFs Public Limited Company - HSBC MSCI Europe UCITS ETF",France,PA,EUR,ETF,IE00B5BD5K76
HEVS,"HSBC MSCI Emerging Markets Value ESG UCITS ETF USD (Acc) EUR",France,PA,EUR,ETF,IE000NVVIF88
HHH,"HSBC ETFs Public Limited Company - HSBC S&P 500 UCITS ETF",France,PA,EUR,ETF,IE00B5KQNG97
HIES,"HSBC MSCI Emerging Markets Islamic ESG UCITS ETF USD Acc EUR",France,PA,EUR,ETF,IE0009BC6K22
HIPS,"HSBC MSCI Europe Islamic ESG UCITS ETF EUR Acc",France,PA,EUR,ETF,IE000AGFZM58
HIUS,"HSBC MSCI USA Islamic ESG UCITS ETF USD (Acc) EUR",France,PA,EUR,ETF,IE000I5NV504
HIWS,"HSBC MSCI World Islamic ESG UCITS ETF USD Acc EUR",France,PA,EUR,ETF,IE000X9FTI22
HLT,"Lyxor Index Fund - Lyxor STOXX Europe 600 Healthcare UCITS ETF",France,PA,EUR,ETF,FR0010344879
HLTW,"Multi Units Luxembourg - Lyxor MSCI World Health Care TR UCITS ETF",France,PA,EUR,ETF,LU0533033238
HMCX,"HSBC FTSE 250 UCITS",France,PA,EUR,ETF,IE00B64PTF05
HMLA,"HSBC MSCI EM Latin America UCITS ETF",France,PA,EUR,ETF,IE00B4TS3815
HMWA,HSBCMSCIWRLDUSDACC,France,PA,EUR,ETF,IE000UQND7H4
HO,"Thales S.A.",France,PA,EUR,"Common Stock",FR0000121329
HODL,"21Shares Crypto Basket Index ETP EUR",France,PA,EUR,ETF,CH0445689208
HODLV,"21Shares Crypto Basket Equal Weight (HODLV) ETP EUR",France,PA,EUR,ETF,CH1135202161
HODLX,"21Shares Crypto Basket 10 (HODLX) ETP EUR",France,PA,EUR,ETF,CH1135202179
HPAE,"HSBC MECPAB ETF",France,PA,EUR,ETF,IE00BP2C0316
HPAJ,HSBCMSCIASIAEJPPAB,France,PA,EUR,ETF,IE000XFORJ80
HPAU,"HSBC MUCPAB ETF",France,PA,EUR,ETF,IE00BP2C1S34
HPAW,"HSBC MWCPAB ETF",France,PA,EUR,ETF,IE00BP2C1V62
HPJP,"HSBC MSCI Japan Climate Paris Aligned UCITS ETF EUR",France,PA,EUR,ETF,IE000UU299V4
HPUD,"HSBC MSCI USA Climate Paris Aligned UCITS ETF USD Dist EUR",France,PA,EUR,ETF,IE000O0KDG23
HSEM,"HSBC Emerging Market Sustainable Equity UCITS ETF EUR",France,PA,EUR,ETF,IE00BKY59G90
HSEU,"HSBC Europe Sustainable Equity UCITS ETF EUR",France,PA,EUR,ETF,IE00BKY55W78
HSJA,HSBCJAPNSUSUSDDIST,France,PA,EUR,ETF,IE000J3F4J90
HSJD,"HSBC Japan Sustainable Equity UCITS ETF EUR",France,PA,EUR,ETF,IE00BKY55S33
HSPA,"HSBC S&P 500 UCITS ETF USD (Acc) EUR",France,PA,EUR,ETF,IE000JZ473P7
HSRID,"BNPP EHY SRI D ETF",France,PA,EUR,ETF,LU2244386137
HSTE,"HSBC ETFS PLC - HSBC Hang Seng Tech UCITS ETF",France,PA,EUR,ETF,IE00BMWXKN31
HSUD,"HSBC USA Sustainable Equity UCITS ETF EUR",France,PA,EUR,ETF,IE00BKY40J65
HSUK,"HSBC UK SUS EQ ETF",France,PA,EUR,ETF,IE00BKY53D40
HSWD,"HSBC Developed World Sustainable Equity UCITS ETF EUR",France,PA,EUR,ETF,IE00BKY59K37
HSXD,"HSBC Asia Pacific Ex Japan Sustainable Equity UCITS ETF EUR",France,PA,EUR,ETF,IE00BKY58G26
HTR,"HSBC ETFs Public Limited Company - HSBC MSCI Turkey UCITS ETF",France,PA,EUR,ETF,IE00B5BRQB73
HWDA,"HSBC Multi Factor Worldwide Equity UCITS ETF USD Acc EUR",France,PA,EUR,ETF,IE0000378O66
HWOE,"HSBC MSCI World UCITS ETF EUR Hedged (Acc) EUR",France,PA,EUR,ETF,IE000QMIHY81
HYBB,"MU Lux Lyxor IBOXX EUR Liquid High Y BB UCITS",France,PA,EUR,ETF,LU1215415214
HYDRO,"BNP Paribas Easy ECPI Global ESG Hydrogen Economy UCITS ETF EUR Cap",France,PA,EUR,ETF,LU2365458145
HYDUS,"BNP Paribas Easy ECPI Global ESG Hydrogen Economy UCITS ETF ÙSD Cap",France,PA,USD,ETF,LU2533813023
HYSRI,"BNPP EHY SRI C ETF",France,PA,EUR,ETF,LU2244386053
IAM,"Itissalat Al-Maghrib",France,PA,EUR,"Common Stock",MA0000011488
ICAD,"Icade SA",France,PA,EUR,"Common Stock",FR0000035081
IDIP,"IDI S.C.A.",France,PA,EUR,"Common Stock",FR0000051393
IDL,"ID Logistics Group SA",France,PA,EUR,"Common Stock",FR0010929125
IMDA,"Immobiliere Dassault SA",France,PA,EUR,"Common Stock",FR0000033243
IMIE,"SPDR MSCI ACWI IMI",France,PA,EUR,ETF,IE00B3YLTY66
IND,"Lyxor Index Fund - Lyxor STOXX Europe 600 Industrial Goods & Services UCITS ETF",France,PA,EUR,ETF,FR0010344887
INDO,"Lyxor MSCI Indonesia UCITS ETF Acc",France,PA,EUR,ETF,LU1900065811
INDW,"Amundi S&P Global Industrials ESG UCITS ETF DR EUR Acc EUR",France,PA,EUR,ETF,LU0533033402
INEA,"Fonciere Inea",France,PA,EUR,"Common Stock",FR0010341032
INF,"Infotel SA",France,PA,EUR,"Common Stock",FR0000071797
INFE,"Compagnie Industrielle et Financière d'Entreprises SA",France,PA,EUR,"Common Stock",FR0000066219
INFL,"Lyxor EUR 2-10 Inflation Expectations UCITS C-EUR",France,PA,EUR,ETF,LU1390062245
INFU,"Lyxor US$ 10Y Inflation Expectations UCITS ETF - C-USD",France,PA,EUR,ETF,LU1390062831
INRE,"iShares Global Clean Energy UCITS ETF USD (Acc) EUR",France,PA,EUR,ETF,IE000U58J0M1
INS,"Lyxor Index Fund - Lyxor STOXX Europe 600 Insurance UCITS ETF",France,PA,EUR,ETF,FR0010344903
IPH,"Innate Pharma",France,PA,EUR,"Common Stock",FR0010331421
IPN,"Ipsen SA",France,PA,EUR,"Common Stock",FR0010259150
IPS,"Ipsos SA",France,PA,EUR,"Common Stock",FR0000073298
IQCT,"Lyxor Index Fund - Lyxor MSCI Smart Cities ESG Filtered (DR) UCITS ETF Acc EUR",France,PA,EUR,ETF,LU2023679256
IQEC,"IndexIQ Factors Sustainable Corporate Euro Bond UCITS ETF Dis",France,PA,EUR,ETF,LU1603790731
IQEE,"IndexIQ Factors Sustainable Europe Equity UCITS ETF Cap",France,PA,EUR,ETF,LU1603795458
IQEG,"IndexIQ Factors Sustainable Sovereign Euro Bond UCITS ETF Dis",France,PA,EUR,ETF,LU1603795292
IQJP,"IndexIQ Factors Sustainable Japan Equity UCITS ETF Cap",France,PA,EUR,ETF,LU1603797587
IQMU,"IndexIQ Factors Sustainable Emu Equity UCITS ETF Cap",France,PA,EUR,ETF,LU1603797074
ITE,"HAN-GINS Tech Megatrend Equal Weight UCITS ETF - Accumulating",France,PA,EUR,ETF,FR0004026151
ITEK,"HAN-GINS Tech Megatrend Equal Weight UCITS ETF - Accumulating EUR",France,PA,EUR,ETF,IE00BDDRF700
ITP,"Interparfums SA",France,PA,EUR,"Common Stock",FR0004024222
IVA,"Inventiva S.A",France,PA,EUR,"Common Stock",FR0013233012
JBEM,"BNP Paribas Easy JPM ESG EMU Govt Bd IG UCITS ETF Capitalisation",France,PA,EUR,ETF,LU1481202692
JBOG,"Jacques Bogart SA",France,PA,EUR,"Common Stock",FR0012872141
JCQ,"Jacquet Metal Service SA",France,PA,EUR,"Common Stock",FR0000033904
JNKE,"SSgA SPDR ETFs Europe I Public Limited Company - SPDR Barclays Euro High Yield Bond UCITS ETF",France,PA,EUR,ETF,IE00B6YX5M31
JPHC,"Amundi Index Solutions - Amundi JPX-Nikkei 400 UCITS ETF-C CHF Hedged",France,PA,CHF,ETF,LU1681047665
JPHG,"Amundi Index Solutions - Amundi JPX-Nikkei 400 UCITS ETF-C GBP Hedged",France,PA,GBP,ETF,LU1681039308
JPJY,"SPDR® MSCI Japan UCITS ETF JPY",France,PA,JPY,ETF,IE00BZ0G8B96
JPN,"Lyxor UCITS Japan (Topix) D-EUR",France,PA,EUR,ETF,FR0010245514
JPNH,"Lyxor UCITS Japan Topix Daily Hedged D-EUR",France,PA,EUR,ETF,FR0011475078
JPX4,"Lyxor MSCI Japan ESG Leaders Extra (DR) UCITS ETF - Acc",France,PA,EUR,ETF,LU1646359452
KER,"Kering SA",France,PA,EUR,"Common Stock",FR0000121485
KINGS,"eureKING SA",France,PA,EUR,"Common Stock",
KOF,"Kaufman Et Broad",France,PA,EUR,"Common Stock",FR0004007813
KOIN,"ETC Group Digital Assets and Blockchain Equity UCITS ETF USD Accumulating EUR",France,PA,EUR,ETF,IE00BMQ8YK98
L100,"Multi Units Luxembourg - Lyxor FTSE 100 UCITS Fund",France,PA,EUR,ETF,FR0010438127
LACR,"Lacroix Group SA",France,PA,EUR,"Common Stock",FR0000066607
LAT,"Latécoère S.A",France,PA,EUR,"Common Stock",FR0000032278
LBIRD,"Lumibird SA",France,PA,EUR,"Common Stock",FR0000038242
LCEZ,"BNPP LC EURPAB ETF",France,PA,EUR,ETF,LU2194448267
LCUS,"Multi Units Luxembourg - Lyxor Core Morningstar US (DR) UCITS ETF",France,PA,EUR,ETF,LU1781540957
LCWD,"Multi Units Luxembourg - Lyxor Core MSCI World (DR) UCITS ETF",France,PA,EUR,ETF,LU1781541179
LCWLD,"BNP PARIBAS EASY - Low Carbon 300 World PAB UCITS ETF EUR Acc EUR",France,PA,EUR,ETF,LU2194449075
LEBL,"Foncière 7 investissement Société Anonyme",France,PA,EUR,"Common Stock",FR0000065930
LEM,"Multi Units France - Lyxor MSCI Emerging Markets UCITS ETF",France,PA,EUR,ETF,FR0010429068
LEMB,"Lyxor UCITS iBoxx USD Liquid Emerging Markets Sovereigns",France,PA,USD,ETF,LU1686830909
LHYFE,"Lhyfe SA",France,PA,EUR,"Common Stock",FR0014009YQ1
LI,"Klepierre SA",France,PA,EUR,"Common Stock",FR0000121964
LIN,"Linedata Services S.A.",France,PA,EUR,"Common Stock",FR0000035123
LNA,"LNA Sante SA",France,PA,EUR,"Common Stock",FR0004170017
LOCAL,"Solocal Group SA",France,PA,EUR,"Common Stock",FR00140006O9
LOUP,"Societe LDC SA",France,PA,EUR,"Common Stock",FR0013204336
LOWV,"SPDR 500 LOW VOL",France,PA,EUR,ETF,IE00B802KR88
LPE,Laurent-Perrier,France,PA,EUR,"Common Stock",FR0006864484
LQQ,"Lyxor UCITS NASDAQ-100 Daily Leverage",France,PA,EUR,ETF,FR0010342592
LR,"Legrand SA",France,PA,EUR,"Common Stock",FR0010307819
LSS,"Lectra SA",France,PA,EUR,"Common Stock",FR0000065484
LTA,"Altamir SCA",France,PA,EUR,"Common Stock",FR0000053837
LTM,"MULTI UNITS LUXEMBOURG- Lyxor MSCI EM Latin America UCITS ETF",France,PA,EUR,ETF,FR0011551019
LUXU,"Amundi S&P Global Luxury UCITS",France,PA,USD,ETF,LU1681048713
LVC,"Lyxor UCITS Daily Leverage CAC 40",France,PA,EUR,ETF,FR0010592014
LVD,"Multi Units Luxembourg - Lyxor Daily LevDAX UCITS ETF",France,PA,EUR,ETF,LU0252634307
LVE,"Lyxor UCITS Stoxx 50 Daily Leverage",France,PA,EUR,ETF,FR0010468983
LWCE,"Amundi Index Solutions - Amundi Index MSCI Europe Climate Change UCITS ETF DR",France,PA,EUR,ETF,LU2130768844
LWCR,"Amundi MSCI World Climate Transition CTB - AE A",France,PA,EUR,ETF,LU1602144229
LWCU,"Amundi MSCI World Low Carbon USD UCITS",France,PA,USD,ETF,LU1602144492
MA13,"Lyxor UCITS EuroMTS Highest Rated Macro-Weighted Govt Bond 1-3Y DR",France,PA,EUR,ETF,LU1829219556
MA35,"Lyxor UCITS EuroMTS Highest Rated Macro-Weighted Govt Bond 3-5Y DR",France,PA,EUR,ETF,LU1829219713
MAA,"Lyxor EuroMTS Highest Rated Macro-Weighted Government Bond DR UCITS C",France,PA,EUR,ETF,LU1287023342
MAAT,"Maat Pharma SA",France,PA,EUR,"Common Stock",FR0012634822
MALT,"Malteries Franco-Belges Société Anonyme",France,PA,EUR,"Common Stock",FR0000030074
MANA,"21Shares Decentraland ETP USD Accumulation EUR",France,PA,EUR,ETF,CH1161102699
MATIC,"21Shares Polygon ETP EUR",France,PA,EUR,ETF,CH1129538448
MATW,"Amundi S&P Global Materials ESG UCITS ETF DR EUR Acc EUR",France,PA,EUR,ETF,LU0533033824
MAU,"Etablissements Maurel et Prom SA",France,PA,EUR,"Common Stock",FR0000051070
MBWS,"Marie Brizard Wine & Spirits",France,PA,EUR,"Common Stock",FR0000060873
MC,"LVMH Moët Hennessy - Louis Vuitton Société Européenne",France,PA,EUR,"Common Stock",FR0000121014
MCEU,"Amundi Index Solutions - Amundi MSCI Europe Momentum Factor UCITS ETF-C",France,PA,EUR,ETF,FR0013140514
MCPHY,"Mcphy Energy",France,PA,EUR,"Common Stock",FR0011742329
MDA,"Lyxor Index Fund - Lyxor STOXX Europe 600 Media UCITS ETF Acc",France,PA,EUR,ETF,LU1834988195
MDM,"Maisons du Monde SAS",France,PA,EUR,"Common Stock",FR0013153541
MEDCL,"Medincell SA",France,PA,EUR,"Common Stock",FR0004065605
MEDTE,"BNP Paribas Easy ECPI Global ESG Med Tech UCITS ETF EUR Capitalisation",France,PA,EUR,ETF,LU2365457410
MEGA,"WisdomTree Crypto Mega Cap Equal Weight EUR",France,PA,EUR,ETF,GB00BMTP1733
MEH,"Lyxor UCITS FTSE EPRA/NAREIT Developed Europe D-EUR",France,PA,EUR,ETF,LU1812091194
MEMS,"Memscap Regpt",France,PA,EUR,"Common Stock",FR0010298620
MERY,"Mercialys SA",France,PA,EUR,"Common Stock",FR0010241638
METEX,"Metabolic Explorer SA",France,PA,EUR,"Common Stock",FR0004177046
MEU,"Lyxor UCITS MSCI Europe D-EUR",France,PA,EUR,ETF,FR0010261198
MEUD,"Lyxor Core STOXX Europe 600 (DR) - UCITS ETF Acc",France,PA,EUR,ETF,LU0908500753
MF,Wendel,France,PA,EUR,"Common Stock",FR0000121204
MFDD,"Lyxor Euro Stoxx 300 DR UCITS D",France,PA,EUR,ETF,LU0908501132
MFE,"Lyxor UCITS MSCI EMU",France,PA,EUR,ETF,LU1646360971
MFEC,"Lyxor Core MSCI EMU (DR) UCITS ETF",France,PA,EUR,ETF,LU1646361276
MFED,"Lyxor Euro Stoxx 300 DR UCITS C",France,PA,EUR,ETF,LU0908501058
MGT,"Lyxor UCITS DJ Global Titans 50",France,PA,EUR,ETF,FR0007075494
MHM,"Societe Parisienne d’apports En Capital   SPAC SA",France,PA,EUR,"Common Stock",FR0011277391
MI10,"Lyxor Index Fund - Lyxor EuroMTS 10Y Italy BTP Government Bond (DR) UCITS ETF Acc",France,PA,EUR,ETF,LU1598691217
MI13,"Lyxor EuroMTS 1-3 Italy BTP Government Bond DR UCITS C-EUR",France,PA,EUR,ETF,LU1598691050
MIB,"Lyxor FTSE MIB (DR) UCITS ETF",France,PA,EUR,ETF,FR0010010827
MILL,"Lyxor Index Fund - Lyxor MSCI Millennials ESG Filtered (DR) UCITS ETF Acc EUR",France,PA,EUR,ETF,LU2023678449
MIVO,"Amundi MSCI Europe Minimum Volatility UCITS",France,PA,EUR,ETF,LU1681041627
MIVU,"Amundi Index Solutions MSCI USA Minimum Volatility Factor UCITS",France,PA,EUR,ETF,LU1589349734
MJP,"HSBC ETFs Public Limited Company - HSBC MSCI Japan UCITS ETF",France,PA,EUR,ETF,IE00B5VX7566
MKEA,"Mauna Kea Technologies SAS",France,PA,EUR,"Common Stock",FR0010609263
ML,"Compagnie Generale des Etablissements Michelin SCA",France,PA,EUR,"Common Stock",FR001400AJ45
MLAA,"L Agence Automobiliere SA",France,PA,EUR,"Common Stock",FR0014005WE9
MLAAH,"Amatheon Agri Holding NV",France,PA,EUR,"Common Stock",NL0010273694
MLALV,Alveen,France,PA,EUR,"Common Stock",FR0013253812
MLAZR,"Azur Selection S.A.",France,PA,EUR,"Common Stock",
MLBAT,"Batla Minerals SA",France,PA,EUR,"Common Stock",FR0010436170
MLBBO,"BEBO Health SA",France,PA,EUR,"Common Stock",CH1148983609
MLBMD,"Beaconsmind AG",France,PA,EUR,"Common Stock",CH0451123589
MLCAC,"Lombard et Medot SA",France,PA,EUR,"Common Stock",
MLCFD,"Compagnie de Chemins de Fer Départementaux Société Anonyme",France,PA,EUR,"Common Stock",
MLCFM,"CFM Indosuez Wealth SA",France,PA,EUR,"Common Stock",MC0010000826
MLCLP,"Colipays Reunion SA",France,PA,EUR,"Common Stock",FR0010959684
MLCMB,"Compagnie Du Mont-Blanc",France,PA,EUR,"Common Stock",FR0000060428
MLCMG,"CMG Cleantech S.A.",France,PA,EUR,"Common Stock",
MLCVG,"Société des Chemins de Fer et Tramways du Var et du Gard",France,PA,EUR,"Common Stock",FR0000051567
MLEAS,"Easson Holdings Ltd",France,PA,EUR,"Common Stock",HK0000038783
MLEDR,"Compagnie des Eaux de Royan",France,PA,EUR,"Common Stock",FR0007200100
MLEFA,"Eduform&#39;action S.A.",France,PA,EUR,"Common Stock",
MLERO,"Euroland Corporate SA",France,PA,EUR,"Common Stock",FR0010157115
MLETA,"Metalliance SA",France,PA,EUR,"Common Stock",FR0010492181
MLFNP,"FNP Technologies SA",France,PA,EUR,"Common Stock",FR0013230067
MLFSG,"FranceSoir Groupe SA",France,PA,EUR,"Common Stock",FR0013222346
MLFTI,"France Tourisme Immobilier SA",France,PA,EUR,"Common Stock",FR0010823724
MLGAL,"Galeo Concept SA",France,PA,EUR,"Common Stock",FR0011100759
MLGDI,"Guandao Puer Investment Co Ltd SA",France,PA,EUR,"Common Stock",LU1840650458
MLGEQ,"Gentlemen’s Equity SA",France,PA,EUR,"Common Stock",PTGVE1AE0009
MLGLB,"Glass To Power SpA",France,PA,EUR,"Common Stock",IT0005454175
MLHBB,"Financiere Hoche Bains-Les-Bains SA",France,PA,EUR,"Common Stock",
MLHBP,"Hoteles Bestprice S.A.",France,PA,EUR,"Common Stock",
MLHIN,"Société Hôtelière et Immobilière de Nice S.A",France,PA,EUR,"Common Stock",
MLHMC,"Hotel Majestic Cannes",France,PA,EUR,"Common Stock",
MLHOT,"Hotelim Société Anonyme",France,PA,EUR,"Common Stock",
MLHPE,"Hopening SA",France,PA,EUR,"Common Stock",FR0010312181
MLIDS,"IDS France SAS",France,PA,EUR,"Common Stock",
MLIFS,"Impulse Fitness Solutions SA",France,PA,EUR,"Common Stock",ES0105590006
MLIML,"Imalliance SA",France,PA,EUR,"Common Stock",FR0010086371
MLIMP,"Imprimerie Chirat Société Anonyme",France,PA,EUR,"Common Stock",FR0000065773
MLIOC,"Indoor and Outdoor Communication Holding SA",France,PA,EUR,"Common Stock",BE6200101556
MLIRF,"Innovative Rfk SpA",France,PA,EUR,"Common Stock",IT0005391161
MLITN,"Italy Innovazioni SpA",France,PA,EUR,"Common Stock",IT0005336521
MLJSA,"JSA Technology SA",France,PA,EUR,"Common Stock",FR0010680033
MLLCB,"Les Constructeurs Du Bois SA",France,PA,EUR,"Common Stock",FR00140007I9
MLMAB,"Maison Antoine Baud Société Anonyme",France,PA,EUR,"Common Stock",
MLMAD,"Made SA",France,PA,EUR,"Common Stock",FR0010328302
MLMDV,"Medical Devices Venture SA",France,PA,EUR,"Common Stock",FR0014006PT9
MLMIB,"Metrics in Balance NV",France,PA,EUR,"Common Stock",BE0974328602
MLMTP,"Montepino Logistica SOCIMI S.A.",France,PA,EUR,"Common Stock",
MLNEO,"Néocom Multimédia SA",France,PA,EUR,"Common Stock",FR0004157543
MLNMA,"Nicolas Miguet et Associes SA",France,PA,EUR,"Common Stock",
MLNOV,"Novatech Industries SA",France,PA,EUR,"Common Stock",FR0000185464
MLOCT,"Octopus Robots SA",France,PA,EUR,"Common Stock",FR0013310281
MLOKP,"OK Business Properties SOCIMI S.A.",France,PA,EUR,"Common Stock",
MLONE,"Body One SA",France,PA,EUR,"Common Stock",FR0010106039
MLONL,"Onlineformapro SA",France,PA,EUR,"Common Stock",FR0004174712
MLPAC,"Pacte Novation",France,PA,EUR,"Common Stock",FR0000077992
MLPAP,"Les Agences De Papa",France,PA,EUR,"Common Stock",FR0014003I41
MLPHO,"Photonike Capital SA",France,PA,EUR,"Common Stock",BE0948608451
MLPLC,"Placoplatre SA",France,PA,EUR,"Common Stock",
MLPRX,"Parx Plastics NV",France,PA,EUR,"Common Stock",NL0012650535
MLSDN,"La Savonnerie de Nyons SA",France,PA,EUR,"Common Stock",FR0013155975
MLSEQ,"Sequa Petroleum NV",France,PA,EUR,"Common Stock",NL0010623518
MLSGT,"Smart Good Things Holding S.A.",France,PA,EUR,"Common Stock",
MLSML,"Smalto SA",France,PA,EUR,"Common Stock",FR0011131788
MLSRP,"Speed Rabbit Pizza SA",France,PA,EUR,"Common Stock",FR0000054371
MLSUM,"Sumo Resources PLC",France,PA,EUR,"Common Stock",GB00B8GJBS16
MLTRA,"Compagnie des Tramways de Rouen",France,PA,EUR,"Common Stock",FR0000031866
MLTRO,"TROC DE L'ILE SA",France,PA,EUR,"Common Stock",
MLVAZ,"Vaziva S.A.",France,PA,EUR,"Common Stock",
MLVER,"Verney-Carron S.A",France,PA,EUR,"Common Stock",FR0006174496
MLVIE,"Integritas Viager SA",France,PA,EUR,"Common Stock",FR0014003FN0
MLVIR,"Virtualware 2007 S.A.",France,PA,EUR,"Common Stock",
MLWEA,"Weaccess Group SA",France,PA,EUR,"Common Stock",FR0010688465
MLWEL,"Well SA",France,PA,EUR,"Common Stock",FR0004152700
MLWIZ,"Wiziboat SA",France,PA,EUR,"Common Stock",FR00140047H7
MLZAM,"ZCCM Investments Holdings Plc",France,PA,EUR,"Common Stock",ZM0000000037
MMB,"Lagardere SCA",France,PA,EUR,"Common Stock",FR0000130213
MMS,"Lyxor Index Fund - Lyxor MSCI EMU Small Cap (DR) UCITS ETF",France,PA,EUR,ETF,FR0010168773
MMT,"Metropole Television SA",France,PA,EUR,"Common Stock",FR0000053225
MOED,"BNP Paribas Easy - Equity Momentum Europe",France,PA,EUR,ETF,LU1481201538
MOOC,"Ossiam Solactive Moody`s Analytics IG EUR Select Credit 1C EUR Acc",France,PA,EUR,ETF,LU1093307442
MRM,"M.R.M. SA",France,PA,EUR,"Common Stock",FR00140085W6
MRN,"Mersen SA",France,PA,EUR,"Common Stock",FR0000039620
MSE,"Lyxor UCITS Stoxx 50 D-EUR",France,PA,EUR,ETF,FR0007054358
MSED,"Lyxor Euro Stoxx 50 DR UCITS C",France,PA,EUR,ETF,LU0908501215
MSF2,"Leverage Shares 2x Microsoft ETC A EUR",France,PA,EUR,ETF,IE00BF03XY85
MTA,"Multi Units Luxembourg - Lyxor Euro Government Bond 1-3Y (DR) UCITS ETF",France,PA,EUR,ETF,FR0010222224
MTB,"Lyxor UCITS EuroMTS 3-5Y Investment Grade DR",France,PA,EUR,ETF,LU1650488494
MTC,"Multi Units Luxembourg - Lyxor EuroMTS 5-7Y Investment Grade (DR) UCITS ETF",France,PA,EUR,ETF,LU1287023003
MTD,"Multi Units Luxembourg - Lyxor EuroMTS 7-10Y Investment Grade (DR) UCITS ETF",France,PA,EUR,ETF,LU1287023185
MTE,"MULTI-UNITS LUXEMBOURG - Lyxor Euro Government Bond 10-15Y (DR) UCITS ETF",France,PA,EUR,ETF,LU1650489385
MTF,"Lyxor EuroMTS 15+Y Investment Grade UCITS C",France,PA,EUR,ETF,LU1287023268
MTH,"Lyxor Index Fund - Lyxor Ultra Long Duration Euro Govt FTSE MTS 25+Y (DR) UCITS ETF Acc",France,PA,EUR,ETF,FR0012538148
MTI,"Lyxor UCITS EuroMTS Inflation Linked Investment Grade DR",France,PA,EUR,ETF,LU1650491282
MTU,"Manitou BF S.A.",France,PA,EUR,"Common Stock",FR0000038606
MTUSD,"BNP Paribas Easy ECPI Global ESG Med Tech UCITS ETF USD Capitalisation",France,PA,USD,ETF,LU2533811084
MTX,"Lyxor UCITS EuroMTS All-Maturity Investment Grade DR",France,PA,EUR,ETF,LU1650490474
MUS,"HSBC ETFs Public Limited Company - HSBC MSCI USA UCITS ETF",France,PA,EUR,ETF,FR0000037970
MUSA,"iShares MSCI USA Swap UCITS ETF",France,PA,EUR,ETF,IE0002W8NB38
MUSRI,"BNP Paribas Easy MSCI EMU SRI S-Series PAB 5% Capped UCITS ETF Capitalisation",France,PA,EUR,ETF,LU1953137681
MVUS,"Ossiam US Minimum Variance ESG NR UCITS ETF 1A (USD)",France,PA,USD,ETF,IE00BHNGHW42
MWO,"Lyxor UCITS FTSE EPRA/NAREIT Global Developed D-EUR",France,PA,EUR,ETF,LU1832418773
MXJ,"HSBC ETFs Public Limited Company - HSBC MSCI Pacific ex Japan UCITS ETF",France,PA,EUR,ETF,IE00B5SG8Z57
NACON,Nacon Sa,France,PA,EUR,"Common Stock",FR0013482791
NANO,"Nanobiotix S.A",France,PA,EUR,"Common Stock",FR0011341205
NDXH,"Amundi Nasdaq-100 EUR Hedged Daily UCITS",France,PA,EUR,ETF,LU1681038599
NEOEN,"Neoen SA",France,PA,EUR,"Common Stock",FR0011675362
NEX,"Nexans S.A.",France,PA,EUR,"Common Stock",FR0000044448
NGASP,NGAS/ETFS,France,PA,EUR,ETF,
NHOA,"Nhoa SA",France,PA,EUR,"Common Stock",FR0012650166
NK,"Imerys SA",France,PA,EUR,"Common Stock",FR0000120859
NOKIA,"Nokia Oyj",France,PA,EUR,"Common Stock",FI0009000681
NR21,"NR 21 S.A.",France,PA,EUR,"Common Stock",
NRAM,"Amundi Index Solutions - Amundi Index MSCI North America UCITS ETF DR",France,PA,EUR,ETF,LU1437016543
NRG,"NRJ Group",France,PA,EUR,"Common Stock",FR0000121691
NRGW,"Amundi S&P Global Energy Carbon Reduced UCITS ETF DR EUR Acc EUR",France,PA,EUR,ETF,LU0533032420
NRJ,"Multi Units France - Lyxor New Energy (DR) UCITS ETF",France,PA,EUR,ETF,FR0010524777
NRJC,"Lyxor MSCI New Energy ESG Filtered (DR) UCITS ETF Acc",France,PA,EUR,ETF,FR0014002CG3
NRO,Neurones,France,PA,EUR,"Common Stock",FR0004050250
NXI,Nexity,France,PA,EUR,"Common Stock",FR0010112524
OBLI,"Lyxor PEA Obligations d'État Euro UCITS ETF Acc",France,PA,EUR,ETF,FR0013346681
ODET,"Compagnie de l'Odet",France,PA,EUR,"Common Stock",FR0000062234
OIL,"Lyxor Index Fund - Lyxor Stoxx Europe 600 Oil & Gas UCITS ETF",France,PA,EUR,ETF,FR0010344960
OLG,"Olympique Lyonnais Groupe SA",France,PA,EUR,"Common Stock",FR0010428771
OP2E,"OSSIAM MSCI EMU NR 1C EUR EUR",France,PA,EUR,ETF,LU1847674733
OP4E,"Ossiam Lux Ossiam MSCI Europe ex EMU NR",France,PA,EUR,ETF,LU1655103486
OP5E,"Ossiam Lux Ossiam MSCI Japan NR",France,PA,EUR,ETF,LU1655103643
OP6E,"Ossiam Lux Bloomberg Asia Pacific Ex Japan PAB NR C EUR Acc EUR",France,PA,EUR,ETF,LU2491210618
OP7H,"Ossiam Bloomberg USA PAB UCITS ETF - 1A EUR Hedged Acc",France,PA,EUR,ETF,IE000JCGTOP1
OR,"L’Oreal SA",France,PA,EUR,"Common Stock",FR0000120321
ORA,"Orange SA",France,PA,EUR,"Common Stock",FR0000133308
ORAP,"Orapi SA",France,PA,EUR,"Common Stock",FR0000075392
OREGE,"Orege Société Anonyme",France,PA,EUR,"Common Stock",FR0010609206
ORIA,"Fiducial Real Estate SA",France,PA,EUR,"Common Stock",FR0000060535
ORP,"Orpea SA",France,PA,EUR,"Common Stock",FR0000184798
OSE,"OSE Pharma SA",France,PA,EUR,"Common Stock",FR0012127173
OVH,"Ovh Groupe SAS",France,PA,EUR,"Common Stock",FR0014005HJ9
P500H,"Amundi ETF PEA S&P 500 UCITS ETF Daily Hedged EUR",France,PA,EUR,ETF,FR0013412293
PAASI,"Amundi ETF PEA MSCI Emerging Asia UCITS ETF",France,PA,EUR,ETF,FR0013412012
PABE,"Amundi Index Solutions - Amundi MSCI Europe Climate Paris Aligned Pab UCITS ETF DR (C)",France,PA,EUR,ETF,LU2182388319
PABH,"Lyxor Net Zero 2050 S&P 500 Climate PAB (DR) UCITS ETF - Daily Hedged to EUR - Acc",France,PA,EUR,ETF,LU2198884145
PABU,"Lyxor Net Zero 2050 S&P 500 Climate PAB (DR) UCITS ETF - Acc EUR",France,PA,EUR,ETF,LU2198883410
PABW,"Amundi Index Solutions - Amundi MSCI World Climate Paris Aligned Pab ETF DR USD (C)",France,PA,EUR,ETF,LU2182388400
PABZ,"Amundi Index Solutions - Amundi Euro iStoxx Climate Paris Aligned Pab UCITS ETF DR C",France,PA,EUR,ETF,LU2182388582
PAEEM,"Amundi ETF PEA MSCI Emerging Markets UCITS ETF",France,PA,EUR,ETF,FR0013412020
PAEJ,"Lyxor PEA MSCI AC Asia-Pacific ex Japan UCITS C",France,PA,EUR,ETF,FR0011869312
PALAT,"Amundi ETF PEA MSCI EM Latin America UCITS ETF",France,PA,EUR,ETF,FR0013412004
PANX,"Amundi ETF PEA Nasdaq-100 UCITS ETF",France,PA,EUR,ETF,FR0013412269
PAR,"Groupe Partouche SA",France,PA,EUR,"Common Stock",FR0012612646
PARP,"Groupe Partouche SA",France,PA,EUR,"Common Stock",FR0012612646
PARRO,Parrot,France,PA,EUR,"Common Stock",FR0004038263
PASI,"Lyxor PEA China Enterprise HSCEI UCITS C",France,PA,EUR,ETF,FR0011871078
PAT,"Patrimoine et Commerce SA",France,PA,EUR,"Common Stock",FR0011027135
PAXJ,"Lyxor MSCI Pacific Ex Japan UCITS",France,PA,EUR,ETF,LU1220245556
PCA,"PCAS SA",France,PA,EUR,"Common Stock",FR0000053514
PCEU,"Amundi ETF PEA MSCI Europe UCITS ETF",France,PA,EUR,ETF,FR0013412038
PDJE,"Lyxor PEA Dow Jones Industrial Average UCITS C",France,PA,EUR,ETF,FR0011869270
PE500,"Amundi ETF PEA S&P 500 UCITS ETF EUR",France,PA,EUR,ETF,FR0013412285
PEF,"Invesco Markets III plc - Invesco FTSE RAFI Europe UCITS ETF",France,PA,EUR,ETF,IE00B23D8X81
PEH,"Invesco Markets III plc - Invesco FTSE RAFI Emerging Markets UCITS ETF",France,PA,EUR,ETF,IE00B23D9570
PERR,"Gérard Perrier Industrie S.A",France,PA,EUR,"Common Stock",FR0000061459
PEU,"Invesco Markets III plc - Invesco EuroMTS Cash 3 Months UCITS ETF",France,PA,EUR,ETF,IE00B3BPCH51
PEUG,"Peugeot Invest SA",France,PA,EUR,"Common Stock",FR0000064784
PFT,"Invesco FTSE RAFI US 1000 UCITS ETF EUR",France,PA,EUR,ETF,IE00B23D8S39
PHG,"Lyxor Index Fund - Lyxor Stoxx Europe 600 Personal & Household Goods UCITS ETF",France,PA,EUR,ETF,FR0010344978
PHXM,"PHAXIAM Therapeutics S.A.",France,PA,EUR,"Common Stock",FR0011471135
PID,"Paragon Id SA",France,PA,EUR,"Common Stock",FR0013318813
PIG,"Haulotte Group SA",France,PA,EUR,"Common Stock",FR0000066755
PINR,"Lyxor PEA Inde (MSCI India) UCITS ETF Capi",France,PA,EUR,ETF,FR0011869320
PKRW,"Lyxor PEA MSCI Korea UCITS C",France,PA,EUR,ETF,FR0011869338
PLAN,"Multi Units Luxembourg - Lyxor Corporate Green Bond (DR) UCITS ETF",France,PA,EUR,ETF,LU2370241684
PLEM,"Lyxor PEA MSCI Emerging Markets UCITS C",France,PA,EUR,ETF,FR0011440478
PMEH,"Lyxor UCITS PEA FTSE EPRA/NAREIT Developed Europe C",France,PA,EUR,ETF,FR0011869304
POM,"Compagnie Plastic Omnium SE",France,PA,EUR,"Common Stock",FR0000124570
POXEL,"Poxel SA",France,PA,EUR,"Common Stock",FR0012432516
PQVM,"Invesco S&P 500 QVM UCITS ETF",France,PA,EUR,ETF,IE00BDZCKK11
PRC,"Artmarket.com SA",France,PA,EUR,"Common Stock",FR0000074783
PREC,"Precia S.A",France,PA,EUR,"Common Stock",FR0000060832
PROAC,"Proactis SA",France,PA,EUR,"Common Stock",FR0004052561
PSAT,"Passat Société Anonyme",France,PA,EUR,"Common Stock",FR0000038465
PSP5,"Lyxor PEA S&P 500 UCITS C",France,PA,EUR,ETF,FR0011871128
PSPH,"Lyxor PEA S&P 500 UCITS ETF Couverte en EUR Capi",France,PA,EUR,ETF,FR0011871136
PSRW,"Invesco FTSE RAFI All World 3000 UCITS ETF",France,PA,EUR,ETF,IE00B23LNQ02
PTPXE,"Amundi ETF PEA Japan Topix UCITS ETF EUR",France,PA,EUR,ETF,FR0013411980
PTPXH,"Amundi ETF PEA Japan Topix UCITS ETF Daily Hedged EUR",France,PA,EUR,ETF,FR0013411998
PUB,"Publicis Groupe SA",France,PA,EUR,"Common Stock",FR0000130577
PUST,"Lyxor PEA Nasdaq 100 UCITS C",France,PA,EUR,ETF,FR0011871110
PVL,"Plastiques du Val de Loire",France,PA,EUR,"Common Stock",FR0013252186
PWG,"Prodways Group SA",France,PA,EUR,"Common Stock",FR0012613610
QCEU,"Amundi Index Solutions - Amundi MSCI Europe Quality Factor UCITS ETF-C",France,PA,EUR,ETF,LU1681041890
QDT,"Quadient SA",France,PA,EUR,"Common Stock",FR0000120560
QUED,"BNP Paribas Easy ESG Equity Quality Europe UCITS ETF Dis",France,PA,EUR,ETF,LU1481201611
R2US,"SSgA SPDR ETFs Europe II Public Limited Company - SPDR Russell 2000 U.S. Small Cap UCITS ETF",France,PA,EUR,ETF,IE00BJ38QD84
RAL,"Rallye SA",France,PA,EUR,"Common Stock",FR0000060618
RBO,"Roche Bobois",France,PA,EUR,"Common Stock",FR0013344173
RBT,"Robertet SA",France,PA,EUR,"Common Stock",FR0000039091
RCO,"Remy Cointreau",France,PA,EUR,"Common Stock",FR0000130395
RE,"Colas SA",France,PA,EUR,"Common Stock",FR0000121634
REUSD,"BNP Paribas Easy ECPI Circular Economy Leaders UCITS ETF USD Cap",France,PA,USD,ETF,LU2533810276
REUSE,"BNP Paribas Easy ECPI Circular Economy Leaders UCITS ETF Cap",France,PA,EUR,ETF,LU1953136527
RF,Eurazeo,France,PA,EUR,"Common Stock",FR0000121121
RI,"Pernod Ricard S.A.",France,PA,EUR,"Common Stock",FR0000120693
RIN,"Vilmorin & Cie SA",France,PA,EUR,"Common Stock",FR0000052516
RIO,"MULTI UNITS LUXEMBOURG - Lyxor MSCI Brazil UCITS ETF",France,PA,EUR,ETF,FR0010408799
RMAU,"Royal Mint Responsibly Sourced Physical Gold ETC EUR",France,PA,EUR,ETF,XS2115336336
RMS,"Hermes International SCA",France,PA,EUR,"Common Stock",FR0000052292
RNL,"Renault Société Anonyme",France,PA,EUR,"Common Stock",
RNO,"Renault SA",France,PA,EUR,"Common Stock",FR0000131906
ROAI,"Lyxor MSCI Robotics & AI ESG Filtered UCITS ETF EUR",France,PA,EUR,ETF,LU1838002480
ROTH,"Rothschild & Co SCA",France,PA,EUR,"Common Stock",FR0000031684
RPAB,"Lyxor Net Zero 2050 S&P Europe Climate PAB (DR) UCITS ETF - Acc EUR",France,PA,EUR,ETF,LU2198884491
RS2K,"Amundi Index Solutions - Amundi Russell 2000 ETF-C EUR",France,PA,EUR,ETF,LU1681038672
RS2U,"Amundi Index Solutions - Amundi Russell 2000 ETF-C USD",France,PA,USD,ETF,LU1681038839
RTA,"Lyxor Index Fund - Lyxor STOXX Europe 600 Retail UCITS ETF Acc",France,PA,EUR,ETF,LU1834988435
RUI,"Rubis SCA",France,PA,EUR,"Common Stock",FR0013269123
RXL,"Rexel S.A",France,PA,EUR,"Common Stock",FR0010451203
S30,"Solutions 30 SE",France,PA,EUR,"Common Stock",FR0013379484
S500,"Amundi Index Solutions - Amundi S&P 500 ESG UCITS ETF Acc",France,PA,EUR,ETF,LU1437017863
S500H,"Amundi Index Solutions - Amundi S&P 500 ESG UCITS ETF EUR Hedged Acc",France,PA,EUR,ETF,LU2098887263
S6EW,"Ossiam Stoxx Europe 600 Equal Weight NR UCITS 1C",France,PA,EUR,ETF,LU0599613147
SABE,"Saint Jean Groupe Société anonyme",France,PA,EUR,"Common Stock",FR0000060121
SACI,"Fiducial Office Solutions",France,PA,EUR,"Common Stock",FR0000061418
SADU,"Amundi Index Solutions - Amundi MSCI USA ESG Leaders Select Ucits ETF DR Cap",France,PA,USD,ETF,LU2109787395
SAF,"Safran SA",France,PA,EUR,"Common Stock",FR0000073272
SAMS,"Samse SA",France,PA,EUR,"Common Stock",FR0000060071
SAN,"Sanofi SA",France,PA,EUR,"Common Stock",FR0000120578
SAVE,"Savencia SA",France,PA,EUR,"Common Stock",FR0000120107
SBT,"Oeneo SA",France,PA,EUR,"Common Stock",FR0000052680
SBTC,"21Shares Short Bitcoin ETP EUR",France,PA,EUR,ETF,CH0514065058
SCHP,"Seche Environnem.",France,PA,EUR,"Common Stock",FR0000039109
SCITY,"Amundi Index Solutions - Amundi Smart City UCITS ETF-C EUR",France,PA,EUR,ETF,LU2037748345
SCR,"SCOR SE",France,PA,EUR,"Common Stock",FR0010411983
SDG,"Synergie SE",France,PA,EUR,"Common Stock",FR0000032658
SEC,"Soditech SA",France,PA,EUR,"Common Stock",FR0000078321
SEFER,"Sergeferrari G",France,PA,EUR,"Common Stock",FR0011950682
SEL,"Lyxor UCITS Stoxx Europe Select Dividend 30",France,PA,EUR,ETF,LU1812092168
SELER,Selectirente,France,PA,EUR,"Common Stock",FR0004175842
SEME,"iShares MSCI Global Semiconductors UCITS ETF USD Acc EUR",France,PA,EUR,ETF,IE000I8KRLL9
SESG,"SES S. A.",France,PA,EUR,"Common Stock",LU0088087324
SESL,"SES Imagotag",France,PA,EUR,"Common Stock",FR0010282822
SEUC,"SSgA SPDR ETFs Europe I plc - SPDR Barclays 0-3 Year Euro Corporate Bond UCITS ETF",France,PA,EUR,ETF,IE00BC7GZW19
SFCA,"Soc Franc Casinos",France,PA,EUR,"Common Stock",FR0010209809
SFPI,"Groupe Sfpi",France,PA,EUR,"Common Stock",FR0004155000
SFTRY,"Amundi Index Solutions - Amundi Smart Factory UCITS ETF-C EUR",France,PA,USD,ETF,LU2037749822
SGO,"Compagnie de Saint-Gobain S.A.",France,PA,EUR,"Common Stock",FR0000125007
SGQE,"Lyxor SG European Quality Income NTR UCITS D",France,PA,EUR,ETF,LU0959210278
SGQI,"Multi Units Luxembourg - Lyxor SG Global Quality Income NTR UCITS ETF",France,PA,EUR,ETF,LU0832436512
SHC,"Lyxor UCITS Daily Short CAC 40",France,PA,EUR,ETF,FR0010591362
SIGHT,"Gensight Biologics SA",France,PA,EUR,"Common Stock",FR0013183985
SII,"Société pour l'Informatique Industrielle SII S.A",France,PA,EUR,"Common Stock",FR0000074122
SK,"SEB SA",France,PA,EUR,"Common Stock",FR0000121709
SKYY,"HAN-GINS Cloud Technology Equal Weight UCITS ETF - Accumulating EUR",France,PA,EUR,ETF,IE00BDDRF924
SLB,"Schlumberger NV",France,PA,EUR,"Common Stock",AN8068571086
SLVRP,SLVR/ETFS,France,PA,EUR,ETF,
SMC,"SPDR MSCI Europe Small Cap UCITS",France,PA,EUR,ETF,IE00BKWQ0M75
SMCP,"Smcp SAS",France,PA,EUR,"Common Stock",FR0013214145
SMRT,"Amundi Index Solutions - Amundi Index Equity Global Multi Smart Allocation Scientific Beta UCITS ETF",France,PA,EUR,ETF,FR0011829084
SMRU,"Amundi Index Solutions - Amundi Index Equity Global Multi Smart Allocation Scientific Beta ETF-C USD",France,PA,USD,ETF,LU1602145200
SOI,"Soitec SA",France,PA,EUR,"Common Stock",FR0013227113
SOLW,"WisdomTree Solana EUR",France,PA,EUR,ETF,GB00BNGJ9G01
SOP,"Sopra Steria Group SA",France,PA,EUR,"Common Stock",FR0000050809
SP5,"Multi Units Luxembourg - Lyxor S&P 500 UCITS ETF",France,PA,EUR,ETF,LU0496786574
SP5C,"Lyxor S&P 500 UCITS ETF - C-EUR",France,PA,EUR,ETF,LU1135865084
SP5H,"LYXOR ETF SP5 DH",France,PA,EUR,ETF,LU0959211243
SPEL,"Foncière Volta",France,PA,EUR,"Common Stock",FR0000053944
SPIE,"SPIE SA",France,PA,EUR,"Common Stock",FR0012757854
SPMV,"Ossiam US Minimum Variance ESG NR UCITS ETF 1A (EUR)",France,PA,EUR,ETF,IE00BHNGHX58
SPY4,"SSgA SPDR S&P 400 US Mid Cap",France,PA,EUR,ETF,IE00B4YBJ215
SPY5,"SPDR® S&P 500 UCITS ETF EUR",France,PA,EUR,ETF,IE00B6YX5C33
SQI,"SQLI SA",France,PA,EUR,"Common Stock",FR0011289040
SRIC,"BNP Paribas Easy € Corp Bond SRI Fossil Free UCITS ETF Acc",France,PA,EUR,ETF,LU1859444769
SRIC3,"BNP Paribas Easy € Corp Bond SRI PAB 1-3Y UCITS ETF Inc",France,PA,EUR,ETF,LU2008760592
SRIC5,"BNP Paribas Easy € Corp Bond SRI PAB 3-5Y UCITS ETF",France,PA,EUR,ETF,LU2008761053
SRIC6,"BNP Paribas Easy € Corp Bond SRI PAB 3-5Y",France,PA,EUR,ETF,LU2446383338
SRICD,"BNPP BONDSRI ETF",France,PA,EUR,ETF,LU1953136287
SRIE,"BNP Paribas Easy MSCI Europe SRI S-Series PAB 5% Capped UCITS ETF Distribution",France,PA,EUR,ETF,LU1753045415
SRIEC,"BNP Paribas Easy MSCI Europe SRI S-Series PAB 5% Capped UCITS ETF Capitalisation",France,PA,EUR,ETF,LU1753045332
SRIJ,"BNP Paribas Easy MSCI Japan SRI S-Series PAB 5% Capped UCITS ETF Distribution",France,PA,EUR,ETF,LU1753045928
SRIJC,"BNP Paribas Easy MSCI Japan SRI S-Series PAB 5% Capped UCITS ETF Capitalisation",France,PA,EUR,ETF,LU1753045845
SRP,"SRP Groupe SA",France,PA,EUR,"Common Stock",FR0013006558
STAKE,STAKE,France,PA,EUR,ETF,CH1210548892
STF,"Stef SA",France,PA,EUR,"Common Stock",FR0000064271
STK,"SPDR® MSCI Europe Technology UCITS ETF",France,PA,EUR,ETF,IE00BKWQ0K51
STLAP,"Stellantis NV",France,PA,EUR,"Common Stock",NL00150001Q9
STMPA,"STMicroelectronics N.V.",France,PA,EUR,"Common Stock",NL0000226223
STN,"SPDR® MSCI Europe Energy UCITS ETF",France,PA,EUR,ETF,IE00BKWQ0F09
STP,"SSgA SPDR ETFs Europe II Public Limited Company - SPDR MSCI Europe Materials UCITS ETF",France,PA,EUR,ETF,IE00BKWQ0L68
STPU,"MULTI-UNITS LUXEMBOURG - Lyxor US Curve Steepening 2-10 UCITS ETF - Acc-USD EUR",France,PA,EUR,ETF,LU2018762653
STQ,"SPDR® MSCI Europe Industrials UCITS ETF",France,PA,EUR,ETF,IE00BKWQ0J47
STR,"SPDR® MSCI Europe Consumer Discretionary UCITS ETF",France,PA,EUR,ETF,IE00BKWQ0C77
STS,"SSgA SPDR ETFs Europe II Public Limited Company - SPDR MSCI Europe Consumer Staples UCITS ETF",France,PA,EUR,ETF,IE00BKWQ0D84
STT,"SSgA SPDR ETFs Europe II Public Limited Company - SPDR MSCI Europe Telecommunications UCITS ETF",France,PA,EUR,ETF,IE00BKWQ0N82
STU,"SPDR® MSCI Europe Utilities UCITS ETF",France,PA,EUR,ETF,IE00BKWQ0P07
STW,"SPDR® MSCI Europe Health Care UCITS ETF",France,PA,EUR,ETF,IE00BKWQ0H23
STZ,"SSgA SPDR ETFs Europe II Public Limited Company - SPDR MSCI Europe Financials UCITS ETF",France,PA,EUR,ETF,IE00BKWQ0G16
SU,"Schneider Electric S.E.",France,PA,EUR,"Common Stock",FR0000121972
SW,"Sodexo SA",France,PA,EUR,"Common Stock",FR0000121220
SWP,"Sword Group S.E",France,PA,EUR,"Common Stock",FR0004180578
TANN,"HANetf ICAV - Solar Energy UCITS ETF EUR",France,PA,EUR,ETF,IE00BMFNWC33
TAYN,"Societe de Tayninh SA",France,PA,EUR,"Common Stock",FR0000063307
TCHCS,"TECHNICOLOR CREATIVE STUDIOS SA",France,PA,EUR,"Common Stock",FR001400BWV7
TE,"Technip Energies BV",France,PA,EUR,"Common Stock",NL0014559478
TELE,"Lyxor Index Fund - Lyxor Stoxx Europe 600 Telecommunications UCITS ETF Acc",France,PA,EUR,ETF,FR0010344812
TELW,"Amundi S&P Global Communication Services ESG UCITS ETF DR EUR Acc EUR",France,PA,EUR,ETF,LU0533034129
TEP,"Teleperformance SE",France,PA,EUR,"Common Stock",FR0000051807
TFF,"Tonnellerie Francois Freres SA",France,PA,EUR,"Common Stock",FR0013295789
TFI,"Television Francaise 1 SA",France,PA,EUR,"Common Stock",FR0000054900
THEP,"Thermador Groupe SA",France,PA,EUR,"Common Stock",FR0013333432
TIPI,"Tipiak Société Anonyme",France,PA,EUR,"Common Stock",FR0000066482
TKO,"Tikehau Capital",France,PA,EUR,"Common Stock",FR0013230612
TKTT,"Tarkett SA",France,PA,EUR,"Common Stock",FR0004188670
TNG,"Transgene SA",France,PA,EUR,"Common Stock",FR0005175080
TNO,"Lyxor Index Fund - Lyxor STOXX Europe 600 Technology UCITS ETF",France,PA,EUR,ETF,FR0010344796
TNOW,"Multi Units Luxembourg - Lyxor MSCI World Information Technology TR UCITS ETF",France,PA,EUR,ETF,LU0533033667
TOUP,"Touax SCA",France,PA,EUR,"Common Stock",FR0000033003
TPHC,"Amundi Index Solutions - Amundi Japan Topix UCITS ETF-C CHF Hedged",France,PA,CHF,ETF,LU1681038169
TPHU,"Amundi Index Solutions - Amundi Japan Topix UCITS ETF-C USD Hedged",France,PA,USD,ETF,FR0012903219
TPXE,"Amundi Index Solutions - Amundi Japan Topix UCITS ETF-C EUR",France,PA,EUR,ETF,LU1681037609
TPXH,"Amundi Index Solutions - Amundi Japan Topix UCITS ETF-C EUR Hedged",France,PA,EUR,ETF,LU1681037864
TRACT,"Teract S.A.",France,PA,EUR,"Common Stock",
TRAN,"Transition SA",France,PA,EUR,"Common Stock",
TRI,"Trigano S.A.",France,PA,EUR,"Common Stock",FR0005691656
TRV,"Lyxor Index Fund - Lyxor STOXX Europe 600 Travel & Leisure UCITS ETF",France,PA,EUR,ETF,FR0010344838
TRYP,"HANetf ICAV - Airlines Hotels Cruise Lines UCITS ETF EUR",France,PA,EUR,ETF,IE00BMFNW783
TSYE,"SPDR Barclays Cap US Treasury Bond",France,PA,EUR,ETF,IE00B44CND37
TTE,"TotalEnergies SE",France,PA,EUR,"Common Stock",FR0000120271
TUR,"MULTI UNITS LUXEMBOURG - Lyxor MSCI Turkey UCITS ETF",France,PA,EUR,ETF,FR0010326256
TVRB,"Téléverbier SA",France,PA,EUR,"Common Stock",CH0008175645
TWN,"Multi Units Luxembourg - Lyxor Msci Taiwan Ucits Etf",France,PA,EUR,ETF,FR0010444786
U10HK,"Lyxor US Treasury 10+Y (DR) UCITS ETF - Monthly Hedged to HKD - Acc",France,PA,HKD,ETF,LU2338178648
U13HK,"Lyxor US Treasury 1-3Y (DR) UCITS ETF - Monthly Hedged to HKD - Acc",France,PA,HKD,ETF,LU2338178218
U710H,"Lyxor US Treasury 7-10Y (DR) UCITS ETF - Monthly Hedged to HKD - Acc",France,PA,HKD,ETF,LU2338178481
UBBB,"Amundi Index Solutions - Amundi Global Corp SRI 1-5Y UCITS ETF DR",France,PA,USD,ETF,LU1525418726
UBI,"Ubisoft Entertainment",France,PA,EUR,"Common Stock",FR0000054470
UCRP,"Amundi Index Solutions - Amundi Index US Corp SRI UCITS ETF DR Acc",France,PA,USD,ETF,LU1806495575
UIFL,"Amundi Index Solutions - Amundi Index US Gov Inflation-Linked Bond UCITS ETF DR - USD (C)",France,PA,USD,ETF,LU1525419294
UINE,"MULTI-UNITS LUXEMBOURG - Lyxor Inverse US$ 10Y Inflation Expectations UCITS ETF - Acc-USD EUR",France,PA,EUR,ETF,LU1879532940
UKX,"HSBC ETFs Public Limited Company - HSBC FTSE 100 UCITS ETF",France,PA,EUR,ETF,IE00B42TW061
UNBL,"Unibel S.A",France,PA,EUR,"Common Stock",FR0000054215
UNIC,"Lyxor Index Fund - Lyxor MSCI Disruptive Technology ESG Filtered (DR) UCITS ETF Acc EUR",France,PA,EUR,ETF,LU2023678282
URW,Unibail-Rodamco-Westfield,France,PA,EUR,"Common Stock",FR0013326246
US10,"Lyxor US Treasury 10+Y (DR) UCITS ETF Dist",France,PA,USD,ETF,LU1407890620
US13,"Lyxor UCITS iBoxx USD Treasuries 1-3Y DR",France,PA,EUR,ETF,LU1407887162
US37,"Lyxor US Treasury 3-7Y (DR) UCITS ETF EUR",France,PA,EUR,ETF,LU1407888996
USA,"Lyxor UCITS MSCI USA D-EUR",France,PA,EUR,ETF,FR0010296061
USAC,"Lyxor MSCI USA UCITS C",France,PA,EUR,ETF,FR0011363423
USHY,"Lyxor BofAML $ High Yield Bond UCITS ETF",France,PA,EUR,ETF,LU1435356149
USIH,"Lyxor Index Fund - Lyxor ESG USD Corporate Bond (DR) UCITS ETF - Monthly Hedged to EUR - Dist",France,PA,EUR,ETF,LU1285960032
USRI,"Amundi Index MSCI USA SRI PAB - UCITS ETF DR (C)",France,PA,EUR,ETF,LU1861136247
UST,"Multi Units Luxembourg- Lyxor Nasdaq-100 UCITS ETF",France,PA,EUR,ETF,FR0007063177
UTI,"Lyxor Index Fund - Lyxor Stoxx Europe 600 Utilities UCITS ETF",France,PA,EUR,ETF,FR0000074197
VAC,"Pierre et Vacances SA",France,PA,EUR,"Common Stock",FR0000073041
VAL,"Lyxor Index Fund - Lyxor MSCI EMU Value (DR) UCITS ETF",France,PA,EUR,ETF,FR0010168781
VALD,"BNP Paribas Easy ESG Equity Value Europe UCITS ETF Dis",France,PA,EUR,ETF,LU1481201702
VANTI,"VANTIVA SA",France,PA,EUR,"Common Stock",FR0013505062
VBTC,"VanEck Vectors Bitcoin ETN A EUR",France,PA,EUR,ETF,DE000A28M8D0
VCT,"Vicat S.A",France,PA,EUR,"Common Stock",FR0000031775
VETH,"VanEck Vectors Ethereum ETN A EUR",France,PA,EUR,ETF,DE000A3GPSP7
VETO,Vetoquinol,France,PA,EUR,"Common Stock",FR0004186856
VIE,"Veolia Environnement VE SA",France,PA,EUR,"Common Stock",FR0000124141
VIL,"VIEL & Cie société anonyme",France,PA,EUR,"Common Stock",FR0000050049
VIRP,"Virbac SA",France,PA,EUR,"Common Stock",FR0000031577
VIV,"Vivendi SA",France,PA,EUR,"Common Stock",FR0000127771
VK,Vallourec,France,PA,EUR,"Common Stock",FR0013506730
VLA,Valneva,France,PA,EUR,"Common Stock",FR0004056851
VLED,"BNP Paribas Easy ESG Equity Low Vol Europe UCITS ETF Dis",France,PA,EUR,ETF,LU1481201025
VLTSA,"Voltalia SA",France,PA,EUR,"Common Stock",FR0011995588
VMX,Verimatrix,France,PA,EUR,"Common Stock",FR0010291245
VRAP,"Vranken-Pommery Monopole Société Anonyme",France,PA,EUR,"Common Stock",FR0000062796
VRLA,Verallia,France,PA,EUR,"Common Stock",FR0013447729
VS0L,"VanEck Solana ETN A",France,PA,EUR,ETF,DE000A3GSUD3
VTR,"Vitura S.A.",France,PA,EUR,"Common Stock",FR0010309096
WAGA,"Waga Energy SA",France,PA,EUR,"Common Stock",FR0012532810
WAT,"Multi Units France - Lyxor World Water UCITS ETF",France,PA,EUR,ETF,FR0010527275
WAVE,"Wavestone S.A.",France,PA,EUR,"Common Stock",FR0013357621
WBTC,"WisdomTree Bitcoin EUR",France,PA,EUR,ETF,
WEATP,WEAT/ETFS,France,PA,EUR,ETF,
WELL,"HAN-GINS Indxx Healthcare Megatrend Equal Weight UCITS ETF - Accumulating EUR",France,PA,EUR,ETF,IE00BJQTJ848
WEMT2,"BNP PARIBAS EASY - MSCI World ESG Filtered Min TE UCITS ETF EUR Acc",France,PA,EUR,ETF,LU2446383171
WESE,"Lyxor MSCI World ESG Leaders Extra (DR) UCITS ETF - Monthly Hedged to EUR Acc",France,PA,EUR,ETF,LU1799934903
WESG,"Lyxor MSCI World ESG Leaders Extra (DR) UCITS ETF Acc EUR",France,PA,EUR,ETF,LU1792117779
WETH,"WisdomTree Ethereum ETC EUR",France,PA,EUR,ETF,GB00BJYDH394
WLD,"Lyxor UCITS MSCI World D-EUR",France,PA,EUR,ETF,FR0010315770
WLDH,"Lyxor MSCI World UCITS Monthly Hedged D",France,PA,EUR,ETF,FR0011660927
WLDHC,"Lyxor MSCI World UCITS ETF Monthly Hedged to EUR Acc",France,PA,EUR,ETF,FR0014003N93
WLN,"Worldline SA",France,PA,EUR,"Common Stock",FR0011981968
WRD,"HSBC ETFs Public Limited Company - HSBC MSCI World UCITS ETF",France,PA,EUR,ETF,IE00B4X9L533
WSRI,"Amundi Index Solutions - Amundi Index MSCI World SRI PAB UCITS ETF DR",France,PA,EUR,ETF,LU1861134382
X13G,"Amundi Index Solutions - Amundi Govt Bond Lowest Rated Euro Investment Grade 1-3 UCITS ETF-C",France,PA,EUR,ETF,LU1681046345
X1G,"Amundi Index Solutions - Amundi Govt Bond Lowest Rated Euro Investment Grade UCITS ETF-C",France,PA,EUR,ETF,LU1681046774
X1GD,"Amundi Govt Bond Lowest Rated EuroMTS Investment Grade UCITS D",France,PA,EUR,ETF,LU1681046857
XBTI,"DDA Physical Bitcoin ETP A EUR",France,PA,EUR,ETF,DE000A3GK2N1
XEU,"Xtrackers MSCI Europe UCITS ETF 1C EUR",France,PA,EUR,ETF,LU0274209237
XFAB,"X Fab Silicon Foundries EV",France,PA,EUR,"Common Stock",BE0974310428
XIL,"Xilam Animation",France,PA,EUR,"Common Stock",FR0004034072
YIEL,"Lyxor UCITS iBoxx EUR Liquid High Yield 30 Ex-Financial",France,PA,EUR,ETF,FR0010975771
YODA,"Procure Space ETF EUR",France,PA,EUR,ETF,IE00BLH3CV30
ZERO,"HANetf S&P Global Clean Energy Select HANzero UCITS ETF EUR",France,PA,EUR,ETF,IE00BLH3CQ86
ZETH,"ETHetc - ETC Group Physical Ethereum EUR",France,PA,EUR,ETF,DE000A3GMKD7
