Code,Name,Country,Exchange,Currency,Type,Isin
8990B,"8990 Holdings Inc Preferred",Philippines,PSE,PHP,"Common Stock",PHY2257P1296
AB,"Atok Big Wedge Co Inc",Philippines,PSE,PHP,"Common Stock",PHY044931210
ABA,"Abacore Capital Holdings Inc",Philippines,PSE,PHP,"Common Stock",PHY0011J1089
ABG,"Asiabest Group International Inc",Philippines,PSE,PHP,"Common Stock",PHY030541064
ABS,"ABS CBN Corp",Philippines,PSE,PHP,"Common Stock",PHY0006V1080
AC,"Ayala Corp",Philippines,PSE,PHP,"Common Stock",PHY0486V1154
ACE,"Acesite Hotel Corp",Philippines,PSE,PHP,"Common Stock",PHY2063J1017
ACEN,"AC Energy Philippines Inc",Philippines,PSE,PHP,"Common Stock",PHY1001H1024
ACPAR,"Ayala Corp. NV Perp Pfd A",Philippines,PSE,PHP,"Common Stock",
ACPB1,"Ayala Corp Pref",Philippines,PSE,PHP,"Common Stock",PHY0486V1238
ACR,"Alsons Consolidated Resources Inc",Philippines,PSE,PHP,"Common Stock",PHY0093E1002
AEV,"Aboitiz Equity Ventures Inc",Philippines,PSE,PHP,"Common Stock",PHY0001Z1040
AGI,"Alliance Global Group Inc",Philippines,PSE,PHP,"Common Stock",PHY003341054
ALCO,"ArthaLand Corp",Philippines,PSE,PHP,"Common Stock",PHY0206K1008
ALCPD,"ArthaLand Corp Preferred Series D",Philippines,PSE,PHP,"Common Stock",PHY0206K1347
ALHI,"Anchor Land Holdings Inc",Philippines,PSE,PHP,"Common Stock",PHY7748A1026
ALI,"Ayala Land Inc",Philippines,PSE,PHP,"Common Stock",PHY0488F1004
ALLDY,"AllDay Marts Inc",Philippines,PSE,PHP,"Common Stock",PHY0040W1046
ALLHC,"AyalaLand Logistics Holdings Corp",Philippines,PSE,PHP,"Common Stock",PHY0490Q1023
ALTER,"Alternergy Holdings Corp.",Philippines,PSE,PHP,"Common Stock",
ANI,"AgriNurture Inc",Philippines,PSE,PHP,"Common Stock",PHY002851178
ANS,"A Soriano Corp",Philippines,PSE,PHP,"Common Stock",PHY8068W1129
AP,"Aboitiz Power Corp",Philippines,PSE,PHP,"Common Stock",PHY0005M1090
APC,"APC Group Inc",Philippines,PSE,PHP,"Common Stock",PHY0163E1213
APL,"Apollo Global Capital Inc",Philippines,PSE,PHP,"Common Stock",PHY1000N1001
APO,"Anglo Philippine Holdings Corp",Philippines,PSE,PHP,"Common Stock",PHY0136Q1288
APVI,"Altus Property Ventures Inc",Philippines,PSE,PHP,"Common Stock",PHY0100W1019
APX,"Apex Mining Co Inc",Philippines,PSE,PHP,"Common Stock",PHY017801408
ARA,"Araneta Properties Inc",Philippines,PSE,PHP,"Common Stock",PHY0203L1190
AREIT,"AyalaLand REIT Inc.",Philippines,PSE,PHP,"Common Stock",PHY1001D1010
ASLAG,"Raslag Corp.",Philippines,PSE,PHP,"Common Stock",
AT,"Atlas Consolidated Mining and Development Corp",Philippines,PSE,PHP,"Common Stock",PHY0434M1265
ATI,"Asian Terminals Inc",Philippines,PSE,PHP,"Common Stock",PHY0367R1006
ATN,"ATN Holdings Inc",Philippines,PSE,PHP,"Common Stock",PHY044891869
ATNB,"ATN Holdings Inc B",Philippines,PSE,PHP,"Common Stock",PHY044891943
AUB,"Asia United Bank Corp",Philippines,PSE,PHP,"Common Stock",PHY0392K1044
AXLM,"Axelum Resources Corp",Philippines,PSE,PHP,"Common Stock",PHY0564R1015
BALAI,"Balai Ni Fruitas Inc.",Philippines,PSE,PHP,"Common Stock",
BC,"Benguet Corp A",Philippines,PSE,PHP,"Common Stock",PHY078321353
BCB,"Benguet Corp B",Philippines,PSE,PHP,"Common Stock",PHY078321437
BCOR,"Berjaya Philippines Inc",Philippines,PSE,PHP,"Common Stock",PHY0860R1024
BDO,"BDO Unibank Inc",Philippines,PSE,PHP,"Common Stock",PHY077751022
BEL,"Belle Corp",Philippines,PSE,PHP,"Common Stock",PHY0775S1043
BKR,"Bright Kindle Resources & Investments Inc",Philippines,PSE,PHP,"Common Stock",PHY096AT1065
BLOOM,"Bloomberry Resorts Corp",Philippines,PSE,PHP,"Common Stock",PHY0927M1046
BNCOM,"Bank of Commerce (Philippines)",Philippines,PSE,PHP,"Common Stock",
BPI,"Bank of the Philippine Islands",Philippines,PSE,PHP,"Common Stock",PHY0967S1694
BRN,"A Brown Company Inc",Philippines,PSE,PHP,"Common Stock",PHY000221069
BRNP,"A Brown Company Inc Preferred Series A",Philippines,PSE,PHP,"Common Stock",PHY000221226
BSC,"Basic Energy Corp",Philippines,PSE,PHP,"Common Stock",PHY0718K1017
C,"Chelsea Logistics and Infrastracture Holdings Corp",Philippines,PSE,PHP,"Common Stock",PHY1R12R1084
CA,"Concrete Aggregates Corp",Philippines,PSE,PHP,"Common Stock",PHY104151006
CAT,"Central Azucarera de Tarlac Inc",Philippines,PSE,PHP,"Common Stock",PHY124141193
CDC,"Cityland Development Corp",Philippines,PSE,PHP,"Common Stock",PHY122051295
CEB,"Cebu Air Inc",Philippines,PSE,PHP,"Common Stock",PHY1234G1032
CEBCP,"Cebu Air Inc Preferred",Philippines,PSE,PHP,"Common Stock",PHY1234G1115
CEI,"Crown Equities Inc",Philippines,PSE,PHP,"Common Stock",PHY1808T1199
CEU,"Centro Escolar University",Philippines,PSE,PHP,"Common Stock",PHY124441163
CHIB,"China Banking Corp",Philippines,PSE,PHP,"Common Stock",PHY138161229
CHP,"Cemex Holdings Philippines Inc",Philippines,PSE,PHP,"Common Stock",PHY1244L1009
CIC,"Concepcion Industrial Corp",Philippines,PSE,PHP,"Common Stock",PHY1694P1067
CLI,"Cebu Landmasters Inc",Philippines,PSE,PHP,"Common Stock",PHY1313P1076
CNPF,"Century Pacific Food Inc",Philippines,PSE,PHP,"Common Stock",PHY1249R1024
CNVRG,"Converge Information & Communications Technology Solutions Inc",Philippines,PSE,PHP,"Common Stock",PHY1757W1054
COAL,"Coal Asia Holdings Inc",Philippines,PSE,PHP,"Common Stock",PHY1671E1083
COL,"COL Financial Group Inc",Philippines,PSE,PHP,"Common Stock",PHY167381177
COSCO,"Cosco Capital Inc",Philippines,PSE,PHP,"Common Stock",PHY1765W1054
CPG,"Century Properties Group Inc",Philippines,PSE,PHP,"Common Stock",PHY1275E1083
CPM,"Century Peak Holdings Corp",Philippines,PSE,PHP,"Common Stock",PHY1R81B1096
CREIT,"Citicore Energy REIT Corp",Philippines,PSE,PHP,"Common Stock",PHY1642D1064
CROWN,"Crown Asia Chemicals Corp",Philippines,PSE,PHP,"Common Stock",PHY1804M1000
CTS,"CTS Global Equity Group Inc.",Philippines,PSE,PHP,"Common Stock",
DD,"DoubleDragon Properties Corp",Philippines,PSE,PHP,"Common Stock",PHY2105Y1083
DDMPR,"DDMP REIT Inc",Philippines,PSE,PHP,"Common Stock",PHY2000J1070
DDPR,"DoubleDragon Properties Corp Pref",Philippines,PSE,PHP,"Common Stock",PHY2105Y1166
DELM,"Del Monte Pacific Ltd",Philippines,PSE,PHP,"Common Stock",VGG270541169
DFNN,"DFNN Inc",Philippines,PSE,PHP,"Common Stock",PHY2059A1061
DITO,"Dito CME Holdings Corp",Philippines,PSE,PHP,"Common Stock",PHY3004J1017
DIZ,"Dizon Copper Silver Mines Inc",Philippines,PSE,PHP,"Common Stock",PHY207841156
DMC,"DMCI Holdings Inc",Philippines,PSE,PHP,"Common Stock",PHY2088F1004
DMW,"DM WENCESLAO & ASSOCIATES Inc",Philippines,PSE,PHP,"Common Stock",PHY2090E1092
DNL,"D&L Industries Inc",Philippines,PSE,PHP,"Common Stock",PHY1973T1008
DWC,"Discovery World Corp",Philippines,PSE,PHP,"Common Stock",PHY2075D1001
ECP,"Easycall Communications Philippines Inc",Philippines,PSE,PHP,"Common Stock",PHY2235X1459
EEI,"EEI Corp",Philippines,PSE,PHP,"Common Stock",PHY2249U1035
EEIPB,"EEI Corp Preferred Series B",Philippines,PSE,PHP,"Common Stock",PHY2249U1373
ELI,"Empire East Land Holdings Inc",Philippines,PSE,PHP,"Common Stock",PHY2289K1061
EMI,"Emperador Inc.",Philippines,PSE,PHP,"Common Stock",
ENEX,"ENEX Energy Corp.",Philippines,PSE,PHP,"Common Stock",
EURO,"Euro-Med Laboratories Phils Inc",Philippines,PSE,PHP,"Common Stock",PHY2352T1098
EVER,"Ever Gotesco Resources and Holdings Inc",Philippines,PSE,PHP,"Common Stock",PHY2362X1082
EW,"East West Banking Corp",Philippines,PSE,PHP,"Common Stock",PHY223581083
FAF,"First Abacus Financial Holdings Corp",Philippines,PSE,PHP,"Common Stock",PHY2495T1070
FB,"San Miguel Pure Foods Company Inc",Philippines,PSE,PHP,"Common Stock",PHY7510J1668
FCG,"Figaro Coffee Group Inc",Philippines,PSE,PHP,"Common Stock",PHY2490E1056
FDC,"Filinvest Development Coproration",Philippines,PSE,PHP,"Common Stock",PHY247771496
FERRO,"Ferronoux Holdings Inc",Philippines,PSE,PHP,"Common Stock",PHY2489B1045
FEU,"Far Eastern University Inc",Philippines,PSE,PHP,"Common Stock",PHY248161036
FGEN,"First Gen Corp",Philippines,PSE,PHP,"Common Stock",PHY2518H1143
FILRT,"Filinvest REIT Corp",Philippines,PSE,PHP,"Common Stock",PHY2491W1046
FLI,"Filinvest Land Inc",Philippines,PSE,PHP,"Common Stock",PHY249161019
FMETF,"First Metro Philippine Equity",Philippines,PSE,PHP,ETF,PHY4255C1000
FNI,"Global Ferronickel Holdings Inc",Philippines,PSE,PHP,"Common Stock",PHY2715L1163
FOOD,"Alliance Select Foods International Inc",Philippines,PSE,PHP,"Common Stock",PHY0077T1153
FPH,"First Philippine Holdings Corp",Philippines,PSE,PHP,"Common Stock",PHY2558N1203
FPI,"Forum Pacific Inc",Philippines,PSE,PHP,"Common Stock",PHY2617A1017
FRUIT,"Fruitas Holdings Inc",Philippines,PSE,PHP,"Common Stock",PHY2664A1035
GEO,"Geograce Resources Philippines Inc",Philippines,PSE,PHP,"Common Stock",PHY2699D1064
GERI,"Global-Estate Resorts Inc",Philippines,PSE,PHP,"Common Stock",PHY2715C1081
GLO,"Globe Telecom Inc",Philippines,PSE,PHP,"Common Stock",PHY272571498
GMA7,"GMA Network Inc",Philippines,PSE,PHP,"Common Stock",PHY2728W1090
GREEN,"Greenergy Holdings Inc",Philippines,PSE,PHP,"Common Stock",PHY2886E1157
GSMI,"Ginebra San Miguel Inc",Philippines,PSE,PHP,"Common Stock",PHY2709M1046
GTCAP,"GT Capital Holdings Inc",Philippines,PSE,PHP,"Common Stock",PHY290451046
GTPPA,"GT Capital Holdings Inc Pref A",Philippines,PSE,PHP,"Common Stock",PHY290451129
GTPPB,"GT Capital Holdings Inc Pref B",Philippines,PSE,PHP,"Common Stock",PHY290451202
HI,"House of Investments Inc",Philippines,PSE,PHP,"Common Stock",PHY3724Q1041
HOME,"Allhome Corp",Philippines,PSE,PHP,"Common Stock",PHY0040P1094
HOUSE,"8990 Holdings Inc",Philippines,PSE,PHP,"Common Stock",PHY2257P1031
HTI,"Haus Talk Inc",Philippines,PSE,PHP,"Common Stock",PHY3R30D1037
HVN,"Golden Haven Memorial Park Inc",Philippines,PSE,PHP,"Common Stock",PHY2750E1002
I,"IRemit Inc",Philippines,PSE,PHP,"Common Stock",PHY4178T1070
ICT,"International Container Terminal Services Inc",Philippines,PSE,PHP,"Common Stock",PHY411571011
IDC,"Italpinas Development Corp",Philippines,PSE,PHP,"Common Stock",PHY4211L1036
IMI,"Integrated Micro-Electronics Inc",Philippines,PSE,PHP,"Common Stock",PHY4092J1026
IMP,"Imperial Resources Inc",Philippines,PSE,PHP,"Common Stock",PHY3903M1485
INFRA,"Philippine Infradev Holdings Inc.",Philippines,PSE,PHP,"Common Stock",
ION,"Ionics Inc",Philippines,PSE,PHP,"Common Stock",PHY4177R1024
IPM,"IPM Holdings Inc",Philippines,PSE,PHP,"Common Stock",PHY4256D1073
IPO,"iPeople Inc",Philippines,PSE,PHP,"Common Stock",PHY4176Q1398
JFC,"Jollibee Foods Corp",Philippines,PSE,PHP,"Common Stock",PHY4466S1007
JGS,"JG Summit Holdings Inc",Philippines,PSE,PHP,"Common Stock",PHY444251177
KEEPR,"Keepers Holdings Inc",Philippines,PSE,PHP,"Common Stock",PHY4630V1045
KPPI,"Kepwealth Property Phils",Philippines,PSE,PHP,"Common Stock",PHY4S70R1006
LAND,"City and Land Developers Inc",Philippines,PSE,PHP,"Common Stock",PHY1640V1080
LBC,"LBC Express Holdings Inc",Philippines,PSE,PHP,"Common Stock",PHY5228G1023
LC,"Lepanto Consolidated Mining Co",Philippines,PSE,PHP,"Common Stock",PH5267322015
LCB,"Lepanto Consolidated Mining Co B",Philippines,PSE,PHP,"Common Stock",PH5267323005
LFM,"Liberty Flour Mills Inc",Philippines,PSE,PHP,"Common Stock",PHY5274K1061
LODE,"Lodestar Investment Holdings Corp",Philippines,PSE,PHP,"Common Stock",PHY5342J1310
LOTO,"Pacificonline Systems Inc",Philippines,PSE,PHP,"Common Stock",PHY6624V1071
LPC,"LFM Properties Corp.",Philippines,PSE,PHP,"Common Stock",
LPZ,"Lopez Holdings Corp",Philippines,PSE,PHP,"Common Stock",PHY5347P1085
LSC,"Lorenzo Shipping Corp",Philippines,PSE,PHP,"Common Stock",PHY5345Q1086
LTG,"LT Group Inc",Philippines,PSE,PHP,"Common Stock",PHY5342M1000
MA,"Manila Mining Corp",Philippines,PSE,PHP,"Common Stock",PHY5764P1022
MAB,"Manila Mining Corp b",Philippines,PSE,PHP,"Common Stock",PHY5764P1105
MAC,"MacroAsia Corp",Philippines,PSE,PHP,"Common Stock",PHY5369R1078
MAH,"Metro Alliance Holdings & Equities Corp",Philippines,PSE,PHP,"Common Stock",PHY602711061
MAHB,"Metro Alliance Holdings & Equities Corp",Philippines,PSE,PHP,"Common Stock",PHY602711145
MARC,"Marcventures Holdings Inc",Philippines,PSE,PHP,"Common Stock",PHY6131Y1157
MAXS,"Max’s Group Inc",Philippines,PSE,PHP,"Common Stock",PHY5906K1026
MB,"Manila Bulletin Publishing Corp",Philippines,PSE,PHP,"Common Stock",PHY5764D1091
MBC,"Manila Broadcasting Co",Philippines,PSE,PHP,"Common Stock",PHY5906Q1095
MBT,"Metropolitan Bank and Trust Co",Philippines,PSE,PHP,"Common Stock",PHY6028G1361
MED,"Medco Holdings Inc",Philippines,PSE,PHP,"Common Stock",PHY5943H1125
MEDIC,"Medilines Distributors Inc",Philippines,PSE,PHP,"Common Stock",PHY5921R1087
MEG,"Megaworld Corp",Philippines,PSE,PHP,"Common Stock",PHY594811127
MER,"Manila Electric Co",Philippines,PSE,PHP,"Common Stock",PHY5764J1483
MFC,"Manulife Financial Corp",Philippines,PSE,PHP,"Common Stock",CA56501R1064
MG,"Millennium Global Holdings Inc",Philippines,PSE,PHP,"Common Stock",PHY6050E1166
MHC,"Mabuhay Holdings Corp",Philippines,PSE,PHP,"Common Stock",PHY536271240
MM,"Merrymart Consumer Corp",Philippines,PSE,PHP,"Common Stock",PHY5950D1038
MONDE,"Monde Nissin Corp",Philippines,PSE,PHP,"Common Stock",PHY6142T1052
MPI,"Metro Pacific Investments Corp",Philippines,PSE,PHP,"Common Stock",PHY603051020
MRC,"MRC Allied Inc",Philippines,PSE,PHP,"Common Stock",PHY6145G1260
MREIT,"MREIT Inc",Philippines,PSE,PHP,"Common Stock",PHY6143N1073
MRSGI,"Metro Retail Stores Group Inc",Philippines,PSE,PHP,"Common Stock",PHY6033N1001
MVC,"Mabuhay Vinyl Corp",Philippines,PSE,PHP,"Common Stock",PHY5362Y1092
MWC,"Manila Water Company Inc",Philippines,PSE,PHP,"Common Stock",PHY569991086
MWIDE,"Megawide Construction Corp",Philippines,PSE,PHP,"Common Stock",PHY5953G1032
MWP2B,"Megawide Construction Corp Preferred",Philippines,PSE,PHP,"Common Stock",PHY5953G1370
MWP4,"Megawide Construction Corp Preferred",Philippines,PSE,PHP,"Common Stock",PHY5953G1453
NI,"NiHAO Mineral Resources International Inc",Philippines,PSE,PHP,"Common Stock",PHY6350C1090
NIKL,"Nickel Asia Corp",Philippines,PSE,PHP,"Common Stock",PHY6350R1069
NOW,"Now Corp",Philippines,PSE,PHP,"Common Stock",PHY6389H1116
NRCP,"National Reinsurance Corporation of the Philippines",Philippines,PSE,PHP,"Common Stock",PHY6251L1099
OM,"Omico Corp",Philippines,PSE,PHP,"Common Stock",PHY647631407
OPM,"Oriental Petroleum and Minerals Corp",Philippines,PSE,PHP,"Common Stock",PHY654111111
OPMB,"Oriental Petroleum and Minerals Corp B",Philippines,PSE,PHP,"Common Stock",PHY654111038
ORE,"Oriental Peninsula Resources Group Inc",Philippines,PSE,PHP,"Common Stock",PHY647691054
OV,"Philodrill Corp",Philippines,PSE,PHP,"Common Stock",PHY8791A1483
PA,"Pacifica Inc",Philippines,PSE,PHP,"Common Stock",PHY6653Y1056
PBB,"Philippine Business Bank Inc A Savings Bank",Philippines,PSE,PHP,"Common Stock",PHY6904A1044
PBC,"Philippine Bank of Communications",Philippines,PSE,PHP,"Common Stock",PHY690211636
PCOR,"Petron Corp",Philippines,PSE,PHP,"Common Stock",PHY6885F1067
PERC,"PetroEnergy Resources Corp",Philippines,PSE,PHP,"Common Stock",PHY6806A1035
PGOLD,"Puregold Price Club Inc",Philippines,PSE,PHP,"Common Stock",PHY716171079
PHA,"Premiere Entertainment Inc",Philippines,PSE,PHP,"Common Stock",PHY7092E1065
PHES,"Philippine Estates Corp",Philippines,PSE,PHP,"Common Stock",PHY6903J1145
PHN,"PHINMA Corp",Philippines,PSE,PHP,"Common Stock",PHY7137Q1068
PHR,"PH Resorts Group Holdings Inc",Philippines,PSE,PHP,"Common Stock",PHY6935P1040
PIZZA,"Shakey’s Pizza Asia Ventures Inc",Philippines,PSE,PHP,"Common Stock",PHY7690Y1083
PLC,"Premium Leisure Corp",Philippines,PSE,PHP,"Common Stock",PHY7092K1026
PLUS,"DigiPlus Interactive Corp.",Philippines,PSE,PHP,"Common Stock",
PMPC,"Panasonic Manufacturing Philippines Corp",Philippines,PSE,PHP,"Common Stock",PHY666511035
PNB,"Philippine National Bank",Philippines,PSE,PHP,"Common Stock",PHY7027H1583
PPC,"Pryce Corp",Philippines,PSE,PHP,"Common Stock",PHY7115M1274
PREIT,"Premiere Island Power REIT Corp.",Philippines,PSE,PHP,"Common Stock",
PRIM,"Prime Media Holdings Inc",Philippines,PSE,PHP,"Common Stock",PHY7084E1065
PRMX,"Primex Corp",Philippines,PSE,PHP,"Common Stock",PHY708151162
PSB,"Philippine Savings Bank",Philippines,PSE,PHP,"Common Stock",PHY6954H1160
PSE,"Philippine Stock Exchange Inc",Philippines,PSE,PHP,"Common Stock",PHY6957L1062
PX,"Philex Mining Corp",Philippines,PSE,PHP,"Common Stock",PHY689911352
PXP,"PXP Energy Corp",Philippines,PSE,PHP,"Common Stock",PHY7S66G1036
RCB,"Rizal Commercial Banking Corp",Philippines,PSE,PHP,"Common Stock",PHY7311H1463
RCI,"Roxas and Co Inc",Philippines,PSE,PHP,"Common Stock",PHY7331W1072
RCR,"RL Commercial REIT Inc",Philippines,PSE,PHP,"Common Stock",PHY7319E1039
REG,"Republic Glass Holdings Corp",Philippines,PSE,PHP,"Common Stock",PHY7243J1290
RFM,"RFM Corp",Philippines,PSE,PHP,"Common Stock",PHY727881542
RLC,"Robinsons Land Corp",Philippines,PSE,PHP,"Common Stock",PHY731961264
RLT,"Philippine Realty and Holdings Corp",Philippines,PSE,PHP,"Common Stock",PHY6956R1380
ROCK,"Rockwell Land Corp",Philippines,PSE,PHP,"Common Stock",PHY7325H1087
ROX,"Roxas Holdings Inc",Philippines,PSE,PHP,"Common Stock",PHY733251052
RRHI,"Robinsons Retail Holdings Inc",Philippines,PSE,PHP,"Common Stock",PHY7318T1017
SBS,"SBS Philippines Corp",Philippines,PSE,PHP,"Common Stock",PHY7541S1025
SCC,"Semirara Mining Corp",Philippines,PSE,PHP,"Common Stock",PHY7628G1124
SECB,"Security Bank Corp",Philippines,PSE,PHP,"Common Stock",PHY7571C1000
SEVN,"Philippine Seven Corp",Philippines,PSE,PHP,"Common Stock",PHY6955M1063
SFI,"Swift Foods Inc",Philippines,PSE,PHP,"Common Stock",PHY8321K1035
SGI,"Solid Group Inc",Philippines,PSE,PHP,"Common Stock",PHY8070V1027
SGP,"Synergy Grid and Development Phils Inc",Philippines,PSE,PHP,"Common Stock",PHY8321B1036
SHLPH,"Pilipinas Shell Petroleum Corp",Philippines,PSE,PHP,"Common Stock",PHY6980U1070
SHNG,"Shang Properties Inc",Philippines,PSE,PHP,"Common Stock",PHY7700B1062
SLF,"Sun Life Financial Inc.",Philippines,PSE,PHP,"Common Stock",CA8667961053
SLI,"Sta Lucia Land Inc",Philippines,PSE,PHP,"Common Stock",PHY8152X1091
SM,"SM Investments Corp",Philippines,PSE,PHP,"Common Stock",PHY806761029
SMC,"San Miguel Corp",Philippines,PSE,PHP,"Common Stock",PHY751061151
SMC2F,"San Miguel Corp Pref F",Philippines,PSE,PHP,"Common Stock",PHY751061805
SMC2I,"San Miguel Corp Pref 3",Philippines,PSE,PHP,"Common Stock",PHY7501D1293
SMC2J,"San Miguel Corp Preferred",Philippines,PSE,PHP,"Common Stock",PHY7501D1376
SMC2K,"San Miguel Corp Preferred",Philippines,PSE,PHP,"Common Stock",PHY7501D1459
SMPH,"SM Prime Holdings Inc",Philippines,PSE,PHP,"Common Stock",PHY8076N1120
SOC,"SOCResources Inc",Philippines,PSE,PHP,"Common Stock",PHY8076K1008
SPC,"SPC Power Corp",Philippines,PSE,PHP,"Common Stock",PHY8120B1062
SPM,"Seafront Resources Corp",Philippines,PSE,PHP,"Common Stock",PHY7546H1353
SSI,"SSI Group Inc",Philippines,PSE,PHP,"Common Stock",PHY8135V1053
SSP,"SFA Semicon Philippines Corp",Philippines,PSE,PHP,"Common Stock",PHY7690E1020
STI,"STI Education Systems Holdings Inc",Philippines,PSE,PHP,"Common Stock",PHY8171Y1048
STR,"Vistamalls Inc",Philippines,PSE,PHP,"Common Stock",PHY9390P1067
SUN,"Suntrust Home Developers Inc",Philippines,PSE,PHP,"Common Stock",PHY831501051
TBGI,"Transpacific Broadband Group International Inc",Philippines,PSE,PHP,"Common Stock",PHY8970N2000
TCB2A,"Cirtek Holdings Philippines Corp Preferred",Philippines,PSE,PHP,"Common Stock",PHY1633U1171
TCB2C,"Cirtek Holdings Philippines Corp Preferred",Philippines,PSE,PHP,"Common Stock",PHY1633U1411
TCB2D,"Cirtek Holdings Philippines Corp Preferred",Philippines,PSE,PHP,"Common Stock",PHY1633U1585
TECH,"Cirtek Holdings Philippines Corp",Philippines,PSE,PHP,"Common Stock",PHY1633U1098
TEL,"PLDT Inc",Philippines,PSE,PHP,"Common Stock",PHY7072Q1032
TFHI,"Top Frontier Investment Holdings Inc",Philippines,PSE,PHP,"Common Stock",PHY8898C1046
TUGS,"Harbor Star Shipping Services Inc",Philippines,PSE,PHP,"Common Stock",PHY3070E1011
UBP,"Union Bank of the Philippines",Philippines,PSE,PHP,"Common Stock",PHY9091H1069
UPM,"United Paragon Mining Corp",Philippines,PSE,PHP,"Common Stock",PHY9246Y1112
UPSON,"Upson International Corp.",Philippines,PSE,PHP,"Common Stock",
URC,"Universal Robina Corp",Philippines,PSE,PHP,"Common Stock",PHY9297P1004
V,"Vantage Equities Inc",Philippines,PSE,PHP,"Common Stock",PHY935661009
VITA,"Vitarich Corp",Philippines,PSE,PHP,"Common Stock",PHY937931186
VLL,"Vista Land and Lifescapes Inc",Philippines,PSE,PHP,"Common Stock",PHY9382G1068
VMC,"Victorias Milling Company Inc",Philippines,PSE,PHP,"Common Stock",PHY936601350
VREIT,"VistaREIT Inc.",Philippines,PSE,PHP,"Common Stock",
VVT,"Vivant Corp",Philippines,PSE,PHP,"Common Stock",PHY9379Y1020
WEB,"PhilWeb Corp",Philippines,PSE,PHP,"Common Stock",PHY7134C1679
WIN,"Wellex Industries Inc",Philippines,PSE,PHP,"Common Stock",PHY9534C1028
WLCON,"Wilcon Depot Inc",Philippines,PSE,PHP,"Common Stock",PHY9584X1055
WPI,"Waterfront Philippines Inc",Philippines,PSE,PHP,"Common Stock",PHY953131059
ZHI,"Zeus Holdings Inc",Philippines,PSE,PHP,"Common Stock",PHY9890F1031
