Code,Name,Country,Exchange,Currency,Type,Isin
AAG,"Aages SA",Romania,RO,RON,"Common Stock",ROAAGEACNOR7
ADS,"Adidas AG",Romania,RO,RON,"Common Stock",DE000A1EWWW0
AG,"AGROLAND BUSINESS SYSTEM",Romania,RO,RON,"Common Stock",RO3UHXXNWZE0
ALR,"Alro Slatina",Romania,RO,RON,"Common Stock",ROALROACNOR0
ALT,"Altur Slatina",Romania,RO,RON,"Common Stock",ROALTCACNOR1
ALU,"Alumil Rom Industry SA",Romania,RO,RON,"Common Stock",ROALUMACNOR8
ALV,"Allianz SE VNA O.N.",Romania,RO,RON,"Common Stock",DE0008404005
AMAL,"International Caviar Corporation SA",Romania,RO,RON,"Common Stock",ROAMALACNOR0
AQ,"AQUILA PART PROD COM",Romania,RO,RON,"Common Stock",RO7066ZEA1R9
ARCV,"Imotrust SA",Romania,RO,RON,"Common Stock",ROARCVACNOR4
ARM,"ARMATURA S.A.",Romania,RO,RON,"Common Stock",ROARMAACNOR7
ARTE,"Artego Tg. Jiu",Romania,RO,RON,"Common Stock",ROARTEACNOR4
ASC,"ASCENDIA SA",Romania,RO,RON,"Common Stock",ROASCIACNOR9
ATB,"Antibiotice Ia",Romania,RO,RON,"Common Stock",ROATBIACNOR9
ATRD,"Atelierele CFR Grivita SA",Romania,RO,RON,"Common Stock",ROATRDACNOR6
AVIO,"Avioane Craiova SA",Romania,RO,RON,"Common Stock",ROAVIOACNOR8
BAYN,"Bayer AG NA",Romania,RO,RON,"Common Stock",DE000BAY0017
BCM,"CASA DE BUCOVINA-CLUB DE MUNTE",Romania,RO,RON,"Common Stock",ROBUCMACNOR5
BENTO,"2B INTELLIGENT SOFT S.A.",Romania,RO,RON,"Common Stock",ROQKJ0LFIS51
BIO,"Biofarm Bucure",Romania,RO,RON,"Common Stock",ROBIOFACNOR9
BIOW,VIFRANA,Romania,RO,RON,"Common Stock",ROI91OMWY430
BMW,"Bayerische Motoren Werke AG",Romania,RO,RON,"Common Stock",DE0005190003
BNET,"Bittnet Systems SA",Romania,RO,RON,"Common Stock",ROBNETACNOR1
BONA,"BONAS IMPORT EXPORT S.A.",Romania,RO,RON,"Common Stock",ROP96R6D57V1
BRCR,"Braiconf SA",Romania,RO,RON,"Common Stock",ROBRCRACNOR0
BRD,"BRD Groupe Societe Generale SA",Romania,RO,RON,"Common Stock",ROBRDBACNOR2
BRK,"Ssif Broker Cl",Romania,RO,RON,"Common Stock",ROBRKOACNOR0
BRM,"Bermas SA",Romania,RO,RON,"Common Stock",ROBEMAACNOR3
BRNA,"ROMNAV SA BRAILA",Romania,RO,RON,"Common Stock",ROBRNAACNOR3
BUCU,"Bucur Obor SA",Romania,RO,RON,"Common Stock",ROBUCUACNOR8
BUCV,"Bucur SA",Romania,RO,RON,"Common Stock",ROBUCVACNOR6
BVB,"Bursa De Valor",Romania,RO,RON,"Common Stock",ROBVBAACNOR0
CACU,"Sifi CJ Logistic SA",Romania,RO,RON,"Common Stock",ROCACUACNOR8
CBC,"Carbochim SA",Romania,RO,RON,"Common Stock",ROCBCHACNOR3
CBKN,"Commerzbank AG O.N.",Romania,RO,RON,"Common Stock",DE000CBK1001
CCOM,"Cerealcom SA",Romania,RO,RON,"Common Stock",ROCCOMACNOR6
CEON,"Cemacon Zalau",Romania,RO,RON,"Common Stock",ROCEONACNOR0
CEPO,"Ceprocim SA",Romania,RO,RON,"Common Stock",ROCEPOACNOR5
CHOB,"CHIMCOMPLEX BORZESTI SA ONESTI",Romania,RO,RON,"Common Stock",ROCHOBACNOR8
CMF,"Comelf SA",Romania,RO,RON,"Common Stock",ROCMBFACNOR6
CMP,"Compa Sibiu",Romania,RO,RON,"Common Stock",ROCMPSACNOR9
CMVX,"Comvex SA",Romania,RO,RON,"Common Stock",ROCMVXACNOR7
COMI,"Condmag Brasov",Romania,RO,RON,"Common Stock",ROCOMIACNOR3
COTE,"Conpet Sa Ploi",Romania,RO,RON,"Common Stock",ROCOTEACNOR7
COTON,Comrep,Romania,RO,RON,"Common Stock",
CRC,"S.C. CHIMCOMPLEX S.A.",Romania,RO,RON,"Common Stock",ROCHOBACNOR8
DAFR,"Dafora Sa Medi",Romania,RO,RON,"Common Stock",RODAFRACNOR5
DAI,"Daimler AG",Romania,RO,RON,"Common Stock",DE0007100000
DBK,"Deutsche Bank AG NA O.N.",Romania,RO,RON,"Common Stock",DE0005140008
DIGI,"Digi Communications NV",Romania,RO,RON,"Common Stock",NL0012294474
DPW,"Deutsche Post AG NA O.N.",Romania,RO,RON,"Common Stock",DE0005552004
EBS,"Erste Group Bank AG",Romania,RO,RON,"Common Stock",AT0000652011
ECT,"GRUPUL INDUSTRIAL ELECTROCONTACT S.A.",Romania,RO,RON,"Common Stock",ROELBOACNOR6
EFO,"Turism Hotelur",Romania,RO,RON,"Common Stock",ROEFRIACNOR6
EL,"Societatea Energetica Electrica SA",Romania,RO,RON,"Common Stock",ROELECACNOR5
ELGS,"Electroarges S",Romania,RO,RON,"Common Stock",ROELGSACNOR6
ELMA,"Electromagnetica SA",Romania,RO,RON,"Common Stock",ROELMAACNOR2
ELV,"Elvila SA",Romania,RO,RON,"Common Stock",ROELVIACNOR6
ELZY,"Electroprecizia SA",Romania,RO,RON,"Common Stock",ROELZYACNOR4
EMAI,"Emailul SA",Romania,RO,RON,"Common Stock",ROEMAIACNOR8
EOAN,"E.ON SE",Romania,RO,RON,"Common Stock",DE000ENAG999
EVER,"Evergent Investments SA",Romania,RO,RON,"Common Stock",ROSIFBACNOR0
FEP,"Feper SA",Romania,RO,RON,"Common Stock",ROFEBVACNOR3
FOJE,"Foraj Sonde SA Videle",Romania,RO,RON,"Common Stock",ROFOJEACNOR1
FP,"Fondul Proprietatea SA",Romania,RO,RON,"Common Stock",ROFPTAACNOR5
H2O,"S.P.E.E.H Hidroelectrica S.A.",Romania,RO,RON,"Common Stock",RO4Q0Z5RO1B6
HAI,"Holde Agri Invest Sa",Romania,RO,RON,"Common Stock",RO5RYSUM9FJ2
HUNT,"IHUNT TECHNOLOGY IMPORT-EXPORT S.A.",Romania,RO,RON,"Common Stock",RODHRTKI5XP6
IAMU,"IAMU SA",Romania,RO,RON,"Common Stock",ROIAMUACNOR4
IARV,"IAR SA",Romania,RO,RON,"Common Stock",ROIARVACNOR1
IMP,"Impact Develop",Romania,RO,RON,"Common Stock",ROIMPCACNOR0
IPRU,"Iproeb SA",Romania,RO,RON,"Common Stock",ROIPRUACNOR1
LCSI,"LCS Imobiliar SA",Romania,RO,RON,"Common Stock",ROLCSIACNOR6
LHA,"Deutsche Lufthansa AG",Romania,RO,RON,"Common Stock",DE0008232125
LIH,"Life Is Hard SA",Romania,RO,RON,"Common Stock",ROLIHCACNOR9
M,"Med Life SA",Romania,RO,RON,"Common Stock",ROMEDLACNOR6
MACO,"Macofil SA",Romania,RO,RON,"Common Stock",ROMACOACNOR0
MCAB,"Romcab SA",Romania,RO,RON,"Common Stock",ROMCABACNOR7
MECE,"Mecanica Fina SA",Romania,RO,RON,"Common Stock",ROMECEACNOR3
MECF,"Mecanica Sa Ce",Romania,RO,RON,"Common Stock",ROMECFACNOR0
MILK,"AGROSERV MARIUTA",Romania,RO,RON,"Common Stock",RO0V4UCPBC71
MOIB,"Moara Cibin SA",Romania,RO,RON,"Common Stock",ROMOIBACNOR5
NAPO,"SOCIETATEA DE CONSTRUCTII NAPOCA SA",Romania,RO,RON,"Common Stock",RONAPOACNOR0
NRF,"Norofert SA",Romania,RO,RON,"Common Stock",ROHQGW108MX2
OIL,"Oil Terminal C",Romania,RO,RON,"Common Stock",ROOILTACNOR9
OMAL,"Comaliment Resita SA",Romania,RO,RON,"Common Stock",ROOMALACNOR1
ONE,"One United Properties SA",Romania,RO,RON,"Common Stock",ROJ8YZPDHWW8
PBK,"Patria Bank SA",Romania,RO,RON,"Common Stock",ROBACRACNOR6
PPL,"Promateris SA",Romania,RO,RON,"Common Stock",ROPRLAACNOR7
PRAE,"Prodlacta SA",Romania,RO,RON,"Common Stock",ROPRAEACNOR2
PREB,"Prebet Aiud SA",Romania,RO,RON,"Common Stock",ROPREBACNOR0
PREH,"Prefab Bucures",Romania,RO,RON,"Common Stock",ROPREHACNOR7
PRSN,"Prospectiuni SA",Romania,RO,RON,"Common Stock",ROPRSNACNOR5
PTR,"Rompetrol Well",Romania,RO,RON,"Common Stock",ROPESAACNOR0
RCHI,"Compania Hoteliera InterContinental Romania SA",Romania,RO,RON,"Common Stock",ROCHIOACNOR3
REFE,"Remarul 16 Februarie SA",Romania,RO,RON,"Common Stock",ROREFEACNOR5
RKOT,"RAIKO TRANSILVANIA",Romania,RO,RON,"Common Stock",RON9LAI37W24
RMAH,"Farmaceutica R",Romania,RO,RON,"Common Stock",RORMAHACNOR2
ROC1,"ROCA INDUSTRY HOLDINGROCK1 S.A.",Romania,RO,RON,"Common Stock",RO9FY9SRFU46
ROCE,"Romcarbon Sa B",Romania,RO,RON,"Common Stock",ROROCEACNOR1
RORX,"Romaero SA",Romania,RO,RON,"Common Stock",RORORXACNOR9
RPH,"Ropharma Bras",Romania,RO,RON,"Common Stock",ROIAFRACNOR4
RRC,"Rompetrol Rafi",Romania,RO,RON,"Common Stock",ROPTRMACNOR5
SAFE,"Safetech Innovations SA",Romania,RO,RON,"Common Stock",RO0MDTLNZV25
SAP,"SAP SE",Romania,RO,RON,"Common Stock",DE0007164600
SATU,"Saturn SA",Romania,RO,RON,"Common Stock",ROSATUACNOR8
SCD,"ZENTIVA S.A.",Romania,RO,RON,"Common Stock",ROSCDBACNOR8
SCDM,"Unirea Shopping Center SA",Romania,RO,RON,"Common Stock",ROSCDMACNOR5
SEOL,"Semrom Oltenia SA",Romania,RO,RON,"Common Stock",ROSEOLACNOR0
SEOM,"Germina Agribusiness SA",Romania,RO,RON,"Common Stock",ROSEOMACNOR8
SFG,"Sphera Franchise Group SA MiFID Eligible Security",Romania,RO,RON,"Common Stock",ROSFGPACNOR4
SIF1,"Societatea de Investitii Financiare Banat Crisana SA",Romania,RO,RON,"Common Stock",ROSIFAACNOR2
SIF3,"SIF TRANSILVANIA S.A.",Romania,RO,RON,"Common Stock",ROSIFCACNOR8
SIF4,"Societatea de Investitii Financiare Muntenia SA",Romania,RO,RON,"Common Stock",ROSIFDACNOR6
SIF5,"Societatea de Investitii Financiare Oltenia SA",Romania,RO,RON,"Common Stock",ROSIFEACNOR4
SINA,"SINATEX SA BUCURESTI",Romania,RO,RON,"Common Stock",ROSINAACNOR6
SNC,"SANTIERUL NAVAL CONSTANTA S.A.",Romania,RO,RON,"Common Stock",ROSANTACNOR3
SNG,"Societatea Nationala de Gaze Naturale Romgaz SA",Romania,RO,RON,"Common Stock",ROSNGNACNOR3
SNN,"S N Nuclearele",Romania,RO,RON,"Common Stock",ROSNNEACNOR8
SNO,"Santierul Naval Orsova SA",Romania,RO,RON,"Common Stock",ROSAUVACNOR4
SNP,"Omv Petrom S.A",Romania,RO,RON,"Common Stock",ROSNPPACNOR9
SOCP,"Socep Constant",Romania,RO,RON,"Common Stock",ROSOCPACNOR5
STK,"STK EMERGENT",Romania,RO,RON,"Common Stock",
STZ,"SINTEZA S.A.",Romania,RO,RON,"Common Stock",ROSTZOACNOR8
TBK,"TRANSILVANIA BROKER DE ASIGURARE",Romania,RO,RON,"Common Stock",ROTBKAACNOR5
TBM,"TURBOMECANICA S.A.",Romania,RO,RON,"Common Stock",ROTBMBACNOR9
TEL,"Compania Nationala de Transport al Energiei Electrice Transelectrica SA",Romania,RO,RON,"Common Stock",ROTSELACNOR9
TGN,"Societatea Nationala de Transport Gaze Naturale Transgaz SA",Romania,RO,RON,"Common Stock",ROTGNTACNOR8
TLV,"Banca Transilvania S.A.",Romania,RO,RON,"Common Stock",ROTLVAACNOR1
TRANSI,"TRANSILVANIA INVESTMENTS ALLIANCE S.A.",Romania,RO,RON,"Common Stock",ROSIFCACNOR8
TRP,"Teraplast Bist",Romania,RO,RON,"Common Stock",ROTRPLACNOR7
TRVM,"Transcom SA",Romania,RO,RON,"Common Stock",ROTRVMACNOR3
TSLA,"TRANSILVANIA LEASING SI CREDIT IFN SA BRASOV",Romania,RO,RON,"Common Stock",ROTSLAACNOR7
TSND,"Tusnad SA",Romania,RO,RON,"Common Stock",ROTSNDACNOR7
TTS,"TTS (TRANSPORT TRADE SERVICES)",Romania,RO,RON,"Common Stock",ROYCRRK66RD8
TUFE,"Turism Felix B",Romania,RO,RON,"Common Stock",ROTUFEACNOR7
TVBETETF,"Fondul Deschis De Investitii BET Tradeville",Romania,RO,RON,ETF,
UARG,"Argus SA",Romania,RO,RON,"Common Stock",ROUARGACNOR7
UCM,"UCM RESITA S.A.",Romania,RO,RON,"Common Stock",RORESYACNOR6
UNISEM,"Unisem SA",Romania,RO,RON,"Common Stock",ROUNIEACNOR4
UZC,"Uzuc SA",Romania,RO,RON,"Common Stock",ROUZUCACNOR7
UZIN,"Uzinexport SA",Romania,RO,RON,"Common Stock",ROUZINACNOR9
VAC,"Prodvinalco SA",Romania,RO,RON,"Common Stock",ROPROCACNOR7
VNC,"Vrancart Adjud",Romania,RO,RON,"Common Stock",ROVRJUACNOR7
WINE,"IM Vinaria Purcari SRL",Romania,RO,RON,"Common Stock",CY0107600716
XFOA,"Fondul Oamenilor Afaceri",Romania,RO,RON,"Common Stock",
