Code,Name,Country,Exchange,Currency,Type,Isin
ABC,"ABC MOTORS COMPANY LTD",Mauritius,SEM,MUR,"Common Stock",MU0172I00000
ABCB,"ABC BANKING CORPORATION LIMITED",Mauritius,SEM,MUR,"Common Stock",MU0507I00007
ACC,"ASSOCIATED COMMERCIAL  LTD",Mauritius,SEM,MUR,"Common Stock",MU0053I00002
ACES,"AFRICA CLEAN ENERGY ENERGY SOLUTIONS LIMITED -(USD)",Mauritius,SEM,MUR,"Common Stock",MU0620N00008
ADBF,"AFRICAN DOMESTIC BOND FUND ETF - (USD)",Mauritius,SEM,MUR,ETF,MU0607S00004
AEIB,AFREXIMBANK,Mauritius,SEM,MUR,"Common Stock",MU0559N00040
AFRP,"AFRICURE PHARMACUETICALS LTD",Mauritius,SEM,MUR,"Common Stock",MU0713N00001
ALT,"ALTEO LTD",Mauritius,SEM,MUR,"Common Stock",MU0368N00004
ANGM,"SWAN LIFE LTD",Mauritius,SEM,MUR,"Common Stock",MU0046I00006
APL,"ATTITUDE PROPERTY  LTD",Mauritius,SEM,MUR,"Common Stock",MU0488I00000
ARIN,"ARINDO HOLDINGS (MAURITIUS) LIMITED (USD)",Mauritius,SEM,MUR,"Common Stock",MU0572N00001
ASL,"AUTOMATIC SYSTEMS LTD",Mauritius,SEM,MUR,"Common Stock",MU0021N00009
ATIL,"ASTORIA INVESTMENT LTD - (USD)",Mauritius,SEM,MUR,"Common Stock",MU0499N00007
BAYP,"BAYPORT MANAGEMENT LTD  - (USD)",Mauritius,SEM,MUR,"Common Stock",MU0410N00004
BLL,"BLUELIFE LIMITED",Mauritius,SEM,MUR,"Common Stock",MU0399I00009
BMHL,"BMH LTD",Mauritius,SEM,MUR,"Common Stock",MU0043N00003
CAUD,"CAUDAN DEVELOPMENT LTD",Mauritius,SEM,MUR,"Common Stock",MU0030N00000
CHSL,"CONSTANCE HOTELS SERVICES  LTD",Mauritius,SEM,MUR,"Common Stock",MU0155I00005
CIEL,"CIEL LIMITED",Mauritius,SEM,MUR,"Common Stock",MU0177I00025
CIM,"CIM FINANCIAL SERVICES LTD",Mauritius,SEM,MUR,"Common Stock",MU0373N00004
CIMO,"COMPAGNIE IMMOBILI",Mauritius,SEM,MUR,"Common Stock",MU0048I00002
COVI,"COMPAGNIE DES VILLAGES DE L",Mauritius,SEM,MUR,"Common Stock",MU0102I00007
CSE,"CONSTANCE LA GAIETE COMPANY LTD",Mauritius,SEM,MUR,"Common Stock",MU0052I00004
CTEL,"CRYTEL MAURITIUS LIMITED - (USD)",Mauritius,SEM,MUR,"Common Stock",MU0708N00001
DCPL,"DALE  CAPITAL  GROUP  LTD",Mauritius,SEM,MUR,"Common Stock",MU0227N00002
DELC,"GRIT REAL ESTATE INCOME GROUP LIMITED  - (MUR)",Mauritius,SEM,MUR,"Common Stock",GG00BMDHST63
DELN,"GRIT REAL ESTATE INCOME GROUP LIMITED  - (USD)",Mauritius,SEM,MUR,"Common Stock",MU0473N00036
ENLG,"ENL LIMITED",Mauritius,SEM,MUR,"Common Stock",MU0621N00006
EUDC,"EXCELSIOR UNITED DEVELOPMENT COMPANIES  LTD",Mauritius,SEM,MUR,"Common Stock",MU0095I00003
FIDE,"THE BEE EQUITY PARTNERS LTD",Mauritius,SEM,MUR,"Common Stock",MU0096I00001
FINC,"FINCORP INVESTMENT LTD",Mauritius,SEM,MUR,"Common Stock",MU0009N00004
GCL,"GAMMA CIVIC LTD",Mauritius,SEM,MUR,"Common Stock",MU0042N00005
GIL,"LES GAZ  INDUSTRIELS  LTD",Mauritius,SEM,MUR,"Common Stock",MU0058I00001
GOLI,"GO LIFE INTERNATIONAL LTD  - (USD)",Mauritius,SEM,MUR,"Common Stock",MU0330N00004
HML,"HAREL MALLAC LTD",Mauritius,SEM,MUR,"Common Stock",MU0023N00005
HTLS,"HOTELEST LTD",Mauritius,SEM,MUR,"Common Stock",MU0174I00006
HWF,"INNODIS LTD",Mauritius,SEM,MUR,"Common Stock",MU0017N00007
HWP,"HAPPY WORLD PROPERTY LTD",Mauritius,SEM,MUR,"Common Stock",MU0488I00000
IBLL,"IBL LTD",Mauritius,SEM,MUR,"Common Stock",MU0521N00008
KLOS,"KOLOS CEMENT LTD",Mauritius,SEM,MUR,"Common Stock",MU0584I00006
LAVA,"LAVASTONE LTD",Mauritius,SEM,MUR,"Common Stock",MU0622100004
LOTO,"LOTTOTECH  LTD",Mauritius,SEM,MUR,"Common Stock",MU0431N00000
MASC,"C-CARE MAURITIUS LTD",Mauritius,SEM,MUR,"Common Stock",MU0179I00005
MCBG,"MCB GROUP LIMITED",Mauritius,SEM,MUR,"Common Stock",MU0424N00005
MCFI,"MAURITIUS CHEMICAL & FERTILIZER INDUSTRY LTD",Mauritius,SEM,MUR,"Common Stock",MU0027N00006
MCOS,"MAURITIUS COSMETICS  LTD",Mauritius,SEM,MUR,"Common Stock",MU0103I00005
MDIT,"THE MAURITIUS DEVELOPMENT INVESTMENT TRUST LTD",Mauritius,SEM,MUR,"Common Stock",MU0034N00002
MFDG,"MFD GROUP LTD",Mauritius,SEM,MUR,"Common Stock",MU0471I00006
MISB,"MCB INDIA SOVEREIGN BOND (FIXED INCOME)-(USD)",Mauritius,SEM,MUR,"Common Stock",MU0516N00024
MIWA,"MIWA SUGAR LIMITED",Mauritius,SEM,MUR,"Common Stock",MU0724I00008
MOLI,"MORNING LIGHT LTD",Mauritius,SEM,MUR,"Common Stock",MU0198I00005
MOROIL,"MAURITIUS OIL REFINERIES LTD",Mauritius,SEM,MUR,"Common Stock",MU0011N00000
MSE,"MEDINE LTD",Mauritius,SEM,MUR,"Common Stock",MU0097I00009
MSIL,"MAURITIUS SECONDARY INDUSTRIES LTD",Mauritius,SEM,MUR,"Common Stock",MU0143I00001
MTMD,"OMNICANE LTD",Mauritius,SEM,MUR,"Common Stock",MU0019N00003
MUA,"MUA LTD",Mauritius,SEM,MUR,"Common Stock",MU0001N00001
NERA,"SATRIX S&P GIVI SOUTH AFRICA TOP 50 ETF (MUR)",Mauritius,SEM,MUR,ETF,ZAE000205225
NGLD,"NEWGOLD - (MUR)",Mauritius,SEM,MUR,"Common Stock",ZAE000060067
NITL,"NATIONAL INVESTMENT TRUST LTD",Mauritius,SEM,MUR,"Common Stock",MU0236N00003
NOV,"NOVUS  PROPERTIES  LTD",Mauritius,SEM,MUR,"Common Stock",MU0446I00008
NRL,"LUX ISLAND  RESORTS LTD",Mauritius,SEM,MUR,"Common Stock",MU0049N00000
OCEA,"OCEANARIUM (MAURITIUS) LTD",Mauritius,SEM,MUR,"Common Stock",MU0709I00009
PAD,"PROMOTION AND DEVELOPMENT LTD",Mauritius,SEM,MUR,"Common Stock",MU0029N00002
PBL,"PHOENIX BEVERAGES LTD",Mauritius,SEM,MUR,"Common Stock",MU0037N00005
PCCL,"PAPER CONVERTING COMPANY LTD",Mauritius,SEM,MUR,"Common Stock",MU0154I00008
PHIN,"PHOENIX INVESTMENT COMPANY  LTD",Mauritius,SEM,MUR,"Common Stock",MU0069I00008
PIM,"PLASTIC INDUSTRY (MAURITIUS) LTD",Mauritius,SEM,MUR,"Common Stock",MU0022N00007
POL,"P. O. L. I. C. Y  LTD",Mauritius,SEM,MUR,"Common Stock",MU0002N00009
PSGK,"PSG KONSULT LIMITED (USD)",Mauritius,SEM,MUR,"Common Stock",ZAE000191417
QBL,"QUALITY BEVERAGES  LTD",Mauritius,SEM,MUR,"Common Stock",MU0078I00009
RHT,"RHT HOLDING LTD",Mauritius,SEM,MUR,"Common Stock",MU0144I00009
ROGE,"ROGERS & CO. LTD",Mauritius,SEM,MUR,"Common Stock",MU0039N00001
SAIL,"SOAP & ALLIED INDUSTRIES LTD",Mauritius,SEM,MUR,"Common Stock",MU0088I00008
SARE,"SANLAM AFRICA CORE REAL ESTATE INVESTMENTS LTD (CLASS A SHARES) - (USD)",Mauritius,SEM,MUR,"Common Stock",MU0396S00004
SBMH,"SBM HOLDINGS  LTD",Mauritius,SEM,MUR,"Common Stock",MU0443N00005
SCT,"SOUTHERN CROSS TOURIST COMPANY  LTD",Mauritius,SEM,MUR,"Common Stock",MU0068I00000
SEMA,"SEMARIS LTD",Mauritius,SEM,MUR,"Common Stock",MU0644I00008
SHEL,"VIVO  ENERGY  MAURITIUS LTD",Mauritius,SEM,MUR,"Common Stock",MU0007N00008
SIT,"SIT LAND HOLDINGS OPTIONS",Mauritius,SEM,MUR,"Common Stock",MU0152I11116
SREE,"SREE AGRO LIMITED",Mauritius,SEM,MUR,"Common Stock",MU0718N00000
SUN,"SUN LIMITED",Mauritius,SEM,MUR,"Common Stock",MU0016N00009
SWAN,"SWAN GENERAL  LTD",Mauritius,SEM,MUR,"Common Stock",MU0026N00008
TAD,"TADVEST LIMITED - (USD)",Mauritius,SEM,MUR,"Common Stock",MU0510N00001
TERA,"TERRA MAURICIA LTD",Mauritius,SEM,MUR,"Common Stock",MU0337N00009
TSAH,"TRANS SWITH AFRICA HOLDINGS LTD (USD)",Mauritius,SEM,MUR,"Common Stock",MU0583N00008
UBP,"UNITED BASALT PRODUCTS LTD",Mauritius,SEM,MUR,"Common Stock",MU0012N00008
UBS,"UNITED BUS SERVICE LTD",Mauritius,SEM,MUR,"Common Stock",MU0056I00005
UNSE,"THE UNION SUGAR ESTATES CO. LTD",Mauritius,SEM,MUR,"Common Stock",MU0080I00005
UPL,"UNIVERSAL PARTNERS LTD ( GBP )",Mauritius,SEM,MUR,"Common Stock",MU0526N00007
UTDL,"UNITED DOCKS LTD",Mauritius,SEM,MUR,"Common Stock",MU0041N00007
UTIN,"UNITED INVESTMENTS  LTD",Mauritius,SEM,MUR,"Common Stock",MU0050I00008
VELG,"VELOGIC HOLDING COMPANY LIMITED",Mauritius,SEM,MUR,"Common Stock",MU0706I00005
