Code,Name,Country,Exchange,Currency,Type,Isin
01C,01Cybaton,Poland,WAR,PLN,"Common Stock",PLVCAOC00015
06N,"Magna Polonia SA",Poland,WAR,PLN,"Common Stock",PLNFI0600010
08N,"NFI Octava SA",Poland,WAR,PLN,"Common Stock",PLNFI0800016
11B,"11 bit studios S.A",Poland,WAR,PLN,"Common Stock",PL11BTS00015
1AT,"Atal SA",Poland,WAR,PLN,"Common Stock",PLATAL000046
3RG,"3R Games SA",Poland,WAR,PLN,"Common Stock",PLGRNKT00019
4MB,"4Mobility SA",Poland,WAR,PLN,"Common Stock",PLESLTN00010
4MS,"4Mass SA",Poland,WAR,PLN,"Common Stock",PL4MASS00011
7FT,"7Fit SA",Poland,WAR,PLN,"Common Stock",PLTRCPS00016
7LV,"7Levels SA",Poland,WAR,PLN,"Common Stock",PL7LVLS00017
AAS,"Arts Alliance GK SA",Poland,WAR,PLN,"Common Stock",PLMIDVN00017
AAT,"Alta S.A.",Poland,WAR,PLN,"Common Stock",PLTRNSU00013
ABE,"AB S.A.",Poland,WAR,PLN,"Common Stock",PLAB00000019
ABK,"Abak SA",Poland,WAR,PLN,"Common Stock",PLABAK000013
ABS,"Asseco Business Solutions S.A.",Poland,WAR,PLN,"Common Stock",PLABS0000018
ACA,"Acartus SA",Poland,WAR,PLN,"Common Stock",PLACRTS00018
ACG,"AC S.A.",Poland,WAR,PLN,"Common Stock",PLACSA000014
ACP,"Asseco Poland S.A.",Poland,WAR,PLN,"Common Stock",PLSOFTB00016
ACT,"Action SA",Poland,WAR,PLN,"Common Stock",PLACTIN00018
ADV,"Adiuvo Investment SA",Poland,WAR,PLN,"Common Stock",PLADVIV00015
ADX,ADX,Poland,WAR,PLN,"Common Stock",
AGL,"Agroliga Group PLC",Poland,WAR,PLN,"Common Stock",
AGO,"Agora S.A.",Poland,WAR,PLN,"Common Stock",PLAGORA00067
AGP,AGP,Poland,WAR,PLN,"Common Stock",
AGT,"Agroton Public Ltd.",Poland,WAR,PLN,"Common Stock",CY0101062111
AIN,AIN,Poland,WAR,PLN,"Common Stock",
AIT,Aiton,Poland,WAR,PLN,"Common Stock",PLATCDL00013
ALE,"Allegro.eu S.A.",Poland,WAR,PLN,"Common Stock",LU2237380790
ALG,"All In! Games S.A.",Poland,WAR,PLN,"Common Stock",PLSNTFG00017
ALI,Altustfi,Poland,WAR,PLN,"Common Stock",PLATTFI00018
ALL,"Ailleron S.A.",Poland,WAR,PLN,"Common Stock",PLWNDMB00010
ALR,"Alior Bank S.A.",Poland,WAR,PLN,"Common Stock",PLALIOR00045
AMB,"Ambra SA",Poland,WAR,PLN,"Common Stock",PLAMBRA00013
AMC,"Amica S.A.",Poland,WAR,PLN,"Common Stock",PLAMICA00010
AML,"Alumetal SA",Poland,WAR,PLN,"Common Stock",PLALMTL00023
AMV,"Asmodev S.A.",Poland,WAR,PLN,"Common Stock",
ANR,"Answear.com S.A.",Poland,WAR,PLN,"Common Stock",PLANSWR00019
AOL,AOL,Poland,WAR,PLN,"Common Stock",
APA,APA,Poland,WAR,PLN,"Common Stock",
APC,"Apollo Capital SA",Poland,WAR,PLN,"Common Stock",PLBIOMD00017
APE,"APS Energia S.A.",Poland,WAR,PLN,"Common Stock",PLAPSEN00011
APL,"Ampli SA w upadlosci ukladowej",Poland,WAR,PLN,"Common Stock",PLAMPLI00019
APN,"Aplisens SA",Poland,WAR,PLN,"Common Stock",PLAPLS000016
APR,"Auto Partner SA",Poland,WAR,PLN,"Common Stock",PLATPRT00018
APS,"Automatyka Pomiary Sterowanie SA",Poland,WAR,PLN,"Common Stock",PLPOMST00012
APT,"Apator S.A.",Poland,WAR,PLN,"Common Stock",PLAPATR00018
AQA,AQA,Poland,WAR,PLN,"Common Stock",
AQT,"AQT Water SA",Poland,WAR,PLN,"Common Stock",PLAQTCH00013
AQU,Aquabb,Poland,WAR,PLN,"Common Stock",PLAQUA000014
ARE,"Arena.pl S.A",Poland,WAR,PLN,"Common Stock",
ARH,"Archicom S.A.",Poland,WAR,PLN,"Common Stock",PLARHCM00016
ART,"Artifex Mundi SA",Poland,WAR,PLN,"Common Stock",PLARTFX00011
ASB,"ASBISc Enterprises PLC",Poland,WAR,PLN,"Common Stock",CY1000031710
ASE,"Asseco South Eastern Europe S.A.",Poland,WAR,PLN,"Common Stock",PLASSEE00014
ASR,ASR,Poland,WAR,PLN,"Common Stock",
AST,"Astarta Holding N.V.",Poland,WAR,PLN,"Common Stock",NL0000686509
ATA,ATA,Poland,WAR,PLN,"Common Stock",
ATC,"Arctic Paper SA",Poland,WAR,PLN,"Common Stock",PLARTPR00012
ATD,"Atende S.A.",Poland,WAR,PLN,"Common Stock",PLATMSI00016
ATG,"ATM Grupa S.A.",Poland,WAR,PLN,"Common Stock",PLATM0000021
ATJ,"Atomic Jelly S.A.",Poland,WAR,PLN,"Common Stock",
ATP,"Atlanta Poland SA",Poland,WAR,PLN,"Common Stock",PLATLPL00018
ATR,"Atrem S.A.",Poland,WAR,PLN,"Common Stock",PLATREM00017
ATS,"Atlantis S.A.",Poland,WAR,PLN,"Common Stock",EE3100063686
ATT,"Grupa Azoty SA",Poland,WAR,PLN,"Common Stock",PLZATRM00012
AUX,"Auxilia SA",Poland,WAR,PLN,"Common Stock",PLAXILA00018
AVE,"Advertigo S.A.",Poland,WAR,PLN,"Common Stock",
AWM,Airway,Poland,WAR,PLN,"Common Stock",PLAIRWY00017
AZC,Aztec,Poland,WAR,PLN,"Common Stock",PLAZTEC00011
B24,"Brand 24 SA",Poland,WAR,PLN,"Common Stock",PLBRN2400013
BAH,"British Automotive Holding S.A.",Poland,WAR,PLN,"Common Stock",PLMRVPL00016
BBD,"BBI Development SA",Poland,WAR,PLN,"Common Stock",PLNFI1200018
BBT,"BoomBit S.A",Poland,WAR,PLN,"Common Stock",PLBMBIT00010
BCM,"Betacom S.A.",Poland,WAR,PLN,"Common Stock",PLBTCOM00016
BCS,"Big Cheese Studio S.A.",Poland,WAR,PLN,"Common Stock",
BCX,"Bioceltix S.A.",Poland,WAR,PLN,"Common Stock",
BDX,"Budimex S.A.",Poland,WAR,PLN,"Common Stock",PLBUDMX00013
BDZ,"Elektrocieplownia Bedzin",Poland,WAR,PLN,"Common Stock",PLECBDZ00013
BEE,"BeeIN S.A.",Poland,WAR,PLN,"Common Stock",
BEP,Biomass,Poland,WAR,PLN,"Common Stock",PLBMSEP00011
BFC,"Biofactory SA",Poland,WAR,PLN,"Common Stock",PLBFCTR00013
BFT,"Benefit Systems SA",Poland,WAR,PLN,"Common Stock",PLBNFTS00018
BGD,BGD,Poland,WAR,PLN,"Common Stock",
BHW,"Bank Handlowy w Warszawie SA",Poland,WAR,PLN,"Common Stock",PLBH00000012
BHX,"Binary Helix SA",Poland,WAR,PLN,"Common Stock",PLBNRHL00013
BIO,"Bioton S.A.",Poland,WAR,PLN,"Common Stock",PLBIOTN00029
BIP,"Bio Planet SA",Poland,WAR,PLN,"Common Stock",PLBIOPL00013
BKD,"Baked Games S.A.",Poland,WAR,PLN,"Common Stock",
BLO,"Bloober Team SA",Poland,WAR,PLN,"Common Stock",
BLT,Balticon,Poland,WAR,PLN,"Common Stock",PLBLT0000013
BMC,"Bumech S.A.",Poland,WAR,PLN,"Common Stock",PLBMECH00012
BMX,Biomaxima,Poland,WAR,PLN,"Common Stock",PLBIOMX00015
BNP,"BNP Paribas Bank Polska S.A.",Poland,WAR,PLN,"Common Stock",PLBGZ0000010
BOS,"Bank Ochrony Środowiska SA",Poland,WAR,PLN,"Common Stock",PLBOS0000019
BOW,"Bowim S.A.",Poland,WAR,PLN,"Common Stock",PLBOWM000019
BPC,"Black Pearl SA",Poland,WAR,PLN,"Common Stock",PLBLKPC00014
BPN,Blackpoin,Poland,WAR,PLN,"Common Stock",PLBLKPT00018
BRA,"Braster S.A.",Poland,WAR,PLN,"Common Stock",PLBRSTR00014
BRO,"Browar Czarnkow SA",Poland,WAR,PLN,"Common Stock",PLBRWRG00013
BRP,"Black Rose Projects S.A.",Poland,WAR,PLN,"Common Stock",
BRS,"Boryszew SA",Poland,WAR,PLN,"Common Stock",PLBRSZW00011
BSH,"Bridge Solutions Hub S.A.",Poland,WAR,PLN,"Common Stock",
BST,"Best SA",Poland,WAR,PLN,"Common Stock",PLBEST000010
BTC,"BTC Studios S.A.",Poland,WAR,PLN,"Common Stock",
BTG,"Blue Tax Group SA",Poland,WAR,PLN,"Common Stock",PLBLTXG00010
BTK,"Biztech Konsulting SA",Poland,WAR,PLN,"Common Stock",PLBZTKN00013
BTX,"Forbuild SA",Poland,WAR,PLN,"Common Stock",PLBETMX00013
BVT,"BVT SA",Poland,WAR,PLN,"Common Stock",PLBVTSA00012
CAI,"Carlson Investments SA",Poland,WAR,PLN,"Common Stock",PLHOTB000011
CAR,"Inter Cars S.A.",Poland,WAR,PLN,"Common Stock",PLINTCS00010
CAV,"Cavatina Holding S.A.",Poland,WAR,PLN,"Common Stock",PLCVTNH00040
CBD,"Cannabis Poland S.A.",Poland,WAR,PLN,"Common Stock",
CCC,"CCC S.A.",Poland,WAR,PLN,"Common Stock",PLCCC0000016
CCE,"Clean & Carbon Energy S.A.",Poland,WAR,PLN,"Common Stock",PLKAREN00014
CCR,"Constance Care S.A.",Poland,WAR,PLN,"Common Stock",
CCS,Ccs,Poland,WAR,PLN,"Common Stock",PLCCS0000012
CDL,"CDRL SA",Poland,WAR,PLN,"Common Stock",PLCDRL000043
CDR,"CD PROJEKT SA",Poland,WAR,PLN,"Common Stock",PLOPTTC00011
CDT,"Codeaddict S.A.",Poland,WAR,PLN,"Common Stock",
CEZ,"CEZ as",Poland,WAR,PLN,"Common Stock",CZ0005112300
CFG,"Creativeforge Games SA",Poland,WAR,PLN,"Common Stock",PLCRFRG00016
CFI,"CFI Holding SA",Poland,WAR,PLN,"Common Stock",PLINTKS00013
CFS,"Centrum Finansowe Banku BPS SA",Poland,WAR,PLN,"Common Stock",PLCFBPS00019
CHP,CHP,Poland,WAR,PLN,"Common Stock",
CIE,"Ciech S.A.",Poland,WAR,PLN,"Common Stock",PLCIECH00018
CIG,"CI Games SA",Poland,WAR,PLN,"Common Stock",PLCTINT00018
CLA,"Console Labs S.A.",Poland,WAR,PLN,"Common Stock",
CLC,Columbus,Poland,WAR,PLN,"Common Stock",PLSTIGR00012
CLD,"Cloud Technologies S.A",Poland,WAR,PLN,"Common Stock",PLCLDTC00019
CLE,"Coal Energy S.A.",Poland,WAR,PLN,"Common Stock",LU0646112838
CLN,"Celon Pharma SA",Poland,WAR,PLN,"Common Stock",PLCLNPH00015
CMP,"Comp SA",Poland,WAR,PLN,"Common Stock",PLCMP0000017
CMR,"Comarch SA",Poland,WAR,PLN,"Common Stock",PLCOMAR00012
COG,"Cognor S.A.",Poland,WAR,PLN,"Common Stock",PLCNTSL00014
COS,"Cosma Group S.A.",Poland,WAR,PLN,"Common Stock",
CPA,"Capital Partners S.A.",Poland,WAR,PLN,"Common Stock",PLCPTLP00015
CPD,"CPD SA",Poland,WAR,PLN,"Common Stock",PLCELPD00013
CPG,"Capital Park S.A.",Poland,WAR,PLN,"Common Stock",PLCPPRK00037
CPL,"Comperia.pl S.A.",Poland,WAR,PLN,"Common Stock",PLCOMPR00010
CPR,"Compremum S.A.",Poland,WAR,PLN,"Common Stock",
CPS,"Cyfrowy Polsat SA",Poland,WAR,PLN,"Common Stock",PLCFRPT00013
CRB,CRB,Poland,WAR,PLN,"Common Stock",
CRC,"Carpathia Capital Alternatywna Spolka Inwestycyjna S.A.",Poland,WAR,PLN,"Common Stock",
CRI,"Creotech Instruments S.A.",Poland,WAR,PLN,"Common Stock",
CRJ,"Creepy Jar SA",Poland,WAR,PLN,"Common Stock",PLCRPJR00019
CRM,"PZ Cormay SA",Poland,WAR,PLN,"Common Stock",PLCMRAY00029
CSR,Caspar,Poland,WAR,PLN,"Common Stock",PLCSPAM00017
CTF,"Centurion Finance SA",Poland,WAR,PLN,"Common Stock",PLSTRGM00014
CTS,"City Service SE",Poland,WAR,PLN,"Common Stock",EE3100126368
CTX,"Captor Therapeutics S.A.",Poland,WAR,PLN,"Common Stock",PLCPTRT00014
CZT,"Czerwona Torebka",Poland,WAR,PLN,"Common Stock",PLCRWTR00022
DAD,"Dadelo S.A.",Poland,WAR,PLN,"Common Stock",PLDADEL00013
DAT,"Datawalk SA",Poland,WAR,PLN,"Common Stock",PLPILAB00012
DBC,"Firma Oponiarska DĘBICA SA",Poland,WAR,PLN,"Common Stock",PLDEBCA00016
DBE,"DB Energy S.A.",Poland,WAR,PLN,"Common Stock",
DCR,"Decora SA",Poland,WAR,PLN,"Common Stock",PLDECOR00013
DDI,"Draw Distance SA",Poland,WAR,PLN,"Common Stock",PLIFN4L00018
DEG,"Detalion Games S.A.",Poland,WAR,PLN,"Common Stock",
DEK,"Dekpol SA",Poland,WAR,PLN,"Common Stock",PLDEKPL00032
DEL,"Delko S.A.",Poland,WAR,PLN,"Common Stock",PLDELKO00019
DEV,"Devoran SA",Poland,WAR,PLN,"Common Stock",PLVGUAR00011
DGA,"DGA Spólka Akcyjna",Poland,WAR,PLN,"Common Stock",PLDGA0000019
DGE,"Drago entertainment S.A.",Poland,WAR,PLN,"Common Stock",
DGN,"DG-Net S.A.",Poland,WAR,PLN,"Common Stock",
DIG,"Digital Network S.A.",Poland,WAR,PLN,"Common Stock",
DKR,"Dektra SA",Poland,WAR,PLN,"Common Stock",PLDKTRA00013
DNP,"Dino Polska SA",Poland,WAR,PLN,"Common Stock",PLDINPL00011
DNS,Danks,Poland,WAR,PLN,"Common Stock",PLDANKS00014
DOM,"Dom Development S.A.",Poland,WAR,PLN,"Common Stock",PLDMDVL00012
DOW,"Downstream S.A.",Poland,WAR,PLN,"Common Stock",
DPL,"Drozapol-Profil SA",Poland,WAR,PLN,"Common Stock",PLDRZPL00032
DRF,"Dr.Finance SA",Poland,WAR,PLN,"Common Stock",PLDRD2400010
DRG,"Drageus Games S.A.",Poland,WAR,PLN,"Common Stock",
DTR,"Digitree Group S.A",Poland,WAR,PLN,"Common Stock",PLSARE000013
DTX,"Ditix SA",Poland,WAR,PLN,"Common Stock",PLFTPRF00016
DUA,"Duality SA",Poland,WAR,PLN,"Common Stock",PLDLITY00010
DVL,"Develia S.A",Poland,WAR,PLN,"Common Stock",PLLCCRP00017
EAH,"Esotiq & Henderson S.A.",Poland,WAR,PLN,"Common Stock",PLESTHN00018
EAT,"AmRest Holdings SE",Poland,WAR,PLN,"Common Stock",ES0105375002
EBX,Ekobox,Poland,WAR,PLN,"Common Stock",PLEKOBX00018
ECC,"ECC Games SA",Poland,WAR,PLN,"Common Stock",PLECCGM00012
ECH,"Echo Investment SA",Poland,WAR,PLN,"Common Stock",PLECHPS00019
ECK,Eurosnack,Poland,WAR,PLN,"Common Stock",PLERSNK00016
ECL,Easycall,Poland,WAR,PLN,"Common Stock",PLESCLL00010
ECT,"eco5tech S.A.",Poland,WAR,PLN,"Common Stock",
EDI,"ED Invest S.A.",Poland,WAR,PLN,"Common Stock",PLEDINV00014
EEE,"Ekipa Holding S.A.",Poland,WAR,PLN,"Common Stock",
EEX,"Eko Export SA",Poland,WAR,PLN,"Common Stock",PLEKEP000019
EFE,"Europejski Fundusz Energii SA",Poland,WAR,PLN,"Common Stock",PLINTRW00028
EFK,"Korporacja Gospodarcza efekt S.A",Poland,WAR,PLN,"Common Stock",PLEFEKT00018
EGH,Ekopol,Poland,WAR,PLN,"Common Stock",PLEKPLG00019
EHG,"EuroHold Bulgaria AD",Poland,WAR,PLN,"Common Stock",BG1100114062
EKE,"Eko Oze SA",Poland,WAR,PLN,"Common Stock",PLDNTMD00012
EKP,"Elkop SA",Poland,WAR,PLN,"Common Stock",PLELKOP00013
EKS,Ekiosk,Poland,WAR,PLN,"Common Stock",PLEKOSK00019
ELQ,"ELQ SA",Poland,WAR,PLN,"Common Stock",PLIPOSA00010
ELT,"Elektrotim SA",Poland,WAR,PLN,"Common Stock",PLELEKT00016
ELZ,"Zaklady Urzadzen Komputerowych ELZAB S.A",Poland,WAR,PLN,"Common Stock",PLELZAB00010
EMC,"EMC Instytut Medyczny SA",Poland,WAR,PLN,"Common Stock",PLEMCIM00017
ENA,"Enea S.A.",Poland,WAR,PLN,"Common Stock",PLENEA000013
ENE,"Centrum Medyczne ENEL-MED SA",Poland,WAR,PLN,"Common Stock",PLENLMD00017
ENG,"Energa S.A.",Poland,WAR,PLN,"Common Stock",PLENERG00022
ENI,"Energoinstal S.A.",Poland,WAR,PLN,"Common Stock",PLERGIN00015
ENP,"Energoaparatura S.A.",Poland,WAR,PLN,"Common Stock",PLENAP000010
ENT,"Enter Air S.A.",Poland,WAR,PLN,"Common Stock",PLENTER00017
EON,Eonet,Poland,WAR,PLN,"Common Stock",PLEONTW00016
EPR,"Przedsiebiorstwo Robot Instalacyjnych Ekopark SA",Poland,WAR,PLN,"Common Stock",PLPRIPK00018
ERB,"Erbud SA",Poland,WAR,PLN,"Common Stock",PLERBUD00012
ERG,"ERG S.A.",Poland,WAR,PLN,"Common Stock",PLERGZB00014
ESG,"E-shopping Group S.A.",Poland,WAR,PLN,"Common Stock",
ETFBM40TR,"Beta mWIG40TR Portfelowy FIZ",Poland,WAR,PLN,ETF,PLBETF400025
ETFBNDXPL,"Beta ETF Nasdaq-100 PLN-Hedged Portfelowy Fundusz Inwestycyjny Zamkniety",Poland,WAR,PLN,ETF,PLBETFN00018
ETFBS80TR,"Beta ETF sWIG80TR Portfelowy FIZ",Poland,WAR,PLN,ETF,PLBSWTR00014
ETFBSPXPL,"Beta ETF S&P 500 PLN-Hedged Portfelowy Fundusz Inwestycyjny Zamkniety",Poland,WAR,PLN,ETF,PLBETFS00017
ETFBTBSP,"BETA ETF WIG20SHORT PCIF - BETA ETF TBSP PCIF",Poland,WAR,PLN,ETF,PLBTBSP00012
ETFBW20LV,"Beta ETF WIG20lev Potrfelowy Fundusz Inwestycyjny Zamkniety",Poland,WAR,PLN,ETF,PLBEW2L00019
ETFBW20ST,"Beta ETF WIG20Short PCIF - Investment Certificates ETF",Poland,WAR,PLN,ETF,PLBETF200011
ETFBW20TR,"Beta WIG20TR Portfelowy FIZ",Poland,WAR,PLN,ETF,PLBTETF00015
ETFBWTECH,"Betaetf Wigtech Portfelowy Fundusz Inwestycyjny Zamkniety",Poland,WAR,PLN,ETF,PLBETWT00010
ETFDAX,"MULTI-UNITS LUXEMBOURG - Lyxor DAX (DR) UCITS ETF",Poland,WAR,PLN,ETF,
ETFSP500,"Lyxor S&P 500 UCITS ETF - D-EUR",Poland,WAR,PLN,ETF,LU0496786574
ETL,"Eurotel SA",Poland,WAR,PLN,"Common Stock",PLERTEL00011
ETX,"Euro-Tax.pl S.A.",Poland,WAR,PLN,"Common Stock",PLEURTX00012
EUC,"Europejskie Centrum Odszkodowań SA",Poland,WAR,PLN,"Common Stock",PLERPCO00017
EUR,"Eurocash S.A.",Poland,WAR,PLN,"Common Stock",PLEURCH00011
EXA,"Examobile SA",Poland,WAR,PLN,"Common Stock",PLEXMBL00010
EXC,EXC,Poland,WAR,PLN,"Common Stock",
EXM,"E Xim IT S.A.",Poland,WAR,PLN,"Common Stock",
F51,Farm51,Poland,WAR,PLN,"Common Stock",PLFRMGR00015
FEE,"Feerum S.A.",Poland,WAR,PLN,"Common Stock",PLFEERM00018
FEM,"Femion Technology S.A.",Poland,WAR,PLN,"Common Stock",
FER,"Ferrum S.A.",Poland,WAR,PLN,"Common Stock",PLFERUM00014
FFI,"Fast Finance SA",Poland,WAR,PLN,"Common Stock",PLFSTFC00012
FHD,"Fundusz Hipoteczny Dom SA",Poland,WAR,PLN,"Common Stock",PLFHDOM00010
FIG,FIG,Poland,WAR,PLN,"Common Stock",
FMG,"One SA",Poland,WAR,PLN,"Common Stock",PLTHP0000011
FON,"Fon SE",Poland,WAR,PLN,"Common Stock",EE3100005166
FOR,Foreveren,Poland,WAR,PLN,"Common Stock",PLFRENT00014
FPO,FPO,Poland,WAR,PLN,"Common Stock",
FRO,"Ferro S.A.",Poland,WAR,PLN,"Common Stock",PLFERRO00016
FRW,"Frozen Way S.A.",Poland,WAR,PLN,"Common Stock",
FSG,"FASING SA",Poland,WAR,PLN,"Common Stock",PLFSING00010
FTE,"Fabryki Mebli Forte S.A.",Poland,WAR,PLN,"Common Stock",PLFORTE00012
FTH,"Fintech SA",Poland,WAR,PLN,"Common Stock",PLJRSDB00015
FTL,"Foothills S.A.",Poland,WAR,PLN,"Common Stock",
FVE,FVE,Poland,WAR,PLN,"Common Stock",
GAL,Galvo,Poland,WAR,PLN,"Common Stock",PLGALVO00017
GDC,"Gamedust S.A.",Poland,WAR,PLN,"Common Stock",
GEA,"Grenevia S.A.",Poland,WAR,PLN,"Common Stock",PLFAMUR00012
GEN,"Genomed S.A.",Poland,WAR,PLN,"Common Stock",
GIF,"Gaming Factory S.A.",Poland,WAR,PLN,"Common Stock",PLGMNGF00017
GIG,"GI Group Poland S.A.",Poland,WAR,PLN,"Common Stock",
GKI,Immobile,Poland,WAR,PLN,"Common Stock",PLMAKRM00019
GKS,"GKS GieKSa Katowice SA",Poland,WAR,PLN,"Common Stock",PLGKS0000016
GLC,"Global Cosmed SA",Poland,WAR,PLN,"Common Stock",PLGLBLC00011
GMB,"Games Box S.A.",Poland,WAR,PLN,"Common Stock",
GME,"Gremi Media S.A.",Poland,WAR,PLN,"Common Stock",
GMT,"Genomtec S.A.",Poland,WAR,PLN,"Common Stock",
GMV,"Gamivo S.A.",Poland,WAR,PLN,"Common Stock",
GMZ,"Grupa Modne Zakupy S.A.",Poland,WAR,PLN,"Common Stock",
GNG,GNG,Poland,WAR,PLN,"Common Stock",
GOB,"Gobarto S.A.",Poland,WAR,PLN,"Common Stock",PLDUDA000016
GOP,"Games Operators SA",Poland,WAR,PLN,"Common Stock",PLGMSOP00019
GOV,GOV,Poland,WAR,PLN,"Common Stock",
GPH,"Advanced Graphene Products S.A.",Poland,WAR,PLN,"Common Stock",
GPP,"Grupa Pracuj S.A.",Poland,WAR,PLN,"Common Stock",
GPW,"Gielda Papierow Wartosciowych w Warszawie SA",Poland,WAR,PLN,"Common Stock",PLGPW0000017
GRC,"Grupa Recykl SA",Poland,WAR,PLN,"Common Stock",PLRCKL000010
GRM,Grempco,Poland,WAR,PLN,"Common Stock",PLGRMPC00016
GRN,"Grodno S.A.",Poland,WAR,PLN,"Common Stock",PLGRODN00015
GRX,"GreenX Metals Ltd.",Poland,WAR,PLN,"Common Stock",
GTC,"Globe Trade Centre S.A.",Poland,WAR,PLN,"Common Stock",PLGTC0000037
GTN,"Getin Holding SA",Poland,WAR,PLN,"Common Stock",PLGSPR000014
GTS,"Geotrans SA",Poland,WAR,PLN,"Common Stock",PLGEOTR00010
GX1,"Genxone SA",Poland,WAR,PLN,"Common Stock",PLGENXN00013
HDR,"HYDROTOR SA",Poland,WAR,PLN,"Common Stock",PLHDRTR00013
HEL,"Helio SA",Poland,WAR,PLN,"Common Stock",PLHELIO00014
HMI,"HM Inwest S.A",Poland,WAR,PLN,"Common Stock",PLHMINW00016
HMP,HMP,Poland,WAR,PLN,"Common Stock",
HOR,HOR,Poland,WAR,PLN,"Common Stock",
HPM,"HiProMine S.A.",Poland,WAR,PLN,"Common Stock",
HPS,Hydrapres,Poland,WAR,PLN,"Common Stock",PLHDRAP00017
HRC,HRC,Poland,WAR,PLN,"Common Stock",
HRP,"Harper Hygienics S.A.",Poland,WAR,PLN,"Common Stock",PLHRPHG00023
HRS,"Herkules S.A.",Poland,WAR,PLN,"Common Stock",PLZRWZW00012
HRT,"Hurtimex SA",Poland,WAR,PLN,"Common Stock",PLHRTIM00013
HUB,"HubStyle S.A.",Poland,WAR,PLN,"Common Stock",PLGRNKT00019
HUG,"Huuuge Inc.",Poland,WAR,PLN,"Common Stock",
HYD,"Hydra Games S.A.",Poland,WAR,PLN,"Common Stock",
IBC,IBC,Poland,WAR,PLN,"Common Stock",
IBS,"Noble Financials SA",Poland,WAR,PLN,"Common Stock",PLPLPGR00010
ICE,"Medinice S.A",Poland,WAR,PLN,"Common Stock",PLMDNCE00016
ICG,"Ice Code Games S.A.",Poland,WAR,PLN,"Common Stock",
IDH,"IDH Development S.A.",Poland,WAR,PLN,"Common Stock",
IDM,"Dom Maklerski IDM SA",Poland,WAR,PLN,"Common Stock",PLIDMSA00044
IFA,"Infra SA",Poland,WAR,PLN,"Common Stock",PLINFRA00015
IFC,"Investment Friends Capital SE",Poland,WAR,PLN,"Common Stock",EE3100065392
IFI,"IFirma SA",Poland,WAR,PLN,"Common Stock",PLPWRMD00011
IGT,"Igoria Trade S.A.",Poland,WAR,PLN,"Common Stock",
IIA,"Immofinanz AG",Poland,WAR,PLN,"Common Stock",AT0000A21KS2
IMC,"IMC SA",Poland,WAR,PLN,"Common Stock",LU0607203980
IMG,IMG,Poland,WAR,PLN,"Common Stock",
IMP,"Impera Capital S.A.",Poland,WAR,PLN,"Common Stock",PLNFI0700018
IMR,"Intermarum S.A.",Poland,WAR,PLN,"Common Stock",
IMS,"IMS SA",Poland,WAR,PLN,"Common Stock",PLINTMS00019
INC,"INC S.A.",Poland,WAR,PLN,"Common Stock",PLINCLT00015
ING,"ING Bank Śląski SA",Poland,WAR,PLN,"Common Stock",PLBSK0000017
INK,"INSTAL KRAKÓW SA",Poland,WAR,PLN,"Common Stock",PLINSTK00013
INL,"Introl S.A.",Poland,WAR,PLN,"Common Stock",PLINTRL00013
INM,INM,Poland,WAR,PLN,"Common Stock",
INP,"Inpro SA",Poland,WAR,PLN,"Common Stock",PLINPRO00015
INS,"Indos S.A.",Poland,WAR,PLN,"Common Stock",
INT,INT,Poland,WAR,PLN,"Common Stock",
IPE,"Ipopema Securities SA",Poland,WAR,PLN,"Common Stock",PLIPOPM00011
IPO,"Intersport Polska S.A.",Poland,WAR,PLN,"Common Stock",PLINTSP00038
IPW,"Image Power S.A.",Poland,WAR,PLN,"Common Stock",
IRL,"INTER RAO Lietuva AB",Poland,WAR,PLN,"Common Stock",LT0000128621
ITB,"Interbud-Lublin SA",Poland,WAR,PLN,"Common Stock",PLINTBD00014
ITX,"Industria de Diseno Textil S.A.",Poland,WAR,PLN,"Common Stock",
IUS,IUS,Poland,WAR,PLN,"Common Stock",
IVE,IVE,Poland,WAR,PLN,"Common Stock",
IVO,"Incuvo S.A.",Poland,WAR,PLN,"Common Stock",
IWS,"Iron Wolf Studio S.A.",Poland,WAR,PLN,"Common Stock",
IZB,Izoblok,Poland,WAR,PLN,"Common Stock",PLIZBLK00010
IZO,"Izolacja Jarocin SA",Poland,WAR,PLN,"Common Stock",PLIZCJR00017
IZS,"Izostal SA",Poland,WAR,PLN,"Common Stock",PLIZSTL00015
JJB,"Jujubee SA",Poland,WAR,PLN,"Common Stock",PLJJBEE00028
JMT,"Jeronimo Martins SGPS S/A",Poland,WAR,PLN,"Common Stock",
JRC,"JRC Group S.A.",Poland,WAR,PLN,"Common Stock",
JRH,"JR Invest SA",Poland,WAR,PLN,"Common Stock",PLJRINV00013
JSW,"Jastrzebska Spotka Weglowa SA",Poland,WAR,PLN,"Common Stock",PLJSW0000015
JWW,Jwwinvest,Poland,WAR,PLN,"Common Stock",PLJWWNT00018
K2H,"K2 Internet SA",Poland,WAR,PLN,"Common Stock",PLK2ITR00010
K2P,"Kool2play SA",Poland,WAR,PLN,"Common Stock",PLKL2PL00014
KBJ,Kbj,Poland,WAR,PLN,"Common Stock",PLKBJ0000016
KBT,KBT,Poland,WAR,PLN,"Common Stock",
KCH,"Krakchemia SA",Poland,WAR,PLN,"Common Stock",PLKRKCH00019
KCI,"KCI SA",Poland,WAR,PLN,"Common Stock",PLPONAR00012
KER,"Kernel Holding SA",Poland,WAR,PLN,"Common Stock",LU0327357389
KGH,"KGHM Polska Miedz SA",Poland,WAR,PLN,"Common Stock",PLKGHM000017
KGL,"Korporacja KGL S.A.",Poland,WAR,PLN,"Common Stock",PLKRKGL00012
KGN,"Kogeneracja SA",Poland,WAR,PLN,"Common Stock",PLKGNRC00015
KLN,KLN,Poland,WAR,PLN,"Common Stock",
KMP,"Przedsiebiorstwo Produkcyjno Handlowe Kompap SA",Poland,WAR,PLN,"Common Stock",PLKOMPP00017
KOM,"Komputronik S.A.",Poland,WAR,PLN,"Common Stock",PLKMPTR00012
KOR,KOR,Poland,WAR,PLN,"Common Stock",
KPC,"Kupiec SA",Poland,WAR,PLN,"Common Stock",PLKUPIC00010
KPD,"Koszalinskie Przedsiebiorstwo Przemyslu Drzewnego SA",Poland,WAR,PLN,"Common Stock",PLKPPD000017
KPI,"Kancelaria Prawna Inkaso Wec SA",Poland,WAR,PLN,"Common Stock",PLKPWEC00015
KPL,"Kino Polska TV SA",Poland,WAR,PLN,"Common Stock",PLKNOPL00014
KRI,"Kredyt Inkaso SA",Poland,WAR,PLN,"Common Stock",PLKRINK00014
KRK,"Krka d. d",Poland,WAR,PLN,"Common Stock",SI0031102120
KRU,"Kruk SA",Poland,WAR,PLN,"Common Stock",PLKRK0000010
KSG,"KSG Agro SA",Poland,WAR,PLN,"Common Stock",LU0611262873
KTY,"Grupa KĘTY SA",Poland,WAR,PLN,"Common Stock",PLKETY000011
KUB,"Kubota S.A.",Poland,WAR,PLN,"Common Stock",
KVT,"Krynica Vitamin SA",Poland,WAR,PLN,"Common Stock",PLKRVTM00010
LAB,"Labo Print SA",Poland,WAR,PLN,"Common Stock",PLLBPRT00013
LBT,"Libet S.A.",Poland,WAR,PLN,"Common Stock",PLLBT0000013
LBW,"LUBAWA SA",Poland,WAR,PLN,"Common Stock",PLLUBAW00013
LCN,"Labocanna SA",Poland,WAR,PLN,"Common Stock",PLCCTLS00017
LEG,"Legimi S.A.",Poland,WAR,PLN,"Common Stock",
LEN,"Lena Lighting S.A.",Poland,WAR,PLN,"Common Stock",PLLENAL00015
LES,"LESS S.A.",Poland,WAR,PLN,"Common Stock",
LGT,"Logintrade S.A.",Poland,WAR,PLN,"Common Stock",
LKD,"Lokum Deweloper SA",Poland,WAR,PLN,"Common Stock",PLLKMDW00049
LMG,"Live Motion Games S.A.",Poland,WAR,PLN,"Common Stock",
LPP,"LPP S.A.",Poland,WAR,PLN,"Common Stock",PLLPP0000011
LPS,LPS,Poland,WAR,PLN,"Common Stock",
LRQ,"Larq SA",Poland,WAR,PLN,"Common Stock",PLCAMMD00032
LSI,"LSI Software S.A.",Poland,WAR,PLN,"Common Stock",PLLSSFT00016
LTM,"Longterm Games S.A.",Poland,WAR,PLN,"Common Stock",
LTX,"Zakłady Lentex SA",Poland,WAR,PLN,"Common Stock",PLLENTX00010
LUG,"LUG S.A",Poland,WAR,PLN,"Common Stock",PLLUG0000010
LUK,LUK,Poland,WAR,PLN,"Common Stock",
LVC,"Livechat Software SA",Poland,WAR,PLN,"Common Stock",PLLVTSF00010
LWB,"Lubelski Wegiel Bogdanka S.A.",Poland,WAR,PLN,"Common Stock",PLLWBGD00016
M4B,"M4B SA",Poland,WAR,PLN,"Common Stock",PLM4B0000017
MAB,"Mabion S.A.",Poland,WAR,PLN,"Common Stock",PLMBION00016
MAD,MAD,Poland,WAR,PLN,"Common Stock",
MAK,"Makarony Polskie S.A.",Poland,WAR,PLN,"Common Stock",PLMKRNP00015
MAN,"Manydev Studio SE",Poland,WAR,PLN,"Common Stock",
MAX,"Maximus SA",Poland,WAR,PLN,"Common Stock",PLMAXMS00010
MBK,"mBank SA",Poland,WAR,PLN,"Common Stock",PLBRE0000012
MBR,"Mo-Bruk SA",Poland,WAR,PLN,"Common Stock",PLMOBRK00013
MBW,"Marie Brizard Wine & Spirits",Poland,WAR,PLN,"Common Stock",FR0000060873
MCD,"Mycodern S.A.",Poland,WAR,PLN,"Common Stock",
MCI,"MCI Management SA",Poland,WAR,PLN,"Common Stock",PLMCIMG00012
MCR,"Mercor S.A.",Poland,WAR,PLN,"Common Stock",PLMRCOR00016
MDA,"MedApp S.A",Poland,WAR,PLN,"Common Stock",
MDB,"Medicofarma Biotech S.A.",Poland,WAR,PLN,"Common Stock",
MDG,Medicalg,Poland,WAR,PLN,"Common Stock",PLMDCLG00015
MDI,"MDI Energia S.A.",Poland,WAR,PLN,"Common Stock",PLNFI1000012
MDP,MDP,Poland,WAR,PLN,"Common Stock",
MEG,"Megaron SA",Poland,WAR,PLN,"Common Stock",PLMGRON00016
MEI,"Merit Invest SA",Poland,WAR,PLN,"Common Stock",PLMRTIN00011
MER,MER,Poland,WAR,PLN,"Common Stock",
MEX,"Mex Polska S.A.",Poland,WAR,PLN,"Common Stock",PLMEXPL00010
MFD,"M Food S.A.",Poland,WAR,PLN,"Common Stock",
MFO,"MFO SA",Poland,WAR,PLN,"Common Stock",PLMFO0000013
MGT,"Mangata Holding S.A.",Poland,WAR,PLN,"Common Stock",PLZTKMA00017
MIL,"Bank Millennium S.A.",Poland,WAR,PLN,"Common Stock",PLBIG0000016
MIR,"Miraculum SA",Poland,WAR,PLN,"Common Stock",PLKLSTN00017
MLB,Makolab,Poland,WAR,PLN,"Common Stock",PLMKLAB00023
MLG,"MLP Group S.A.",Poland,WAR,PLN,"Common Stock",PLMLPGR00017
MLK,"Mlk Foods Public Company Ltd",Poland,WAR,PLN,"Common Stock",NL0009508712
MLM,"Milisystem S.A.",Poland,WAR,PLN,"Common Stock",
MLP,"Milkpol SA",Poland,WAR,PLN,"Common Stock",PLMLKPL00012
MLS,"ML System S.A",Poland,WAR,PLN,"Common Stock",PLMLSTM00015
MMC,MMC,Poland,WAR,PLN,"Common Stock",
MMD,Milestone,Poland,WAR,PLN,"Common Stock",USU6005B1045
MMS,"Madmind Studio S.A.",Poland,WAR,PLN,"Common Stock",
MNC,"Mennica Polska S.A.",Poland,WAR,PLN,"Common Stock",PLMNNCP00011
MND,MND,Poland,WAR,PLN,"Common Stock",
MNS,"Mennica Skarbowa SA",Poland,WAR,PLN,"Common Stock",PLGRMNK00014
MO2,"Moliera2 S.A.",Poland,WAR,PLN,"Common Stock",
MOC,"Molecure S.A.",Poland,WAR,PLN,"Common Stock",
MOJ,"MOJ S.A",Poland,WAR,PLN,"Common Stock",PLMOJ0000015
MOL,"MOL PLC",Poland,WAR,PLN,"Common Stock",HU0000153937
MON,"Monnari Trade S.A.",Poland,WAR,PLN,"Common Stock",PLMNRTR00012
MOV,"Movie Games S.A.",Poland,WAR,PLN,"Common Stock",
MPS,"MegaPixel Studio S.A.",Poland,WAR,PLN,"Common Stock",
MPY,MPY,Poland,WAR,PLN,"Common Stock",
MRB,"Mirbud SA",Poland,WAR,PLN,"Common Stock",PLMRBUD00015
MRC,"Mercator Medical S.A.",Poland,WAR,PLN,"Common Stock",PLMRCTR00015
MSP,"MOSTOSTAL Płock SA",Poland,WAR,PLN,"Common Stock",PLMSTPL00018
MSW,"Mostostal Warszawa S.A.",Poland,WAR,PLN,"Common Stock",PLMSTWS00019
MSZ,"Mostostal Zabrze - Holding SA",Poland,WAR,PLN,"Common Stock",PLMSTZB00018
MTN,"Milton Essex S.A.",Poland,WAR,PLN,"Common Stock",
MVP,"Marvipol S.A.",Poland,WAR,PLN,"Common Stock",PLMRVDV00011
MVR,"Movie Games VR S.A.",Poland,WAR,PLN,"Common Stock",
MWT,"MW Trade S.A.",Poland,WAR,PLN,"Common Stock",PLMWTRD00013
MXC,"Maxcom SA",Poland,WAR,PLN,"Common Stock",PLMXCMS00016
MZA,"Muza S.A",Poland,WAR,PLN,"Common Stock",PLMUZA000019
NCL,"Noctiluca S.A.",Poland,WAR,PLN,"Common Stock",
NEU,"Neuca S.A.",Poland,WAR,PLN,"Common Stock",PLTRFRM00018
NGG,NGG,Poland,WAR,PLN,"Common Stock",
NNG,"Nanogroup SA",Poland,WAR,PLN,"Common Stock",PLNNGRP00011
NOB,"Noobz from Poland S.A.",Poland,WAR,PLN,"Common Stock",
NOV,NOV,Poland,WAR,PLN,"Common Stock",
NRS,"Neurone Studio S.A.",Poland,WAR,PLN,"Common Stock",
NST,"Nestmedic S.A.",Poland,WAR,PLN,"Common Stock",
NTC,"New Tech Capital S.A.",Poland,WAR,PLN,"Common Stock",
NTS,Notoria,Poland,WAR,PLN,"Common Stock",PLNTRSW00019
NTT,"NTT System SA",Poland,WAR,PLN,"Common Stock",PLNTSYS00013
NTU,"Novaturas AB",Poland,WAR,PLN,"Common Stock",
NTV,"New Tech Venture S.A.",Poland,WAR,PLN,"Common Stock",
NVA,"PA Nova S.A.",Poland,WAR,PLN,"Common Stock",PLPANVA00013
NVG,"Novavis Group SA",Poland,WAR,PLN,"Common Stock",PLNFI0500012
NVT,"NOVITA SA",Poland,WAR,PLN,"Common Stock",PLNVITA00018
NWA,Nwai,Poland,WAR,PLN,"Common Stock",PLNWAI000017
NWG,"Newag S.A.",Poland,WAR,PLN,"Common Stock",PLNEWAG00012
NXB,"Nextbike Polska SA",Poland,WAR,PLN,"Common Stock",PLNXTBK00018
NXG,"Nexity Global SA",Poland,WAR,PLN,"Common Stock",PLWDMCP00013
O2T,"One2tribe S.A.",Poland,WAR,PLN,"Common Stock",
OBL,"Orzeł Biały SA",Poland,WAR,PLN,"Common Stock",PLORZBL00013
ODL,"Odlewnie Polskie SA",Poland,WAR,PLN,"Common Stock",PLODLPL00013
OEX,"OEX S.A.",Poland,WAR,PLN,"Common Stock",PLTELL000023
OLY,"Olymp S.A.",Poland,WAR,PLN,"Common Stock",
OML,"One More Level SA",Poland,WAR,PLN,"Common Stock",PLLSRMD00018
OND,"Onde SA",Poland,WAR,PLN,"Common Stock",PLONDE000018
ONE,"One Solution S.A.",Poland,WAR,PLN,"Common Stock",
ONO,"onesano S.A.",Poland,WAR,PLN,"Common Stock",
OPG,"Cpi Fim SA",Poland,WAR,PLN,"Common Stock",LU0122624777
OPI,"Optigis S.A.",Poland,WAR,PLN,"Common Stock",
OPL,OrangePL,Poland,WAR,PLN,"Common Stock",PLTLKPL00017
OPM,"OpTeam S.A.",Poland,WAR,PLN,"Common Stock",PLOPTEM00012
OPN,"Oponeo.pl SA",Poland,WAR,PLN,"Common Stock",PLOPNPL00013
ORG,ORG,Poland,WAR,PLN,"Common Stock",
ORL,"Orzel SA",Poland,WAR,PLN,"Common Stock",PLORZL000019
OTM,"Zaklady Przemyslu Cukierniczego Otmuchow S.A.",Poland,WAR,PLN,"Common Stock",PLZPCOT00018
OTS,"OT Logistics S.A",Poland,WAR,PLN,"Common Stock",PLODRTS00017
OUT,OUT,Poland,WAR,PLN,"Common Stock",
OVI,"Ovid Works Sa",Poland,WAR,PLN,"Common Stock",PLOVIDW00014
OVO,"Ovostar Union N.V.",Poland,WAR,PLN,"Common Stock",NL0009805613
OZE,"Oze Capital SA",Poland,WAR,PLN,"Common Stock",PLCSYSA00016
P24,"Present24 SA",Poland,WAR,PLN,"Common Stock",PLPRS2400012
P2B,P2B,Poland,WAR,PLN,"Common Stock",
P2C,"Play2Chill SA",Poland,WAR,PLN,"Common Stock",PLPLCHL00019
PAS,"Passus S.A.",Poland,WAR,PLN,"Common Stock",
PAT,"Patentus SA",Poland,WAR,PLN,"Common Stock",PLPTNTS00019
PBB,"Prefabet Biale Blota SA",Poland,WAR,PLN,"Common Stock",PLPRFBT00015
PBF,"PBS Finanse SA",Poland,WAR,PLN,"Common Stock",PLBEFSN00010
PBG,"PBG SA",Poland,WAR,PLN,"Common Stock",PLPBG0000029
PBT,PBT,Poland,WAR,PLN,"Common Stock",
PBX,"Poznanska Korporacja Budowlana Pekabex SA",Poland,WAR,PLN,"Common Stock",PLPKBEX00072
PCE,"Grupa Azoty Zaklady Chemiczne Police SA",Poland,WAR,PLN,"Common Stock",PLZCPLC00036
PCF,"PCF Group SA",Poland,WAR,PLN,"Common Stock",PLPCFGR00010
PCO,"Pepco Group B.V.",Poland,WAR,PLN,"Common Stock",NL0015000AU7
PCR,"PCC Rokita SA",Poland,WAR,PLN,"Common Stock",PLPCCRK00076
PCX,"PCC Exol SA",Poland,WAR,PLN,"Common Stock",PLPCCEX00010
PDG,"Pyramid Games S.A.",Poland,WAR,PLN,"Common Stock",
PEN,"Photon Energy N.V.",Poland,WAR,PLN,"Common Stock",NL0010391108
PEO,"Bank Polska Kasa Opieki SA",Poland,WAR,PLN,"Common Stock",PLPEKAO00016
PEP,"PolEnergia S.A.",Poland,WAR,PLN,"Common Stock",PLPLSEP00013
PFM,"Perma Fix Medical SA",Poland,WAR,PLN,"Common Stock",PLGURDR00013
PGE,"PGE Polska Grupa Energetyczna SA",Poland,WAR,PLN,"Common Stock",PLPGER000010
PGI,"Prosta Gielda S.A.",Poland,WAR,PLN,"Common Stock",
PGM,"PMPG Polskie Media S.A.",Poland,WAR,PLN,"Common Stock",PLPEKPL00010
PGV,"PGF Polska Grupa Fotowoltaiczna SA",Poland,WAR,PLN,"Common Stock",PLZSTAL00012
PHN,"Polski Holding Nieruchomości SA",Poland,WAR,PLN,"Common Stock",PLPHN0000014
PHR,"Pharmena S.A.",Poland,WAR,PLN,"Common Stock",PLPHRMN00011
PIT,PIT,Poland,WAR,PLN,"Common Stock",
PIX,"Pixel Crow Games SA",Poland,WAR,PLN,"Common Stock",PLWKPRK00010
PJP,"PJP Makrum S.A.",Poland,WAR,PLN,"Common Stock",PLPROJP00018
PKN,"Polski Koncern Naftowy ORLEN SA",Poland,WAR,PLN,"Common Stock",PLPKN0000018
PKO,"Powszechna Kasa Oszczednosci Bank Polski SA",Poland,WAR,PLN,"Common Stock",PLPKO0000016
PKP,"PKP Cargo S.A.",Poland,WAR,PLN,"Common Stock",PLPKPCR00011
PLI,PLI,Poland,WAR,PLN,"Common Stock",
PLM,PLM,Poland,WAR,PLN,"Common Stock",
PLW,"PLAYWAY SA",Poland,WAR,PLN,"Common Stock",PLPLAYW00015
PLZ,"Plaza Centers NV",Poland,WAR,PLN,"Common Stock",NL0011882741
PMA,"Prima Moda SA",Poland,WAR,PLN,"Common Stock",PLPRMMD00012
PMP,"Pamapol S.A.",Poland,WAR,PLN,"Common Stock",PLPMPOL00031
PNT,PNT,Poland,WAR,PLN,"Common Stock",
PNW,"Plantwear S.A.",Poland,WAR,PLN,"Common Stock",
PPS,"Przedsiebiorstwo Przemyslu Spozywczego PEPEES S.A.",Poland,WAR,PLN,"Common Stock",PLPEPES00018
PRI,"Pragma Inkaso S.A.",Poland,WAR,PLN,"Common Stock",PLPRGNK00017
PRM,"Prochem S.A.",Poland,WAR,PLN,"Common Stock",PLPRCHM00014
PRN,PRN,Poland,WAR,PLN,"Common Stock",
PRO,PRO,Poland,WAR,PLN,"Common Stock",
PRS,PRS,Poland,WAR,PLN,"Common Stock",
PRT,"Protektor S.A.",Poland,WAR,PLN,"Common Stock",PLLZPSK00019
PSH,"Polyslash S.A.",Poland,WAR,PLN,"Common Stock",
PSHE,"Porsche Automobil Holding SE Pfd.",Poland,WAR,PLN,"Common Stock",
PTG,"PolTREG S.A.",Poland,WAR,PLN,"Common Stock",PLPLTRG00038
PTH,"Primetech SA",Poland,WAR,PLN,"Common Stock",PLKOPEX00018
PTN,PTN,Poland,WAR,PLN,"Common Stock",
PTW,"Wspierania Przedsiebiorczosci",Poland,WAR,PLN,"Common Stock",PLPTWP000015
PUR,"Pure Biologics Spólka Akcyjna",Poland,WAR,PLN,"Common Stock",PLPRBLG00010
PWX,"Polwax SA",Poland,WAR,PLN,"Common Stock",PLPOLWX00026
PXM,"Polimex-Mostostal S.A.",Poland,WAR,PLN,"Common Stock",PLMSTSD00019
PZU,"Powszechny Zaklad Ubezpieczen SA",Poland,WAR,PLN,"Common Stock",PLPZU0000011
QNT,"Quantum Software SA",Poland,WAR,PLN,"Common Stock",PLQNTUM00018
QON,"Quarticon SA",Poland,WAR,PLN,"Common Stock",PLQRTCN00015
QRS,"Quercus TFI SA",Poland,WAR,PLN,"Common Stock",PLQRCUS00012
QRT,QRT,Poland,WAR,PLN,"Common Stock",
QUB,QUB,Poland,WAR,PLN,"Common Stock",
R22,"R22 SA",Poland,WAR,PLN,"Common Stock",PLR220000018
RAE,"Raen S.A.",Poland,WAR,PLN,"Common Stock",
RAF,"Fabryka Obrabiarek RAFAMET S.A.",Poland,WAR,PLN,"Common Stock",PLRFMET00016
RBS,RBS,Poland,WAR,PLN,"Common Stock",
RBW,"Rainbow Tours SA",Poland,WAR,PLN,"Common Stock",PLRNBWT00031
RCA,"Rocca SA",Poland,WAR,PLN,"Common Stock",PLROCCA00013
RCM,"Red Carpet Media S/A",Poland,WAR,PLN,"Common Stock",
RCW,"Ruch Chorzow SA",Poland,WAR,PLN,"Common Stock",PLRCHZW00012
RDG,Readgene,Poland,WAR,PLN,"Common Stock",PLRADGN00014
RDN,"Redan S.A.",Poland,WAR,PLN,"Common Stock",PLREDAN00019
REM,REM,Poland,WAR,PLN,"Common Stock",
RFK,"RAFAKO SA",Poland,WAR,PLN,"Common Stock",PLRAFAK00018
RGL,"Robs Group Logistic S.A.",Poland,WAR,PLN,"Common Stock",
RHD,"Reinhold Europe AB",Poland,WAR,PLN,"Common Stock",SE0001856519
RLP,"Relpol SA",Poland,WAR,PLN,"Common Stock",PLRELPL00014
RMK,"REMAK SA",Poland,WAR,PLN,"Common Stock",PLREMAK00016
RNC,"Reino Capital SA",Poland,WAR,PLN,"Common Stock",PLWDM0000029
RND,"Render Cube S.A.",Poland,WAR,PLN,"Common Stock",
RNK,"Rank Progress S.A.",Poland,WAR,PLN,"Common Stock",PLRNKPR00014
RPC,"Zaklady Magnezytowe Ropczyce S.A.",Poland,WAR,PLN,"Common Stock",PLROPCE00017
RRH,"Roof Renovation S.A.",Poland,WAR,PLN,"Common Stock",
RSP,RSP,Poland,WAR,PLN,"Common Stock",
RST,"Road Studio S.A.",Poland,WAR,PLN,"Common Stock",
RVU,"Ryvu Therapeutics SA",Poland,WAR,PLN,"Common Stock",PLSELVT00013
RWL,"Rawlplug S.A.",Poland,WAR,PLN,"Common Stock",PLKLNR000017
SAN,"Banco Santander S.A.",Poland,WAR,PLN,"Common Stock",ES0113900J37
SBE,"Softblue SA",Poland,WAR,PLN,"Common Stock",PLSFTBL00012
SCP,"Scope Fluidics SA",Poland,WAR,PLN,"Common Stock",PLSCPFL00018
SCS,SCS,Poland,WAR,PLN,"Common Stock",
SDG,"Sundragon S.A.",Poland,WAR,PLN,"Common Stock",
SDS,"SDS Optic S.A.",Poland,WAR,PLN,"Common Stock",
SED,"Sedivio S.A.",Poland,WAR,PLN,"Common Stock",
SEK,"Seko S.A.",Poland,WAR,PLN,"Common Stock",PLSEKO000014
SEL,"Selena FM S.A.",Poland,WAR,PLN,"Common Stock",PLSELNA00010
SEN,"Serinus Energy Inc.",Poland,WAR,PLN,"Common Stock",JE00BF4N9R98
SES,"Sescom SA",Poland,WAR,PLN,"Common Stock",PLSESCM00013
SEV,Sevenet,Poland,WAR,PLN,"Common Stock",PLSVNET00019
SFD,SFD,Poland,WAR,PLN,"Common Stock",
SFG,"Silvano Fashion Group AS",Poland,WAR,PLN,"Common Stock",EE3100001751
SFS,"Sfinks Polska S.A.",Poland,WAR,PLN,"Common Stock",PLSFNKS00011
SGN,"Sygnity SA",Poland,WAR,PLN,"Common Stock",PLCMPLD00016
SGR,"Sadovaya Group S.A.",Poland,WAR,PLN,"Common Stock",LU0564351582
SHD,"Soho Development SA",Poland,WAR,PLN,"Common Stock",PLNFI0400015
SHG,"Starhedge SA",Poland,WAR,PLN,"Common Stock",PLHRDEX00021
SHO,"Shoper S.A.",Poland,WAR,PLN,"Common Stock",PLSHPR000021
SHY,"Sheepyard S.A.",Poland,WAR,PLN,"Common Stock",
SIM,"SimFabric S.A.",Poland,WAR,PLN,"Common Stock",
SIN,"Solar Innovation SA",Poland,WAR,PLN,"Common Stock",PLTABLO00012
SKA,"Fabryka Farb i Lakierów ŚNIEŻKA SA",Poland,WAR,PLN,"Common Stock",PLSNZKA00033
SKH,"Skarbiec Holding S.A.",Poland,WAR,PLN,"Common Stock",PLSKRBH00014
SKL,"Skyline Investment S.A.",Poland,WAR,PLN,"Common Stock",PLSKLNW00011
SKN,"Sakana SA",Poland,WAR,PLN,"Common Stock",PLSAKAN00010
SLT,"Saule Technologies S.A.",Poland,WAR,PLN,"Common Stock",
SLV,"Selvita S.A.",Poland,WAR,PLN,"Common Stock",PLSLVCR00029
SLZ,"SLEEPZ AG",Poland,WAR,PLN,"Common Stock",DE000A2E3772
SMT,"Simteract S.A.",Poland,WAR,PLN,"Common Stock",
SNG,SNG,Poland,WAR,PLN,"Common Stock",
SNK,"Stomil Sanok SA",Poland,WAR,PLN,"Common Stock",PLSTLSK00016
SNT,"Synektik S.A.",Poland,WAR,PLN,"Common Stock",PLSNKTK00019
SNW,"Sanwil Holding SA",Poland,WAR,PLN,"Common Stock",PLSANWL00012
SNX,"SUNEX S.A.",Poland,WAR,PLN,"Common Stock",PLSUNEX00013
SOL,"Solar Co. S.A.",Poland,WAR,PLN,"Common Stock",PLSLRCP00021
SON,"Sonel S.A.",Poland,WAR,PLN,"Common Stock",PLSONEL00011
SPH,"Sopharma AD",Poland,WAR,PLN,"Common Stock",BG11SOSOBT18
SPK,SPK,Poland,WAR,PLN,"Common Stock",
SPL,"Santander Bank Polska SA",Poland,WAR,PLN,"Common Stock",PLBZ00000044
SPR,"Spyrosoft S.A.",Poland,WAR,PLN,"Common Stock",
STA,"Starward Industries S.A.",Poland,WAR,PLN,"Common Stock",
STD,STD,Poland,WAR,PLN,"Common Stock",
STF,"Stalprofil S.A.",Poland,WAR,PLN,"Common Stock",PLSTLPF00012
STH,"STS Holding S.A.",Poland,WAR,PLN,"Common Stock",
STP,"Stalprodukt SA",Poland,WAR,PLN,"Common Stock",PLSTLPD00017
STS,"Satis Group S.A.",Poland,WAR,PLN,"Common Stock",PLADVPL00029
STX,"Stalexport Autostrady SA",Poland,WAR,PLN,"Common Stock",PLSTLEX00019
SUN,SUN,Poland,WAR,PLN,"Common Stock",
SVE,"Synthaverse S.A.",Poland,WAR,PLN,"Common Stock",PLBMDLB00018
SVRS,"Silvair Inc",Poland,WAR,PLN,"Common Stock",USU827061099
SWG,"Seco/Warwick SA",Poland,WAR,PLN,"Common Stock",PLWRWCK00013
SWT,"Skinwallet S.A.",Poland,WAR,PLN,"Common Stock",
SYG,"Sygnis SA",Poland,WAR,PLN,"Common Stock",PLMODE000019
SZR,Szar,Poland,WAR,PLN,"Common Stock",PLSZAR000018
T2P,"Termo2Power SA",Poland,WAR,PLN,"Common Stock",PLTRMPR00017
TAR,"Tarczynski S.A.",Poland,WAR,PLN,"Common Stock",PLTRCZN00016
TBL,"T-Bull S.A",Poland,WAR,PLN,"Common Stock",PLTBULL00024
TEN,"TEN SQUARE GAMES SA",Poland,WAR,PLN,"Common Stock",PLTSQGM00016
TGS,"True Games Syndicate S.A.",Poland,WAR,PLN,"Common Stock",
THD,THD,Poland,WAR,PLN,"Common Stock",
THG,"TenderHut S.A.",Poland,WAR,PLN,"Common Stock",
TIM,"Tim S.A.",Poland,WAR,PLN,"Common Stock",PLTIM0000016
TLG,TLG,Poland,WAR,PLN,"Common Stock",
TLS,"Telestrada SA",Poland,WAR,PLN,"Common Stock",
TLT,TLT,Poland,WAR,PLN,"Common Stock",
TLX,"Talex S.A",Poland,WAR,PLN,"Common Stock",PLTALEX00017
TME,TME,Poland,WAR,PLN,"Common Stock",
TMP,Telemedpl,Poland,WAR,PLN,"Common Stock",PLTLMDC00018
TMR,"Tatry Mountain",Poland,WAR,PLN,"Common Stock",SK1120010287
TOA,"Toya SA",Poland,WAR,PLN,"Common Stock",PLTOYA000011
TOR,"Torpol SA",Poland,WAR,PLN,"Common Stock",PLTORPL00016
TOS,TOS,Poland,WAR,PLN,"Common Stock",
TOW,"Tower Investments SA",Poland,WAR,PLN,"Common Stock",PLTWRNV00013
TPE,"Tauron Polska Energia SA",Poland,WAR,PLN,"Common Stock",PLTAURN00011
TRI,"Triton Development S.A.",Poland,WAR,PLN,"Common Stock",PLASMOT00030
TRK,"Trakcja PRKiI S.A.",Poland,WAR,PLN,"Common Stock",PLTRKPL00014
TRN,"Trans Polonia S.A.",Poland,WAR,PLN,"Common Stock",PLTRNSP00013
TRR,Termorex,Poland,WAR,PLN,"Common Stock",PLTRMRX00011
TSG,"TESGAS S.A.",Poland,WAR,PLN,"Common Stock",PLTSGS000019
TXN,TXN,Poland,WAR,PLN,"Common Stock",
U2K,"Unima 2000 Systemy Teleinformatyczne SA",Poland,WAR,PLN,"Common Stock",PLUNMST00014
UCG,"UniCredit S.p.A.",Poland,WAR,PLN,"Common Stock",IT0005239360
UFC,"Unified Factory S.A.",Poland,WAR,PLN,"Common Stock",
UFG,"UF Games S.A.",Poland,WAR,PLN,"Common Stock",
ULG,"Ultimate Games SA",Poland,WAR,PLN,"Common Stock",PLULTGM00013
ULM,"ULMA Construccion Polska SA",Poland,WAR,PLN,"Common Stock",PLBAUMA00017
UNF,"Unfold.vc ASI S.A.",Poland,WAR,PLN,"Common Stock",
UNI,"UNIBEP S.A.",Poland,WAR,PLN,"Common Stock",PLUNBEP00015
UNL,"United Label S.A.",Poland,WAR,PLN,"Common Stock",
UNT,"Unimot S.A",Poland,WAR,PLN,"Common Stock",PLUNMOT00013
UNV,"Universe S.A.",Poland,WAR,PLN,"Common Stock",
URT,"Urteste SA",Poland,WAR,PLN,"Common Stock",PLURTST00010
VAR,"Varsav Game Studios S.A.",Poland,WAR,PLN,"Common Stock",
VDS,"Vidis SA",Poland,WAR,PLN,"Common Stock",PLVIDIS00014
VEE,"Vee S.A.",Poland,WAR,PLN,"Common Stock",
VER,"MPL Verbum S.A.",Poland,WAR,PLN,"Common Stock",PLMPLVR00016
VGO,"Vigo System SA",Poland,WAR,PLN,"Common Stock",PLVIGOS00015
VIN,"Gielda Praw Majatkowych Vindexus S.A.",Poland,WAR,PLN,"Common Stock",PLVNDEX00013
VKT,Vakomtek,Poland,WAR,PLN,"Common Stock",PLVKMTK00015
VLT,"VOOLT S.A.",Poland,WAR,PLN,"Common Stock",
VOT,"Votum SA",Poland,WAR,PLN,"Common Stock",PLVOTUM00016
VOW,"Volkswagen AG Non-Vtg Pfd.",Poland,WAR,PLN,"Common Stock",
VOX,"Voxel S.A.",Poland,WAR,PLN,"Common Stock",PLVOXEL00014
VRB,Verbicom,Poland,WAR,PLN,"Common Stock",PLVRBCM00015
VRC,"Vercom SA",Poland,WAR,PLN,"Common Stock",PLVRCM000016
VRF,"VR Factory Games SA",Poland,WAR,PLN,"Common Stock",PLSFLND00011
VRG,"VRG SA",Poland,WAR,PLN,"Common Stock",PLVSTLA00011
VTL,"Vistal Gdynia",Poland,WAR,PLN,"Common Stock",PLVTLGD00010
VVD,"Vivid Games S.A",Poland,WAR,PLN,"Common Stock",PLVVDGM00014
WAS,"Wasko S.A.",Poland,WAR,PLN,"Common Stock",PLHOGA000041
WAT,"WAT S.A.",Poland,WAR,PLN,"Common Stock",
WHH,"Werth Holz SA",Poland,WAR,PLN,"Common Stock",PLWRTHL00016
WIK,"Wikana SA",Poland,WAR,PLN,"Common Stock",PLELPO000016
WIS,"Baltic Bridge S.A.",Poland,WAR,PLN,"Common Stock",PLARIEL00046
WLT,"Wielton S.A.",Poland,WAR,PLN,"Common Stock",PLWELTN00012
WOD,"Wodkan Wodociagow Kanalizacji",Poland,WAR,PLN,"Common Stock",PLWDKAN00016
WOJ,"Wojas SA",Poland,WAR,PLN,"Common Stock",PLWOJAS00014
WPL,"Wirtualna Polska Holding SA",Poland,WAR,PLN,"Common Stock",PLWRTPL00027
WPR,"Woodpecker.co. S.A.",Poland,WAR,PLN,"Common Stock",
WRE,"West Real Estate SA",Poland,WAR,PLN,"Common Stock",PLWREST00018
WRL,Wierzycl,Poland,WAR,PLN,"Common Stock",PLWRZCL00014
WTN,"Wittchen SA",Poland,WAR,PLN,"Common Stock",PLWTCHN00030
WWL,"WAWEL SA",Poland,WAR,PLN,"Common Stock",PLWAWEL00013
WXF,"Warimpex Finanz- und Beteiligungs AG",Poland,WAR,PLN,"Common Stock",AT0000827209
XBS,"XBS Pro Log SA",Poland,WAR,PLN,"Common Stock",PLPROLG00013
XPL,"Xplus SA",Poland,WAR,PLN,"Common Stock",PLXPLUS00013
XTB,"X Trade Brokers Dom Maklerski SA",Poland,WAR,PLN,"Common Stock",PLXTRDM00011
XTP,"XTPL SA",Poland,WAR,PLN,"Common Stock",PLXTPL000018
YAN,Neptis,Poland,WAR,PLN,"Common Stock",PLNEPTS00011
YOL,"Yolo SA",Poland,WAR,PLN,"Common Stock",PLPRESC00018
YOS,"Yoshi Innovation SA",Poland,WAR,PLN,"Common Stock",PLACREO00019
ZAL,"Zalando SE",Poland,WAR,PLN,"Common Stock",
ZAP,"Grupa Azoty Zaklady Azotowe Pulawy SA",Poland,WAR,PLN,"Common Stock",PLZAPUL00057
ZEN,"Zeneris Projekty S.A.",Poland,WAR,PLN,"Common Stock",
ZEP,"Zespol Elektrowni Patnow Adamow Konin SA",Poland,WAR,PLN,"Common Stock",PLZEPAK00012
ZMT,"Zamet Industry SA",Poland,WAR,PLN,"Common Stock",PLZAMET00010
ZRE,"Zaklad Budowy Maszyn ZREMB-CHOJNICE S.A.",Poland,WAR,PLN,"Common Stock",
ZRX,"Zortrax SA",Poland,WAR,PLN,"Common Stock",PLCRLNS00018
ZUE,"ZUE SA",Poland,WAR,PLN,"Common Stock",PLZUE0000015
ZUK,"Zaklady Urzadzen Kotlowych Staporkow SA",Poland,WAR,PLN,"Common Stock",PLSTPRK00019
