Code,Name,Country,Exchange,Currency,Type,Isin
ACAG,"Austriacard Holdings AG",Greece,AT,EUR,"Common Stock",
ADMIE,"Admie Holding S.A",Greece,AT,EUR,"Common Stock",GRS518003009
AEGN,"Aegean Airlines S.A.",Greece,AT,EUR,"Common Stock",GRS495003006
AETF,"ALPHA ETF FTSE Athex Large Cap Equity UCITS",Unknown,AT,EUR,ETF,
AKRIT,"Akritas S.A",Greece,AT,EUR,"Common Stock",GRS373173004
ALMY,"Alumil Aluminium Industry S.A",Greece,AT,EUR,"Common Stock",GRS289103004
ALPHA,"Alpha Services and Holdings S.A.",Greece,AT,EUR,"Common Stock",GRS015003007
ANDRO,"Alpha Trust Andromeda Investment Trust S.A",Greece,AT,EUR,"Common Stock",GRS433003019
ANEK,"Anonimi Naftiliaki Etaria Kritis S.A",Greece,AT,EUR,"Common Stock",GRS316003003
ANEP,"ANEK Lines S.A. Pfd. 90",Greece,AT,EUR,"Common Stock",
ANEPO,"ANEK Lines S.A. Pfd. 96",Greece,AT,EUR,"Common Stock",
ASCO,"As Commercial Industrial Company of Computers and Toys S.A.",Greece,AT,EUR,"Common Stock",GRS404003006
ASTAK,"Alpha Astika Akinita S.A",Greece,AT,EUR,"Common Stock",GRS331043000
ATEK,"Attica Publications S.A",Greece,AT,EUR,"Common Stock",GRS340263003
ATRUST,"Alpha Trust Mutual Fund and Alternative Investment Fund Management S.A",Greece,AT,EUR,"Common Stock",GRS504003021
ATTICA,"Attica Holdings S.A",Greece,AT,EUR,"Common Stock",GRS144003001
AVAX,"Avax S.A",Greece,AT,EUR,"Common Stock",GRS213213002
AVE,"AVE S.A.",Greece,AT,EUR,"Common Stock",GRS489003004
BELA,"Jumbo S.A.",Greece,AT,EUR,"Common Stock",GRS282183003
BIOKA,"Biokarpet S.A.",Greece,AT,EUR,"Common Stock",GRS165063009
BIOSK,"Unibios Holdings S.A",Greece,AT,EUR,"Common Stock",GRS084003011
BIOT,"Bioter S.A.",Greece,AT,EUR,"Common Stock",GRS135003002
BLEKEDROS,"BLE Kedros R.E.I.C.",Greece,AT,EUR,"Common Stock",
BRIQ,"BriQ Properties Real Estate Investment Company",Greece,AT,EUR,"Common Stock",GRS517003000
CAIROMEZ,"Cairo Mezz PLC",Greece,AT,EUR,"Common Stock",
CENER,"Cenergy Holdings SA",Greece,AT,EUR,"Common Stock",
CENTR,"Centric Holdings S.A",Greece,AT,EUR,"Common Stock",GRS449003003
CNLCAP,"CNL Capital EKES-AIFM",Greece,AT,EUR,"Common Stock",
CPI,"CPI Computer Peripherals International",Greece,AT,EUR,"Common Stock",GRS413313008
DIMAND,"Dimand S.A.",Greece,AT,EUR,"Common Stock",GRS525003000
DOMIK,"Domiki Kritis S.A.",Greece,AT,EUR,"Common Stock",GRS364253005
DOPPLER,"Doppler S.A.",Greece,AT,EUR,"Common Stock",
DROME,"Dromeas SA",Greece,AT,EUR,"Common Stock",GRS412503005
DUR,"Duros S.A.",Greece,AT,EUR,"Common Stock",GRS392193009
EEE,"Coca-Cola HBC AG",Greece,AT,EUR,"Common Stock",CH0198251305
EKTER,"Ekter SA",Greece,AT,EUR,"Common Stock",GRS222213001
ELBE,"Elve S.A",Greece,AT,EUR,"Common Stock",GRS240003012
ELGEK,"Elgeka S.A",Greece,AT,EUR,"Common Stock",GRS329503007
ELHA,"Elvalhalcor Hellenic Copper and Aluminium Industry S.A",Greece,AT,EUR,"Common Stock",GRS281003004
ELIN,"Elinoil Hellenic Petroleum Company S.A",Greece,AT,EUR,"Common Stock",GRS477003008
ELLAKTOR,"Ellaktor S.A",Greece,AT,EUR,"Common Stock",GRS191213008
ELPE,"Hellenic Petroleum S.A",Greece,AT,EUR,"Common Stock",GRS298343005
ELSTR,"Elastron S.A. - Steel Service Centers",Greece,AT,EUR,"Common Stock",GRS088003017
ELTON,"Elton International Trading Company S.A",Greece,AT,EUR,"Common Stock",GRS397003005
ENTER,"Entersoft SA",Greece,AT,EUR,"Common Stock",GRS503003014
EPIL,"Selected Textiles S.A.",Greece,AT,EUR,"Common Stock",GRS045003001
EPSIL,"Epsilon Net S.A",Greece,AT,EUR,"Common Stock",GRS498003003
ETE,"National Bank of Greece S.A",Greece,AT,EUR,"Common Stock",GRS003003035
EUROB,"Eurobank Ergasias Services and Holdings S.A.",Greece,AT,EUR,"Common Stock",GRS323003012
EUROC,"Euroconsultants SA",Greece,AT,EUR,"Common Stock",GRS439003005
EVROF,"Evrofarma SA",Greece,AT,EUR,"Common Stock",GRS385113006
EXAE,"Hellenic Exchanges - Athens Stock Exchange SA",Greece,AT,EUR,"Common Stock",GRS395363005
EYAPS,"Thessaloniki Water Supply & Sewerage Co S.A",Greece,AT,EUR,"Common Stock",GRS428003008
EYDAP,"Athens Water Supply and Sewerage Company S.A",Greece,AT,EUR,"Common Stock",GRS359353000
FIER,"Fieratex S.A.",Greece,AT,EUR,"Common Stock",GRS332073006
FLEXO,"Flexopack Société Anonyme Commercial and Industrial Plastics Company",Greece,AT,EUR,"Common Stock",GRS259003002
FOODL,"Foodlink A.E",Greece,AT,EUR,"Common Stock",
FOYRK,"Fourlis Holdings S.A.",Greece,AT,EUR,"Common Stock",GRS096003009
FRIGO,"Frigoglass S.A.I.C.",Greece,AT,EUR,"Common Stock",GRS346003007
GCMEZZ,"Galaxy Cosmos Mezz PLC",Greece,AT,EUR,"Common Stock",
GEBKA,"General Commercial & Industrial S.A",Greece,AT,EUR,"Common Stock",GRS137003000
GEKTERNA,"GEK TERNA Holdings Real Estate Construction S.A",Greece,AT,EUR,"Common Stock",GRS145003000
HAIDE,"Haidemenos S.A.",Greece,AT,EUR,"Common Stock",GRS350263000
HTO,"Hellenic Telecommunications Organization S.A",Greece,AT,EUR,"Common Stock",GRS260333000
IATR,"Athens Medical C.S.A.",Greece,AT,EUR,"Common Stock",GRS147233001
IKTIN,"Iktinos Hellas S.A. Greek Marble Industry Technical and Touristic Company",Greece,AT,EUR,"Common Stock",GRS372003004
ILYDA,"Ilyda SA",Greece,AT,EUR,"Common Stock",GRS475003018
INKAT,"Intracom Constructions Societe Anonyme Technical and Steel Constructions",Greece,AT,EUR,"Common Stock",GRS432003028
INLIF,"Interlife General Insurance S.A.",Greece,AT,EUR,"Common Stock",
INLOT,"Intralot S.A. Integrated Lottery Systems and Services",Greece,AT,EUR,"Common Stock",GRS343313003
INTEK,"Ideal Group S.A",Greece,AT,EUR,"Common Stock",GRS148003015
INTERCO,"Intercontinental International Real Estate Investment Company",Greece,AT,EUR,"Common Stock",GRS516003001
INTET,"Intertech S.A. Inter. Technologies",Greece,AT,EUR,"Common Stock",
INTRK,"Intracom Holdings S.A.",Greece,AT,EUR,"Common Stock",GRS087003000
KAMP,"Reds S.A",Greece,AT,EUR,"Common Stock",GRS106003007
KARE,"Karelia Tobacco Company Inc",Greece,AT,EUR,"Common Stock",GRS120131008
KEKR,"Kekrops S.A.",Greece,AT,EUR,"Common Stock",GRS070003009
KEPEN,"Flour Mills Kepenos S.A.",Greece,AT,EUR,"Common Stock",GRS438003006
KLM,"I.Kloukinas-I.Lappas S.A",Greece,AT,EUR,"Common Stock",GRS474003001
KORDE,"Kordellos Ch. Bros S.A",Greece,AT,EUR,"Common Stock",GRS384003000
KRI,"Kri-Kri Milk Industry S.A",Greece,AT,EUR,"Common Stock",GRS469003024
KTILA,"Ktima Kostas Lazaridis S.A",Greece,AT,EUR,"Common Stock",
KYLO,"Loulis Mills S.A.",Greece,AT,EUR,"Common Stock",GRS117123000
KYSA,"Flour Mills C. Sarantopoulos S.A.",Greece,AT,EUR,"Common Stock",GRS118003003
LAMDA,"LAMDA Development S.A.",Greece,AT,EUR,"Common Stock",GRS245213004
LAMPS,"Lampsa Hellenic Hotels S.A",Greece,AT,EUR,"Common Stock",GRS128003001
LANAC,"Lanakam S.A",Greece,AT,EUR,"Common Stock",GRS047063003
LAVI,"Lavipharm S.A",Greece,AT,EUR,"Common Stock",GRS246073001
LEBEK,"N. Leventeris S.A.",Greece,AT,EUR,"Common Stock",GRS090101007
LEBEP,"N. Leventeris S.A",Greece,AT,EUR,"Common Stock",
LIVAN,"Livanis Publications SA",Greece,AT,EUR,"Common Stock",GRS446003014
LOGISMOS,"Logismos Information Systems S.A",Greece,AT,EUR,"Common Stock",GRS461003006
MASTIHA,"Mediterra S.A.",Greece,AT,EUR,"Common Stock",
MATHIO,"Mathios Refractories S.A.",Greece,AT,EUR,"Common Stock",GRS374003002
MEDIC,"Medicon Hellas S.A.",Greece,AT,EUR,"Common Stock",GRS424003002
MERKO,"Mermeren Kombinat AD",Greece,AT,EUR,"Common Stock",
MEVA,"Mevaco S.A",Greece,AT,EUR,"Common Stock",GRS319103008
MIG,"Marfin Investment Group Holdings S.A",Greece,AT,EUR,"Common Stock",GRS314003005
MIN,"J. & B. Ladenis Bros S.A. - Minerva - Knitwear Manufacturing Company",Greece,AT,EUR,"Common Stock",
MODA,"N. Varveris-Moda Bagno S.A",Greece,AT,EUR,"Common Stock",GRS375183001
MOH,"Motor Oil (Hellas) Corinth Refineries S.A",Greece,AT,EUR,"Common Stock",GRS426003000
MOTO,"Emporiki Eisagogiki Aftokiniton Ditrohon kai Mihanon Thalassis Societe Anonyme",Greece,AT,EUR,"Common Stock",GRS488003005
MOYZK,"EL. D. Mouzakis S.A",Greece,AT,EUR,"Common Stock",GRS054061007
MPITR,"Bitros Holding S.A",Greece,AT,EUR,"Common Stock",GRS092103001
MYTIL,"Mytilineos S.A",Greece,AT,EUR,"Common Stock",GRS393503008
NAKAS,"Philippos Nakas S.A",Greece,AT,EUR,"Common Stock",GRS387503006
NAYP,"Nafpaktos Textile Industry S.A",Greece,AT,EUR,"Common Stock",GRS265061002
OLTH,"Thessaloniki Port Authority SA",Greece,AT,EUR,"Common Stock",GRS427003009
OLYMP,"Technical Olympic S.A",Greece,AT,EUR,"Common Stock",GRS403003007
OPAP,"Greek Organization of Football Prognostics S.A.",Greece,AT,EUR,"Common Stock",GRS419003009
OPTRON,"Optronics Technologies S.A.",Greece,AT,EUR,"Common Stock",
OTOEL,"Autohellas S.A.",Greece,AT,EUR,"Common Stock",GRS337003008
PAIR,"E. Pairis S.A",Greece,AT,EUR,"Common Stock",GRS275073005
PAP,"Papoutsanis S.A",Greece,AT,EUR,"Common Stock",GRS065003014
PERF,"Performance Technologies S.A.",Greece,AT,EUR,"Common Stock",
PETRO,"Petros Petropoulos AEBE",Greece,AT,EUR,"Common Stock",GRS345503007
PLAKR,"Plastika Kritis S.A.",Greece,AT,EUR,"Common Stock",GRS326003019
PLAT,"Thrace Plastics Holding and Commercial S.A",Greece,AT,EUR,"Common Stock",GRS239003007
PPA,"Piraeus Port Authority S.A",Greece,AT,EUR,"Common Stock",GRS470003013
PPC,"Public Power Corporation S.A.",Greece,AT,EUR,"Common Stock",GRS434003000
PRD,"Proodeftiki S.A.",Greece,AT,EUR,"Common Stock",GRS184003002
PREMIA,"Premia S.A.",Greece,AT,EUR,"Common Stock",GRS497003012
PRODEA,"Prodea Real Estate Investment Co.",Greece,AT,EUR,"Common Stock",GRS509003018
PROF,"Profile Systems & Software SA",Greece,AT,EUR,"Common Stock",GRS472003011
PROFK,"Pipe Works L. Girakian Profil S.A.",Greece,AT,EUR,"Common Stock",GRS095001004
PVMEZZ,"Phoenix Vega Mezz PLC",Greece,AT,EUR,"Common Stock",
QUAL,"Quality & Reliability A.B.E.E",Greece,AT,EUR,"Common Stock",GRS396003006
QUEST,"Quest Holdings S.A",Greece,AT,EUR,"Common Stock",GRS310003009
REALCONS,"Real Consulting IT Business Solutions S.A.",Greece,AT,EUR,"Common Stock",
REVOIL,"Revoil S.A",Greece,AT,EUR,"Common Stock",GRS473003002
SAR,"Gr. Sarantis S.A.",Greece,AT,EUR,"Common Stock",GRS204003008
SATOK,"Sato office and Houseware supplies S.A.",Greece,AT,EUR,"Common Stock",GRS156203002
SIDMA,"Sidma S.A. Steel Products",Greece,AT,EUR,"Common Stock",GRS484003009
SPACE,"Space Hellas SA",Greece,AT,EUR,"Common Stock",GRS402003008
SPIR,"The House of Agriculture Spiroy S.A.",Greece,AT,EUR,"Common Stock",GRS284183001
SUNMEZZ,"Sunrisemezz PLC",Greece,AT,EUR,"Common Stock",
TATT,"Attica Bank S.A.",Greece,AT,EUR,"Common Stock",GRS001003029
TELL,"Bank of Greece",Greece,AT,EUR,"Common Stock",GRS004013009
TENERGY,"Terna Energy Societe Anonyme Commercial Technical Company",Greece,AT,EUR,"Common Stock",GRS496003005
TITC,"Titan Cement International S.A.",Greece,AT,EUR,"Common Stock",BE0974338700
TPEIR,"Piraeus Financial Holdings S.A",Greece,AT,EUR,"Common Stock",GRS014003032
TRASTOR,"Trastor Real Estate Investment Company SA",Greece,AT,EUR,"Common Stock",GRS487003006
VARNH,"Varvaressos S.A. European Spinning Mills",Greece,AT,EUR,"Common Stock",GRS344001003
VIO,"Viohalco S.A",Greece,AT,EUR,"Common Stock",BE0974271034
VIS,"VIS Containers Manufacturing Co. Ltd",Greece,AT,EUR,"Common Stock",GRS124153008
VOSYS,"Vogiatzoglou Systems S.A",Greece,AT,EUR,"Common Stock",GRS407183003
XYLEK,"Interwood-Xylemporia A.T.E.N.E.",Greece,AT,EUR,"Common Stock",GRS131003006
