Code,Name,Country,Exchange,Currency,Type,Isin
AALLON,"Aallon Group Oyj",Finland,HE,EUR,"Common Stock",FI4000369608
ACG1V,"Aspocomp Group Oyj",Finland,HE,EUR,"Common Stock",FI0009008080
ADMCM,"Admicom Oyj",Finland,HE,EUR,"Common Stock",FI4000251830
ADMIN,"Administer Oyj",Finland,HE,EUR,"Common Stock",
AFAGR,"Afarak Group Oyj",Finland,HE,EUR,"Common Stock",FI0009800098
AIFORIA,"Aiforia Technologies Oyj",Finland,HE,EUR,"Common Stock",
AKTIA,"Aktia Bank Abp",Finland,HE,EUR,"Common Stock",FI4000058870
ALBAV,"Alandsbanken Abp A",Finland,HE,EUR,"Common Stock",FI0009000103
ALBBV,"Alandsbanken Abp B",Finland,HE,EUR,"Common Stock",FI0009001127
ALEX,"Alexandria Group Oyj",Finland,HE,EUR,"Common Stock",
ALISA,"Alisa Pankki Oyj",Finland,HE,EUR,"Common Stock",FI4000170915
ALMA,"Alma Media Oyj",Finland,HE,EUR,"Common Stock",FI0009013114
ANORA,"Anora Group Oyj",Finland,HE,EUR,"Common Stock",FI4000292438
APETIT,"Apetit Oyj",Finland,HE,EUR,"Common Stock",FI0009003503
ASPO,"Aspo Oyj",Finland,HE,EUR,"Common Stock",FI0009008072
ASUNTO,"Asuntosalkku Oyj",Finland,HE,EUR,"Common Stock",
ATRAV,"Atria Oyj A",Finland,HE,EUR,"Common Stock",FI0009006548
BETOLAR,"Betolar Oyj",Finland,HE,EUR,"Common Stock",
BIOBV,"Biohit Oyj B",Finland,HE,EUR,"Common Stock",FI0009005482
BITTI,"Bittium Oyj",Finland,HE,EUR,"Common Stock",FI0009007264
BONEH,"BBS-Bioactive Bone Substitutes Oyj",Finland,HE,EUR,"Common Stock",FI4000260583
BOREO,"Boreo Oyj",Finland,HE,EUR,"Common Stock",FI0009900724
BRETEC,"Bioretec Oy",Finland,HE,EUR,"Common Stock",
CAPMAN,"CapMan Oyj B",Finland,HE,EUR,"Common Stock",FI0009009377
CAV1V,"Caverion Ord",Finland,HE,EUR,"Common Stock",FI4000062781
CGCBV,"Cargotec Oyj",Finland,HE,EUR,"Common Stock",FI0009013429
CONSTI,"Consti Yhtiot Oy",Finland,HE,EUR,"Common Stock",FI4000178256
CTH1V,"Componenta Corp",Finland,HE,EUR,"Common Stock",FI4000476783
CTY1S,"Citycon Oyj",Finland,HE,EUR,"Common Stock",FI4000369947
DETEC,"Detection Technology OY",Finland,HE,EUR,"Common Stock",FI4000115464
DIGIA,"Digia Oyj",Finland,HE,EUR,"Common Stock",FI0009007983
DIGIGR,"Digitalist Group Oyj",Finland,HE,EUR,"Common Stock",FI0009008007
DOV1V,"Dovre Group Plc",Finland,HE,EUR,"Common Stock",FI0009008098
DUELL,"Duell Oyj",Finland,HE,EUR,"Common Stock",
DWF,"Digital Workforce Services Oyj",Finland,HE,EUR,"Common Stock",
EAGLE,"Eagle Filters Group Oyj",Finland,HE,EUR,"Common Stock",
ECOUP,"EcoUp Oyj",Finland,HE,EUR,"Common Stock",
EEZY,"Eezy PLC",Finland,HE,EUR,"Common Stock",FI4000322326
EFECTE,"Efecte Oyj",Finland,HE,EUR,"Common Stock",FI4000282868
ELEAV,"Elecster Oyj A",Finland,HE,EUR,"Common Stock",FI0009900658
ELISA,"Elisa Oyj",Finland,HE,EUR,"Common Stock",FI0009007884
ENENTO,"Enento Group Plc",Finland,HE,EUR,"Common Stock",FI4000123195
EQV1V,"eQ Oyj",Finland,HE,EUR,"Common Stock",FI0009009617
ERIBR,"Telefonaktiebolaget LM Ericsson Class B",Finland,HE,EUR,"Common Stock",SE0000108656
ESENSE,"Enersense International Oyj",Finland,HE,EUR,"Common Stock",FI4000301585
ETTE,"Etteplan Oyj",Finland,HE,EUR,"Common Stock",FI0009008650
EVLI,"Evli Pankki Oyj",Finland,HE,EUR,"Common Stock",FI4000513437
EXL1V,"Exel Composites Oyj",Finland,HE,EUR,"Common Stock",FI0009007306
FIA1S,"Finnair Oyj",Finland,HE,EUR,"Common Stock",FI0009003230
FIFAX,"Fifax Abp",Finland,HE,EUR,"Common Stock",
FODELIA,Fodelia,Finland,HE,EUR,"Common Stock",FI4000400262
FONDIA,"Fondia Oyj",Finland,HE,EUR,"Common Stock",FI4000232913
FORTUM,"Fortum Oyj",Finland,HE,EUR,"Common Stock",FI0009007132
FSECURE,"F-SECURE OYJ",Finland,HE,EUR,"Common Stock",FI4000519236
FSKRS,"Fiskars Oyj Abp",Finland,HE,EUR,"Common Stock",FI0009000400
GLA1V,"Glaston Oyj Abp",Finland,HE,EUR,"Common Stock",FI4000369657
GOFORE,"Gofore Oyj",Finland,HE,EUR,"Common Stock",FI4000283130
HARVIA,"Harvia Oyj",Finland,HE,EUR,"Common Stock",FI4000306873
HEALTH,"Nightingale Health Oyj B",Finland,HE,EUR,"Common Stock",
HEEROS,"Heeros Oyj",Finland,HE,EUR,"Common Stock",FI4000127527
HKSAV,"HKScan Oyj A",Finland,HE,EUR,"Common Stock",FI0009006308
HONBS,"Honkarakenne Oyj B",Finland,HE,EUR,"Common Stock",FI0009900104
HRTIS,"Herantis Pharma Oyj",Finland,HE,EUR,"Common Stock",FI4000087861
HUH1V,"Huhtamaki Oyj",Finland,HE,EUR,"Common Stock",FI0009000459
ICP1V,"Incap Oyj",Finland,HE,EUR,"Common Stock",FI0009006407
IFA1V,"Innofactor Oyj",Finland,HE,EUR,"Common Stock",FI0009007637
ILKKA1,"Ilkka Oyj 1",Finland,HE,EUR,"Common Stock",
ILKKA2,"Ilkka Oyj 2",Finland,HE,EUR,"Common Stock",
INDERES,"Inderes Oyj",Finland,HE,EUR,"Common Stock",FI4000348651
INVEST,"Investors House",Finland,HE,EUR,"Common Stock",FI0009900559
KAMUX,"Kamux Suomi Oy",Finland,HE,EUR,"Common Stock",FI4000206750
KCR,"Konecranes Plc",Finland,HE,EUR,"Common Stock",FI0009005870
KELAS,"Kesla Oyj A",Finland,HE,EUR,"Common Stock",FI0009900237
KEMIRA,"Kemira Oyj",Finland,HE,EUR,"Common Stock",FI0009004824
KEMPOWR,"Kempower Oyj",Finland,HE,EUR,"Common Stock",FI4000513593
KESKOA,"Kesko Oyj",Finland,HE,EUR,"Common Stock",FI0009007900
KESKOB,"Kesko Oyj",Finland,HE,EUR,"Common Stock",FI0009000202
KHG,"KH Group Oyj",Finland,HE,EUR,"Common Stock",FI0009008924
KNEBV,"KONE Oyj",Finland,HE,EUR,"Common Stock",FI0009013403
KOJAMO,Kojamo,Finland,HE,EUR,"Common Stock",FI4000312251
KOSKI,Koskisen,Finland,HE,EUR,"Common Stock",
KREATE,"Kreate Group Oyj",Finland,HE,EUR,"Common Stock",FI4000476866
KSLAV,"Keskisuomalainen Oyj A",Finland,HE,EUR,"Common Stock",FI0009007546
LAMOR,"Lamor Corporation Oyj",Finland,HE,EUR,"Common Stock",FI4000512488
LAPWALL,"LapWall Oyj",Finland,HE,EUR,"Common Stock",FI4000511597
LAT1V,"Lassila &Tikanoja Oyj",Finland,HE,EUR,"Common Stock",FI0009010854
LEADD,"LeadDesk Oyj",Finland,HE,EUR,"Common Stock",
LEHTO,"Lehto Group Oyj",Finland,HE,EUR,"Common Stock",FI4000081138
LEMON,"Lemonsoft Oyj",Finland,HE,EUR,"Common Stock",FI4000512678
LIFA,"Lifa Air Oyj",Finland,HE,EUR,"Common Stock",
LL1SPAC,"Lifeline SPAC I Oyj",Finland,HE,EUR,"Common Stock",
LOIHDE,"Loihde Oyj",Finland,HE,EUR,"Common Stock",
MARAS,"Martela Oyj A",Finland,HE,EUR,"Common Stock",FI0009900385
MEKKO,"Marimekko Oyj",Finland,HE,EUR,"Common Stock",FI0009007660
MERIH,"Meriaura Group Oyj",Finland,HE,EUR,"Common Stock",
MERUS,"Merus Power Oyj",Finland,HE,EUR,"Common Stock",
METSA,"Metsa Board Oyj A",Finland,HE,EUR,"Common Stock",FI0009000640
METSB,"Metsa Board Oyj B",Finland,HE,EUR,"Common Stock",FI0009000665
METSO,"Metso Oyj",Finland,HE,EUR,"Common Stock",FI0009014575
METSO_old,"Neles Oyj",Finland,HE,EUR,"Common Stock",FI0009007835
MODU,"Modulight Oyj",Finland,HE,EUR,"Common Stock",
MUSTI,"Musti Group Oyj",Finland,HE,EUR,"Common Stock",FI4000410758
NANOFH,"Nanoform Finland Plc",Finland,HE,EUR,"Common Stock",FI4000330972
NDA-FI,"Nordea Bank Abp",Finland,HE,EUR,"Common Stock",FI4000297767
NESTE,"Neste Oil Oyj",Finland,HE,EUR,"Common Stock",FI0009013296
NETUM,"Netum Group Oyj",Finland,HE,EUR,"Common Stock",
NIXU,"Nixu Oyj",Finland,HE,EUR,"Common Stock",FI0009008387
NLG1V,"Nurminen Logistics Oyj",Finland,HE,EUR,"Common Stock",FI0009900187
NOHO,"NoHo Partners Oyj",Finland,HE,EUR,"Common Stock",FI4000064332
NOKIA,"Nokia Oyj",Finland,HE,EUR,"Common Stock",FI0009000681
NORDLIG,"Nordic Lights Group Oyj",Finland,HE,EUR,"Common Stock",
NORRH,"Norrhydro Group Oyj",Finland,HE,EUR,"Common Stock",
NXTMH,"Nexstim Oyj",Finland,HE,EUR,"Common Stock",FI4000506811
NYAB,"NYAB Oyj",Finland,HE,EUR,"Common Stock",
OKDAV,"Oriola-KD Oyj A",Finland,HE,EUR,"Common Stock",FI0009014344
OKDBV,"Oriola-KD Oyj B",Finland,HE,EUR,"Common Stock",FI0009014351
OLVAS,"Olvi Oyj A",Finland,HE,EUR,"Common Stock",FI0009900401
OMASP,"Oma Saastopankki Oyj",Finland,HE,EUR,"Common Stock",FI4000306733
OPTOMED,Optomed PLC,Finland,HE,EUR,"Common Stock",FI4000410881
ORNAV,"Orion Oyj A",Finland,HE,EUR,"Common Stock",FI0009014369
ORNBV,"Orion Oyj B",Finland,HE,EUR,"Common Stock",FI0009014377
ORTHEX,"Orthex Oyj",Finland,HE,EUR,"Common Stock",FI4000480504
OUT1V,"Outokumpu Oyj",Finland,HE,EUR,"Common Stock",FI0009002422
OVARO,"Ovaro Kiinteistosijoitus Oyj",Finland,HE,EUR,"Common Stock",FI4000349113
PAMPALO,"Endomines Finland Oyj",Finland,HE,EUR,"Common Stock",FI4000508023
PARTNE1,"Partnera Oyj",Finland,HE,EUR,"Common Stock",FI0009009559
PIHLIS,"Pihlajalinna Oy",Finland,HE,EUR,"Common Stock",FI4000092556
PIIPPO,"Piippo OYJ",Finland,HE,EUR,"Common Stock",FI4000123070
PNA1V,"Panostaja Oyj",Finland,HE,EUR,"Common Stock",FI0009800379
PON1V,"Ponsse Oyj 1",Finland,HE,EUR,"Common Stock",FI0009005078
PUMU,"PunaMusta Media Oyj",Finland,HE,EUR,"Common Stock",FI0009900468
PURMO,"Purmo Group Oyj",Finland,HE,EUR,"Common Stock",FI4000507488
PUUILO,"Puuilo Oyj",Finland,HE,EUR,"Common Stock",FI4000507124
QPR1V,"QPR Software Oyj",Finland,HE,EUR,"Common Stock",FI0009008668
QTCOM,"Qt Group Oyj",Finland,HE,EUR,"Common Stock",FI4000198031
RAIKV,"Raisio Oyj",Finland,HE,EUR,"Common Stock",FI0009800395
RAIVV,"Raisio Oyj Vaihto-osake",Finland,HE,EUR,"Common Stock",FI0009002943
RAP1V,"Rapala VMC Oyj",Finland,HE,EUR,"Common Stock",FI0009007355
RAUTE,"Raute Oyj",Finland,HE,EUR,"Common Stock",FI0009004741
REG1V,"Revenio Group Corporation",Finland,HE,EUR,"Common Stock",FI0009010912
REKA,"Reka Industrial Oyj",Finland,HE,EUR,"Common Stock",FI0009800296
RELAIS,"Relais Group Oyj",Finland,HE,EUR,"Common Stock",FI4000391487
REMEDY,"Remedy Entertainment Oyj",Finland,HE,EUR,"Common Stock",FI4000251897
ROBIT,"Robit Oyj",Finland,HE,EUR,"Common Stock",FI4000150016
ROVIO,"Rovio Entertainment",Finland,HE,EUR,"Common Stock",FI4000266804
RUSH,"Rush Factory Oyj",Finland,HE,EUR,"Common Stock",
SAGCV,"Saga Furs Oyj C",Finland,HE,EUR,"Common Stock",FI0009800551
SAMPO,"Sampo Oyj A",Finland,HE,EUR,"Common Stock",FI0009003305
SANOMA,"Sanoma Oyj",Finland,HE,EUR,"Common Stock",FI0009007694
SAVOH,"Savo Solar Oy",Finland,HE,EUR,"Common Stock",FI4000425848
SCANFL,"Scanfil Oyj",Finland,HE,EUR,"Common Stock",FI4000029905
SIILI,"Siili Solutions Oyj",Finland,HE,EUR,"Common Stock",FI4000043435
SITOWS,"Sitowise Group Oyj",Finland,HE,EUR,"Common Stock",FI4000480215
SLGOMXH25,"Seligson & Co OMX Helsinki 25",Finland,HE,EUR,ETF,FI0008805627
SOLTEQ,"Solteq PLC",Finland,HE,EUR,"Common Stock",FI0009007991
SOLWERS,"Solwers Oyj",Finland,HE,EUR,"Common Stock",
SOSI,"Sotkamo Silver AB",Finland,HE,EUR,"Common Stock",SE0001057910
SOSI1,"Sotkamo Silver AB",Finland,HE,EUR,"Common Stock",SE0001057910
SPINN,"Spinnova Oy",Finland,HE,EUR,"Common Stock",FI4000507595
SPRING,"Springvest Oyj",Finland,HE,EUR,"Common Stock",
SRV1V,"SRV Group plc",Finland,HE,EUR,"Common Stock",FI0009015309
SSABAH,"SSAB AB ser. A",Finland,HE,EUR,"Common Stock",SE0000171100
SSABBH,"SSAB AB ser. B",Finland,HE,EUR,"Common Stock",SE0000120669
SSH1V,"SSH Communications Security Oyj",Finland,HE,EUR,"Common Stock",FI0009008270
STEAV,"Stora Enso Oyj A",Finland,HE,EUR,"Common Stock",FI0009005953
STERV,"Stora Enso Oyj R",Finland,HE,EUR,"Common Stock",FI0009005961
STOCKA,"Stockmann Oyj Abp B",Finland,HE,EUR,"Common Stock",FI0009000251
SUY1V,"Suominen Oyj",Finland,HE,EUR,"Common Stock",FI0009010862
TAALA,"Taaleri Oyj",Finland,HE,EUR,"Common Stock",FI4000062195
TALLINK,"AS Tallink Grupp",Finland,HE,EUR,ETF,FI4000349378
TAMTRON,"Tamtron Group Oyj",Finland,HE,EUR,"Common Stock",
TELIA1,"Telia Company AB",Finland,HE,EUR,"Common Stock",SE0000667925
TEM1V,"Tecnotree Oyj",Finland,HE,EUR,"Common Stock",FI0009010227
TIETO,"TietoEVRY Corp",Finland,HE,EUR,"Common Stock",FI0009000277
TITAN,"Titanium Oyj",Finland,HE,EUR,"Common Stock",FI4000270350
TLT1V,"Teleste Oyj",Finland,HE,EUR,"Common Stock",FI0009007728
TNOM,"Talenom Oyj",Finland,HE,EUR,"Common Stock",FI4000153580
TOIVO,"Toivo Group Oyj",Finland,HE,EUR,"Common Stock",FI4000496716
TOKMAN,"Tokmanni Group Oyj",Finland,HE,EUR,"Common Stock",FI4000197934
TRH1V,"Trainers House Oyj",Finland,HE,EUR,"Common Stock",FI4000519202
TTALO,"Terveystalo Oy",Finland,HE,EUR,"Common Stock",FI4000252127
TULAV,"Tulikivi Oyj A",Finland,HE,EUR,"Common Stock",FI0009900583
TYRES,"Nokian Renkaat Oyj",Finland,HE,EUR,"Common Stock",FI0009005318
UNITED,"United Bankers Oyj",Finland,HE,EUR,"Common Stock",FI4000081427
UPM,"UPM-Kymmene Oyj",Finland,HE,EUR,"Common Stock",FI0009005987
UPONOR,"Uponor Oyj",Finland,HE,EUR,"Common Stock",FI0009002158
VAIAS,"Vaisala Oyj A",Finland,HE,EUR,"Common Stock",FI0009900682
VALMT,"Valmet Oyj",Finland,HE,EUR,"Common Stock",FI4000074984
VALOE,"Valoe Corp",Finland,HE,EUR,"Common Stock",FI0009006951
VERK,"Verkkokauppa.com Oyj",Finland,HE,EUR,"Common Stock",FI4000049812
VIAFIN,"Viafin Service Oyj",Finland,HE,EUR,"Common Stock",
VIK1V,"Viking Line Abp",Finland,HE,EUR,"Common Stock",FI0009005250
VINCIT,"Vincit Group Oyj",Finland,HE,EUR,"Common Stock",FI4000185533
WETTERI,Wetteri,Finland,HE,EUR,"Common Stock",
WITH,WITHSECURE,Finland,HE,EUR,"Common Stock",FI4000519228
WITTED,"Witted Megacorp Oyj",Finland,HE,EUR,"Common Stock",
WRT1V,"Wartsila Oyj Abp",Finland,HE,EUR,"Common Stock",FI0009003727
WUF1V,"Wulff-Yhtiot Oy",Finland,HE,EUR,"Common Stock",FI0009008452
YIT,"YIT Oyj",Finland,HE,EUR,"Common Stock",FI0009800643
