Code,Name,Country,Exchange,Currency,Type,Isin
AAPL,"Apple Inc",Peru,LIM,USD,"Common Stock",US0378331005
AENZAC1,"Aenza S.A.A.",Peru,LIM,PEN,"Common Stock",
ALICORC1,"Alicorp S.A.A.",Peru,LIM,PEN,"Common Stock",
ATACOBC1,"Compania Minera Atacocha S.A.A. B",Peru,LIM,PEN,"Common Stock",
ATCU,"Alta Copper Corp.",Peru,LIM,PEN,"Common Stock",
AUSTRAC1,"Austral Group S.A.A.",Peru,LIM,PEN,"Common Stock",
BAC,"Bank of America Corp.",Peru,LIM,USD,"Common Stock",
BACKUBC1,"Union de Cervecerias Peruanas Backus y Johnston S.A. Pfd. B",Peru,LIM,PEN,"Common Stock",
BACKUSI1,"Union de Cervecerias Peruanas Backus y Johnston S.A.",Peru,LIM,PEN,"Common Stock",
BAP,"Credicorp Ltd.",Peru,LIM,USD,"Common Stock",BMG2519Y1084
BBVAC1,"Bank BBVA Peru",Peru,LIM,PEN,"Common Stock",
BROCALC1,"Sociedad Minera el Brocal S.A.A.",Peru,LIM,PEN,"Common Stock",
BVN,"Compania de Minas Buenaventura S.A. ADR",Peru,LIM,USD,"Common Stock",
C,"Citigroup Inc.",Peru,LIM,USD,"Common Stock",
CARTAVC1,"Cartavio S.A.A",Peru,LIM,PEN,"Common Stock",
CASAGRC1,"Casa Grande S.A.A.",Peru,LIM,PEN,"Common Stock",
CORAREC1,"Corporacion Aceros Arequipa S.A.",Peru,LIM,PEN,"Common Stock",
CORAREI1,"Corporacion Aceros Arequipa S.A. (I share)",Peru,LIM,PEN,"Common Stock",
CPACASC1,"Cementos Pacasmayo S.A.A.",Peru,LIM,PEN,"Common Stock",
CRECAPC1,"Credicorp Capital Peru SAA",Peru,LIM,PEN,"Common Stock",
CREDITC1,"Banco de Credito del Peru",Peru,LIM,PEN,"Common Stock",
CVERDEC1,"Sociedad Minera Cerro Verde S.A.A.",Peru,LIM,PEN,"Common Stock",
DIS,"The Walt Disney Company",Peru,LIM,USD,"Common Stock",US2546871060
ENDISPC1,"Enel Distribucion Peru S.A.A.",Peru,LIM,PEN,"Common Stock",
ENGEPEC1,"Enel Generacion Peru S.A.A.",Peru,LIM,PEN,"Common Stock",
ENGIEC1,"ENGIE Energia Peru S.A.",Peru,LIM,PEN,"Common Stock",
EXALMC1,"Pesquera Exalmar S.A.A.",Peru,LIM,PEN,"Common Stock",
FERREYC1,"Ferreycorp S.A.A.",Peru,LIM,PEN,"Common Stock",
FIBPRIME,"BBVA Sociedad Titulizadora S.A.",Peru,LIM,PEN,"Common Stock",
HBM,"Hudbay Minerals Inc.",Peru,LIM,USD,"Common Stock",
HIDRA2C1,"Empresa Regional de Servicio Publico de Electricidad Electronorte Medio S.A.-Hidrandina",Peru,LIM,PEN,"Common Stock",
INRETC1,"InRetail Peru Corp.",Peru,LIM,PEN,"Common Stock",
INTC,"Intel Corporation",Peru,LIM,USD,"Common Stock",US4581401001
INTERBC1,"Banco Internacional del Peru S.A.A.-Interbank",Peru,LIM,PEN,"Common Stock",
JPM,"JPMorgan Chase & Co.",Peru,LIM,USD,"Common Stock",
LUSURC1,"Luz del Sur S.A.A.",Peru,LIM,PEN,"Common Stock",
MINCORI1,"Sociedad Minera Corona S.A. (I Share)",Peru,LIM,PEN,"Common Stock",
MINSURI1,"Minsur S.A.",Peru,LIM,PEN,"Common Stock",
MIRL,"Minera IRL Ltd.",Peru,LIM,USD,"Common Stock",
MOROCOI1,"Compania Minera San Ignacio de Morococha S.A.",Peru,LIM,PEN,"Common Stock",
NEXAPEC1,"Nexa Resources Peru S.A.A.",Peru,LIM,PEN,"Common Stock",
PFE,"Pfizer Inc",Peru,LIM,USD,"Common Stock",
PML,"Panoro Minerals Ltd.",Peru,LIM,USD,"Common Stock",
PODERC1,"Compania Minera Poderosa S.A.",Peru,LIM,PEN,"Common Stock",
RIMSEGC1,"Rimac Seguros y Reaseguros",Peru,LIM,PEN,"Common Stock",
SCCO,"Southern Copper Corp.",Peru,LIM,USD,"Common Stock",
SCOTIAC1,"Scotiabank Peru S.A.A.",Peru,LIM,PEN,"Common Stock",
SIDERC1,"Empresa Siderurgica del Peru S.A.A.",Peru,LIM,PEN,"Common Stock",
SNJUANI1,"Cerveceria San Juan S.A. (I share)",Peru,LIM,PEN,"Common Stock",
TEF,"Telefónica S.A.",Peru,LIM,USD,"Common Stock",
UNACEMC1,"Union Andina de Cementos S.A.A.",Peru,LIM,PEN,"Common Stock",
VOLCABC1,"Volcan Compania Minera S.A.A. Series B",Peru,LIM,PEN,"Common Stock",
