Code,Name,Country,Exchange,Currency,Type,Isin
2020,"2020 Bulkers Ltd",Norway,OL,NOK,"Common Stock",BMG9156K1018
5PG,"5Th Planet Games A/S",Norway,OL,NOK,"Common Stock",DK0060945467
AASB,"Aasen Sparebank",Norway,OL,NOK,"Common Stock",NO0010672181
ABG,"ABG Sundal Collier Holding ASA",Norway,OL,NOK,"Common Stock",NO0003021909
ABL,"ABL Group ASA",Norway,OL,NOK,"Common Stock",
ABS,"Arctic Bioscience AS",Norway,OL,NOK,"Common Stock",
ABTEC,"Aqua Bio Technology ASA",Norway,OL,NOK,"Common Stock",
ACC,"Aker Carbon Capture ASA",Norway,OL,NOK,"Common Stock",
ACR,"Axactor SE",Norway,OL,NOK,"Common Stock",NO0010840515
ADE,"Adevinta ASA",Norway,OL,NOK,"Common Stock",NO0010844038
ADS,"ADS Maritime Holding Plc",Norway,OL,NOK,"Common Stock",
AEGA,"Aega ASA",Norway,OL,NOK,"Common Stock",NO0010626559
AFG,"AF Gruppen ASA",Norway,OL,NOK,"Common Stock",NO0003078107
AFISH,"Arctic Fish Holding AS",Norway,OL,NOK,"Common Stock",
AFK,"Arendals Fossekompani ASA",Norway,OL,NOK,"Common Stock",NO0003572802
AGAS,"Avance Gas Holding Ltd",Norway,OL,NOK,"Common Stock",BMG067231032
AGLX,"Agilyx AS",Norway,OL,NOK,"Common Stock",NO0010872468
AIRX,Airthings ASA,Norway,OL,NOK,"Common Stock",NO0010895568
AKAST,"Akastor ASA",Norway,OL,NOK,"Common Stock",NO0010215684
AKBM,"Aker Biomarine AS",Norway,OL,NOK,"Common Stock",NO0010886625
AKER,"Aker ASA",Norway,OL,NOK,"Common Stock",NO0010234552
AKH,"Aker Horizons AS",Norway,OL,NOK,"Common Stock",NO0010921232
AKOBO,"Akobo Minerals AB (publ)",Norway,OL,NOK,"Common Stock",SE0015193412
AKRBP,"Aker BP ASA",Norway,OL,NOK,"Common Stock",NO0010345853
AKSO,"Aker Solutions ASA",Norway,OL,NOK,"Common Stock",NO0010716582
AKVA,"Akva Group",Norway,OL,NOK,"Common Stock",NO0003097503
ALNG,"Awilco LNG ASA",Norway,OL,NOK,"Common Stock",NO0010607971
ALT,"Alternus Energy Group PLC",Norway,OL,NOK,"Common Stock",
AMSC,"American Shipping Company ASA",Norway,OL,NOK,"Common Stock",NO0010272065
ANDF,"Andfjord Salmon AS",Norway,OL,NOK,"Common Stock",NO0010829765
AQUIL,"Aquila Holdings ASA",Norway,OL,NOK,"Common Stock",
ARCH,"Archer Limited",Norway,OL,NOK,"Common Stock",
ARGEO,"Argeo AS",Norway,OL,NOK,"Common Stock",NO0010946593
ARR,"Arribatec Solutions ASA",Norway,OL,NOK,"Common Stock",NO0003108102
ASA,"Atlantic Sapphire As",Norway,OL,NOK,"Common Stock",NO0010768500
ASTK,Asetek,Norway,OL,NOK,"Common Stock",DK0060477263
ASTRO,"Astrocast SA",Norway,OL,NOK,"Common Stock",CH1122548808
ATEA,"Atea ASA",Norway,OL,NOK,"Common Stock",NO0004822503
AURA,"Aurora Eiendom A.S.",Norway,OL,NOK,"Common Stock",
AURG,"Aurskog Sparebank",Norway,OL,NOK,"Common Stock",NO0006001601
AUSS,"Austevoll Seafood ASA",Norway,OL,NOK,"Common Stock",NO0010073489
AUTO,"AutoStore Holdings Ltd",Norway,OL,NOK,"Common Stock",BMG0670A1099
AWDR,"Awilco Drilling PLC",Norway,OL,NOK,"Common Stock",GB00B5LJSC86
AYFIE,"Ayfie Group AS",Norway,OL,NOK,"Common Stock",NO0010793243
AZT,"Arcticzymes Technologies ASA",Norway,OL,NOK,"Common Stock",NO0010014632
B2H,"B2holding ASA",Norway,OL,NOK,"Common Stock",NO0010633951
BAKKA,"P/f Bakkafrost",Norway,OL,NOK,"Common Stock",FO0000000179
BALT,"Baltic Sea Properties AS",Norway,OL,NOK,"Common Stock",NO0010810476
BARRA,"Barramundi Group Ltd",Norway,OL,NOK,"Common Stock",SGXZ33675836
BCS,"Bergen Carbon Solutions A/S",Norway,OL,NOK,"Common Stock",NO0010950249
BELCO,Belships,Norway,OL,NOK,"Common Stock",NO0003094104
BEWI,Bewi Asa,Norway,OL,NOK,"Common Stock",NO0010890965
BFISH,"Biofish Holding AS",Norway,OL,NOK,"Common Stock",NO0010955198
BGBIO,"Bergenbio ASA",Norway,OL,NOK,"Common Stock",NO0010650013
BIEN,"Bien Sparebank ASA",Norway,OL,NOK,"Common Stock",
BMA,Byggma,Norway,OL,NOK,"Common Stock",NO0003087603
BMK,"Benchmark Holdings PLC",Norway,OL,NOK,"Common Stock",
BNOR,"BlueNord ASA",Norway,OL,NOK,"Common Stock",
BONHR,Bonheur,Norway,OL,NOK,"Common Stock",NO0003110603
BOR,"Borgestad A",Norway,OL,NOK,"Common Stock",NO0003111700
BORR,"Borr Drilling Ltd",Norway,OL,NOK,"Common Stock",BMG1466R1732
BOUV,Bouvet,Norway,OL,NOK,"Common Stock",NO0010360266
BRG,"Borregaard ASA",Norway,OL,NOK,"Common Stock",NO0010657505
BSP,"Black Sea Property A/S",Norway,OL,NOK,"Common Stock",
BWE,"BW Energy Ltd",Norway,OL,NOK,"Common Stock",BMG0702P1086
BWEK,"BW Epic Kosan Ltd",Norway,OL,NOK,"Common Stock",SGXZ80461361
BWIDL,"BW Ideol AS",Norway,OL,NOK,"Common Stock",
BWLPG,"BW LPG Ltd",Norway,OL,NOK,"Common Stock",BMG173841013
BWO,"BW Offshore Ltd",Norway,OL,NOK,"Common Stock",BMG1738J1247
CADLR,Cadeler As,Norway,OL,NOK,"Common Stock",DK0061412772
CAMBI,"Cambi ASA",Norway,OL,NOK,"Common Stock",NO0010078850
CAN,"Canopy Holdings AS",Norway,OL,NOK,"Common Stock",NO0010781560
CAPSL,"Co2 Capsol AS",Norway,OL,NOK,"Common Stock",NO0010923121
CARA,"Carasent ASA",Norway,OL,NOK,"Common Stock",NO0010123060
CARBN,"Carbon Transition ASA",Norway,OL,NOK,"Common Stock",NO0010778095
CIRCA,"Circa Group AS",Norway,OL,NOK,"Common Stock",NO0010917594
CLCO,"Cool Company Oy",Norway,OL,NOK,"Common Stock",BMG2415A1137
CLOUD,"Cloudberry Clean Energy As",Norway,OL,NOK,"Common Stock",NO0010876642
CODE,"CodeLab Capital A/S",Norway,OL,NOK,"Common Stock",
CONTX,"ContextVision AB",Norway,OL,NOK,"Common Stock",SE0014731154
CRAYN,"Crayon Group Holding ASA",Norway,OL,NOK,"Common Stock",NO0010808892
CRNA,"Circio Holding ASA",Norway,OL,NOK,"Common Stock",
CSAM,"Csam Health Group As",Norway,OL,NOK,"Common Stock",NO0010894512
CSS,"Clean Seas Seafood Ltd.",Norway,OL,NOK,"Common Stock",
CYVIZ,Cyviz AS,Norway,OL,NOK,"Common Stock",NO0010015175
DDRIL,"Dolphin Drilling AS",Norway,OL,NOK,"Common Stock",
DNB,"DnB ASA",Norway,OL,NOK,"Common Stock",NO0010161896
DNO,"Dno ASA",Norway,OL,NOK,"Common Stock",NO0003921009
DOF,"Dof ASA",Norway,OL,NOK,"Common Stock",NO0010070063
DOFG,"DOF Group ASA",Norway,OL,NOK,"Common Stock",NO0012851874
DSRT,"Desert Control AS",Norway,OL,NOK,"Common Stock",NO0010963275
DVD,"Deep Value Driller AS",Norway,OL,NOK,"Common Stock",NO0010955917
EAM,"EAM Solar ASA",Norway,OL,NOK,"Common Stock",NO0010607781
ECIT,"ECIT AS",Norway,OL,NOK,"Common Stock",
EFUEL,Everfuel AS,Norway,OL,NOK,"Common Stock",DK0061414711
EIOF,"Eidesvik Offshore ASA",Norway,OL,NOK,"Common Stock",NO0010263023
ELABS,"Elliptic Laboratories AS",Norway,OL,NOK,"Common Stock",NO0010722283
ELIMP,"Elektroimportoren As",Norway,OL,NOK,"Common Stock",NO0010911902
ELK,"Elkem ASA",Norway,OL,NOK,"Common Stock",NO0010816093
ELMRA,"Elmera Group ASA",Norway,OL,NOK,"Common Stock",NO0010815673
ELO,"Elopak AS",Norway,OL,NOK,"Common Stock",NO0011002586
EMGS,"Electromagnetic Geoservices ASA",Norway,OL,NOK,"Common Stock",NO0010358484
ENDUR,"Endur ASA",Norway,OL,NOK,"Common Stock",NO0012555459
ENERG,"Energeia A/S",Norway,OL,NOK,"Common Stock",
ENSU,"Ensurge Micropower ASA",Norway,OL,NOK,"Common Stock",NO0012450008
ENTRA,"Entra ASA",Norway,OL,NOK,"Common Stock",NO0010716418
ENVIP,"Envipco Holding NV",Norway,OL,NOK,"Common Stock",NL0015000GX8
EPR,"Europris ASA",Norway,OL,NOK,"Common Stock",NO0010735343
EQNR,"Equinor ASA",Norway,OL,NOK,"Common Stock",NO0010096985
EQVA,"Eqva ASA",Norway,OL,NOK,"Common Stock",NO0010708605
EWIND,"Edda Wind ASA",Norway,OL,NOK,"Common Stock",NO0010998529
EXTX,"Exact Therapeutics AS",Norway,OL,NOK,"Common Stock",NO0010852213
FLNG,"FLEX LNG Ltd",Norway,OL,NOK,"Common Stock",BMG359472021
FRO,"Frontline Ltd",Norway,OL,NOK,"Common Stock",BMG3682E1921
FROY,"Froy ASA",Norway,OL,NOK,"Common Stock",NO0010936792
GCC,"Gram Car Carriers AS",Norway,OL,NOK,"Common Stock",NO0011109563
GEM,"Green Minerals AS",Norway,OL,NOK,"Common Stock",NO0010907744
GENT,"Gentian Diagnostics AS",Norway,OL,NOK,"Common Stock",NO0010748866
GEOS,"Golden Energy Offshore Services AS",Norway,OL,NOK,"Common Stock",NO0010813843
GIG,"Gaming Innovation Group Inc",Norway,OL,NOK,"Common Stock",US36467X2062
GIGA,"Gigante Salmon AS",Norway,OL,NOK,"Common Stock",NO0011013765
GJF,"Gjensidige Forsikring ASA",Norway,OL,NOK,"Common Stock",NO0010582521
GOD,Goodtech,Norway,OL,NOK,"Common Stock",NO0004913609
GOGL,"Golden Ocean Group Ltd",Norway,OL,NOK,"Common Stock",BMG396372051
GRONG,"Grong Sparebank",Norway,OL,NOK,"Common Stock",NO0010636491
GSF,"Grieg Seafood ASA",Norway,OL,NOK,"Common Stock",NO0010365521
GYL,Gyldendal,Norway,OL,NOK,"Common Stock",NO0004288200
HAFNI,"Hafnia Ltd",Norway,OL,NOK,"Common Stock",BMG4233B1090
HAUTO,"Hoegh Autoliners ASA",Norway,OL,NOK,"Common Stock",NO0011082075
HAV,"HAV Group ASA",Norway,OL,NOK,"Common Stock",
HAVI,"Havila Shipping ASA",Norway,OL,NOK,"Common Stock",NO0010257728
HBC,"Hofseth Biocare ASA",Norway,OL,NOK,"Common Stock",NO0010598683
HDLY,"Huddly AS",Norway,OL,NOK,"Common Stock",NO0010776990
HELG,"Helgeland Sparebank",Norway,OL,NOK,"Common Stock",NO0010029804
HEX,"Hexagon Composites ASA",Norway,OL,NOK,"Common Stock",NO0003067902
HKY,"Havila Kystruten AS",Norway,OL,NOK,"Common Stock",NO0011045429
HLNG,"Hoegh LNG Partners LP",Norway,OL,NOK,"Common Stock",BMG454221059
HMONY,"Harmonychain AS",Norway,OL,NOK,"Common Stock",NO0010921299
HPUR,"Hexagon Purus As",Norway,OL,NOK,"Common Stock",NO0010904923
HRGI,"Horisont Energi AS",Norway,OL,NOK,"Common Stock",NO0010917339
HSHP,"Himalaya Shipping Ltd",Norway,OL,NOK,"Common Stock",BMG4660A1036
HSPG,"Holand og Setskog Sparebank",Norway,OL,NOK,"Common Stock",NO0010012636
HUDL,"Huddlestock Fintech As",Norway,OL,NOK,"Common Stock",NO0010859648
HUNT,"Hunter Group ASA",Norway,OL,NOK,"Common Stock",NO0010283211
HYN,"Hynion AS",Norway,OL,NOK,"Common Stock",NO0010920945
HYON,"Hyon AS",Norway,OL,NOK,"Common Stock",NO0011204158
HYPRO,"HydrogenPro AS",Norway,OL,NOK,"Common Stock",NO0010892359
IDEX,"Idex ASA",Norway,OL,NOK,"Common Stock",NO0003070609
IE00B3VBZH49,ARCTIC HIGH RETURN A,Norway,OL,NOK,FUND,
IFISH,"Ice Fish Farm AS",Norway,OL,NOK,"Common Stock",NO0010884794
INDCT,"Induct AS",Norway,OL,NOK,"Common Stock",NO0010536048
INIFY,"INIFY Laboratories AB",Norway,OL,NOK,"Common Stock",
ININ,"Inin Group A/S",Norway,OL,NOK,"Common Stock",
INSTA,"Instabank ASA",Norway,OL,NOK,"Common Stock",NO0010762792
IOX,"Interoil Exploration and Production ASA",Norway,OL,NOK,"Common Stock",NO0010284318
ISLAX,"Icelandic Salmon As",Norway,OL,NOK,"Common Stock",NO0010724701
ITERA,"Itera ASA",Norway,OL,NOK,"Common Stock",NO0010001118
IWS,"Integrated Wind Solutions AS",Norway,OL,NOK,"Common Stock",NO0010955883
JAREN,"Jaeren Sparebank",Norway,OL,NOK,"Common Stock",NO0010359433
JIN,"Jinhui Shipping and Transportation Limited",Norway,OL,NOK,"Common Stock",BMG5137R1088
KAHOT,"Kahoot As",Norway,OL,NOK,"Common Stock",NO0010823131
KCC,"Klaveness Combination Carriers ASA",Norway,OL,NOK,"Common Stock",NO0010833262
KID,"Kid ASA",Norway,OL,NOK,"Common Stock",NO0010743545
KING,"Kingfish Company Nv",Norway,OL,NOK,"Common Stock",NL00150001S5
KIT,"Kitron ASA",Norway,OL,NOK,"Common Stock",NO0003079709
KMCP,"Kmc Properties ASA",Norway,OL,NOK,"Common Stock",NO0010360175
KOA,"Kongsberg Automotive Holding ASA",Norway,OL,NOK,"Common Stock",NO0003033102
KOG,"Kongsberg Gruppen ASA",Norway,OL,NOK,"Common Stock",NO0003043309
KOMPL,"Komplett AS",Norway,OL,NOK,"Common Stock",
KRAB,"Kraft Bank Asa",Norway,OL,NOK,"Common Stock",NO0010815103
KYOTO,"Kyoto Group AS",Norway,OL,NOK,"Common Stock",
LEA,"Lea Bank ASA",Norway,OL,NOK,"Common Stock",
LIFE,"Lifecare AS",Norway,OL,NOK,"Common Stock",
LINK,"Link Mobility Group Holding ASA",Norway,OL,NOK,"Common Stock",NO0010894231
LSG,"Leroy Seafood Group ASA",Norway,OL,NOK,"Common Stock",NO0003096208
LUMI,"Lumi Gruppen AS",Norway,OL,NOK,"Common Stock",NO0010927288
LYTIX,"Lytix Biopharma AS",Norway,OL,NOK,"Common Stock",NO0010405780
MAS,"Masoval AS",Norway,OL,NOK,"Common Stock",NO0010974983
MEDI,"Medistim ASA",Norway,OL,NOK,"Common Stock",NO0010159684
MELG,"Melhus Sparebank",Norway,OL,NOK,"Common Stock",NO0006001908
MGN,"Magnora ASA",Norway,OL,NOK,"Common Stock",NO0010187032
MING,"Sparebank 1 SMN",Norway,OL,NOK,"Common Stock",NO0006390301
MNTR,"Mintra Holding As",Norway,OL,NOK,"Common Stock",NO0010895022
MOBA,"Morrow Bank ASA",Norway,OL,NOK,"Common Stock",NO0010694029
MORG,"Sparebanken Møre",Norway,OL,NOK,"Common Stock",NO0006390004
MOWI,"Mowi ASA",Norway,OL,NOK,"Common Stock",NO0003054108
MPCC,"MPC Container Ships ASA",Norway,OL,NOK,"Common Stock",NO0010791353
MPCES,"MPC Energy Solutions NV",Norway,OL,NOK,"Common Stock",NL0015268814
MULTI,"Multiconsult AS",Norway,OL,NOK,"Common Stock",NO0010734338
MVW,"M Vest Water A/S",Norway,OL,NOK,"Common Stock",
MWTR,Meltwater Bv,Norway,OL,NOK,"Common Stock",NL00150003D3
NANOV,"Nordic Nanovector ASA",Norway,OL,NOK,"Common Stock",
NAPA,"Napatech A/S",Norway,OL,NOK,"Common Stock",DK0060520450
NAS,"Norwegian Air Shuttle ASA",Norway,OL,NOK,"Common Stock",NO0010196140
NAVA,"Navamedic ASA",Norway,OL,NOK,"Common Stock",NO0010205966
NBX,"Norwegian Block Exchange AS",Norway,OL,NOK,"Common Stock",NO0010984966
NCOD,Norcod As,Norway,OL,NOK,"Common Stock",NO0010892912
NEL,"Nel ASA",Norway,OL,NOK,"Common Stock",NO0010081235
NEXT,"Next Biometrics Group ASA",Norway,OL,NOK,"Common Stock",NO0010629108
NHY,"Norsk Hydro ASA",Norway,OL,NOK,"Common Stock",NO0005052605
NISB,"Nidaros Sparebank",Norway,OL,NOK,"Common Stock",NO0010733082
NKR,"Nekkar Asa",Norway,OL,NOK,"Common Stock",NO0003049405
NO0008000056,ODIN NORSK OBLIGASJON C,Norway,OL,NOK,FUND,
NO0008000452,SKAGEN AVKASTNING,Norway,OL,NOK,FUND,
NO0010337629,DNB NOR KAPFORV. KREDITTOBLIGASJON,Norway,OL,NOK,FUND,
NOAP,"Nordic Aqua Partners As",Norway,OL,NOK,"Common Stock",DK0061414638
NOD,"Nordic Semiconductor ASA",Norway,OL,NOK,"Common Stock",NO0003055501
NODL,"Northern Drilling Ltd",Norway,OL,NOK,"Common Stock",BMG6624L1090
NOHAL,"Nordic Halibut AS",Norway,OL,NOK,"Common Stock",NO0003058109
NOL,"Northern Ocean Ltd",Norway,OL,NOK,"Common Stock",BMG6682J1036
NOM,"Nordic Mining ASA",Norway,OL,NOK,"Common Stock",NO0010317340
NONG,"Sparebank 1 Nord-Norge",Norway,OL,NOK,"Common Stock",NO0006000801
NORAM,"NorAm Drilling AS",Norway,OL,NOK,"Common Stock",
NORBT,"Norbit ASA",Norway,OL,NOK,"Common Stock",NO0010856511
NORDH,"Nordhealth AS",Norway,OL,NOK,"Common Stock",
NORSE,"Norse Atlantic ASA",Norway,OL,NOK,"Common Stock",NO0010946445
NORTH,"North Energy ASA",Norway,OL,NOK,"Common Stock",NO0010550056
NRC,"NRC Group ASA",Norway,OL,NOK,"Common Stock",NO0003679102
NSKOG,"Norske Skog Asa",Norway,OL,NOK,"Common Stock",NO0010861115
NSOL,"Norsk Solar AS",Norway,OL,NOK,"Common Stock",NO0010941925
NTEL,Nortel As,Norway,OL,NOK,"Common Stock",NO0010900087
NTG,"Nordic Technology Group A/S",Norway,OL,NOK,"Common Stock",
NTI,"Norsk Titanium AS",Norway,OL,NOK,"Common Stock",NO0010969108
NUMND,"Nordic Unmanned As",Norway,OL,NOK,"Common Stock",NO0010907090
NYKD,"Nykode Therapeutics ASA",Norway,OL,NOK,"Common Stock",NO0010714785
OBSRV,"Observe Medical Asa",Norway,OL,NOK,"Common Stock",NO0010865009
OBXD,"DNB OBX",Norway,OL,NOK,ETF,NO0010257801
OCEAN,"Ocean GeoLoop A/S",Norway,OL,NOK,"Common Stock",
ODF,"Odfjell SE",Norway,OL,NOK,"Common Stock",NO0003399909
ODFB,"Odfjell B",Norway,OL,NOK,"Common Stock",NO0003399917
ODL,"Odfjell Drilling Ltd",Norway,OL,NOK,"Common Stock",BMG671801022
OET,"Okeanis Eco Tankers Corp",Norway,OL,NOK,"Common Stock",MHY641771016
OKEA,"Okea ASA",Norway,OL,NOK,"Common Stock",NO0010816895
OLT,"Olav Thon Eien",Norway,OL,NOK,"Common Stock",NO0005638858
ORK,"Orkla ASA",Norway,OL,NOK,"Common Stock",NO0003733800
OSUN,"Ocean Sun As",Norway,OL,NOK,"Common Stock",NO0010887565
OTEC,"Otello Corporation ASA",Norway,OL,NOK,"Common Stock",NO0010040611
OTL,"Odfjell Technology Ltd",Norway,OL,NOK,"Common Stock",BMG6716L1081
OTOVO,"Otovo AS",Norway,OL,NOK,"Common Stock",NO0010809783
OTS,"Oceanteam ASA",Norway,OL,NOK,"Common Stock",NO0010317316
PARB,"Pareto Bank ASA",Norway,OL,NOK,"Common Stock",NO0010397581
PCIB,"PCI Biotech Holding ASA",Norway,OL,NOK,"Common Stock",NO0010405640
PEN,"Panoro Energy ASA",Norway,OL,NOK,"Common Stock",NO0010564701
PEXIP,"Pexip Holding ASA",Norway,OL,NOK,"Common Stock",NO0010840507
PGS,"PGS ASA",Norway,OL,NOK,"Common Stock",NO0010199151
PHLY,"Philly Shipyard ASA",Norway,OL,NOK,"Common Stock",NO0010395577
PHO,Photocure,Norway,OL,NOK,"Common Stock",NO0010000045
PLT,"Polight ASA",Norway,OL,NOK,"Common Stock",NO0012535832
PNOR,"Petronor E&P Ltd",Norway,OL,NOK,"Common Stock",NO0011157232
POL,"Polaris Media",Norway,OL,NOK,"Common Stock",NO0010466022
PPG,"Pioneer Property Group ASA",Norway,OL,NOK,"Common Stock",
PROT,"Protector Forsikring ASA",Norway,OL,NOK,"Common Stock",NO0010209331
PROXI,"Proximar Seafood AS",Norway,OL,NOK,"Common Stock",NO0010893902
PRS,"Prosafe SE",Norway,OL,NOK,"Common Stock",NO0010861990
PRYME,"Pryme BV",Norway,OL,NOK,"Common Stock",NL00150005Z1
PSE,"Petrolia SE",Norway,OL,NOK,"Common Stock",CY0102630916
PYRUM,"Pyrum Innovations AG",Norway,OL,NOK,"Common Stock",DE000A2G8ZX8
QEC,"Questerre Energy Corporation",Norway,OL,NOK,"Common Stock",CA74836K1003
QFR,"Q-Free ASA",Norway,OL,NOK,"Common Stock",NO0003103103
QFUEL,Quantafuel As,Norway,OL,NOK,"Common Stock",NO0010785967
QUEST,"Questback Group AS",Norway,OL,NOK,"Common Stock",NO0011019119
RANA,"Rana Gruber AS",Norway,OL,NOK,"Common Stock",NO0010907389
RCR,"Recreate ASA",Norway,OL,NOK,"Common Stock",
REACH,"Reach Subsea",Norway,OL,NOK,"Common Stock",NO0003117202
RECSI,"REC Silicon ASA",Norway,OL,NOK,"Common Stock",NO0010112675
REFL,"ReFuels N.V.",Norway,OL,NOK,"Common Stock",
RING,"Sparebank 1 Ringerike Hadeland",Norway,OL,NOK,"Common Stock",NO0006390400
RISH,"Gc Rieber Ship",Norway,OL,NOK,"Common Stock",NO0010262686
RIVER,"River Tech plc",Norway,OL,NOK,"Common Stock",MT0001710103
ROM,"RomReal Limited",Norway,OL,NOK,"Common Stock",BMG763301022
ROMER,"Romerike Sparebank",Norway,OL,NOK,"Common Stock",NO0010808405
ROMSB,"Romsdal Sparebank",Norway,OL,NOK,"Common Stock",NO0010759988
SACAM,"Salmones Camanchaca SA",Norway,OL,NOK,"Common Stock",CL0002409135
SADG,"Sandnes Sparebank",Norway,OL,NOK,"Common Stock",NO0006001007
SAGA,"Saga Pure ASA",Norway,OL,NOK,"Common Stock",NO0010572589
SALM,"SalMar ASA",Norway,OL,NOK,"Common Stock",NO0010310956
SALME,"Salmon Evolution Holding AS",Norway,OL,NOK,"Common Stock",NO0010892094
SASNO,"SAS AB",Norway,OL,NOK,"Common Stock",SE0003366871
SATS,"Sats ASA",Norway,OL,NOK,"Common Stock",NO0010863285
SB68,"Sparebank 68 Grader Nord",Norway,OL,NOK,"Common Stock",NO0010887110
SBO,"Selvaag Bolig ASA",Norway,OL,NOK,"Common Stock",NO0010612450
SCANA,"Scana ASA",Norway,OL,NOK,"Common Stock",NO0003053308
SCATC,"Scatec Solar OL",Norway,OL,NOK,"Common Stock",NO0010715139
SCHA,"Schibsted ASA A",Norway,OL,NOK,"Common Stock",NO0003028904
SCHB,"Schibsted ASA B",Norway,OL,NOK,"Common Stock",NO0010736879
SDNS,"Shelf Drilling (North Sea) Ltd.",Norway,OL,NOK,"Common Stock",
SDRL,"Seadrill Ltd",Norway,OL,NOK,"Common Stock",BMG7997W1029
SDSD,"SD Standard Drilling PLC",Norway,OL,NOK,"Common Stock",CY0101550917
SEAPT,"Seacrest Petroleo BV",Norway,OL,NOK,"Common Stock",
SHLF,"Shelf Drilling Ltd",Norway,OL,NOK,"Common Stock",KYG236271055
SIKRI,"Sikri Holding AS",Norway,OL,NOK,"Common Stock",NO0012548819
SIOFF,"Siem Offshore",Norway,OL,NOK,"Common Stock",KYG812291253
SKAND,"Skandia Greenpower AS",Norway,OL,NOK,"Common Stock",NO0010931207
SKUE,"Skue Sparebank",Norway,OL,NOK,"Common Stock",NO0006001809
SMCRT,"SmartCraft ASA",Norway,OL,NOK,"Common Stock",NO0011008971
SMOP,"Smartoptics Group AS",Norway,OL,NOK,"Common Stock",NO0011012502
SNI,"Stolt-Nielsen Limited",Norway,OL,NOK,"Common Stock",BMG850801025
SNOR,"Sparebank 1 Nordvest",Norway,OL,NOK,"Common Stock",NO0010691660
SOAG,"Sparebank 1 Ostfold Akershus",Norway,OL,NOK,"Common Stock",NO0010285562
SOFF,"Solstad Offsho",Norway,OL,NOK,"Common Stock",NO0003080608
SOFTX,"SoftOx Solutions AS",Norway,OL,NOK,"Common Stock",NO0010811961
SOGN,"Sogn Sparebank",Norway,OL,NOK,"Common Stock",
SOON,"Sparebank 1 Sorost-Norge",Norway,OL,NOK,"Common Stock",
SOR,"Sparebanken Sor",Norway,OL,NOK,"Common Stock",NO0006001502
SPOG,"Sparebanken Ost",Norway,OL,NOK,"Common Stock",NO0006222009
SPOL,"SpareBank 1 Østlandet",Norway,OL,NOK,"Common Stock",NO0010751910
SRBNK,"Sparebank 1 SR Bank ASA",Norway,OL,NOK,"Common Stock",NO0010631567
SSG,"Self Storage Group ASA",Norway,OL,NOK,"Common Stock",NO0010781206
STATT,"Statt Torsk AS",Norway,OL,NOK,"Common Stock",NO0010775844
STB,"Storebrand ASA",Norway,OL,NOK,"Common Stock",NO0003053605
STRO,"Strongpoint ASA",Norway,OL,NOK,"Common Stock",NO0010098247
STST,"Stainless Tankers ASA",Norway,OL,NOK,"Common Stock",
STSU,"Standard Supply A/S",Norway,OL,NOK,"Common Stock",
SUBC,"Subsea 7 S.A.",Norway,OL,NOK,"Common Stock",LU0075646355
SUNSB,"Sunndal Sparebank",Norway,OL,NOK,"Common Stock",NO0010672900
SVEG,"Sparebanken Vest",Norway,OL,NOK,"Common Stock",NO0006000900
TECH,"Techstep ASA",Norway,OL,NOK,"Common Stock",NO0003095309
TECO,"Teco 2030 Asa",Norway,OL,NOK,"Common Stock",NO0010887516
TEKNA,"Tekna Holding AS",Norway,OL,NOK,"Common Stock",NO0010951577
TEL,"Telenor ASA",Norway,OL,NOK,"Common Stock",NO0010063308
TGS,"TGS NOPEC Geophysical Company ASA",Norway,OL,NOK,"Common Stock",NO0003078800
TIETO,"TietoEVRY Oyj",Norway,OL,NOK,"Common Stock",
TOM,"Tomra Systems ASA",Norway,OL,NOK,"Common Stock",NO0012470089
TOTG,"Totens Sparebank",Norway,OL,NOK,"Common Stock",NO0006001205
TRE,"Treasure ASA",Norway,OL,NOK,"Common Stock",NO0010763550
TRMED,"Thor Medical ASA",Norway,OL,NOK,"Common Stock",
TYSB,"Tysnes Sparebank",Norway,OL,NOK,"Common Stock",NO0010731615
ULTI,"Ultimovacs ASA",Norway,OL,NOK,"Common Stock",NO0010851603
UNIV,"Univid ASA",Norway,OL,NOK,"Common Stock",
VAR,"Var Energi ASA",Norway,OL,NOK,"Common Stock",NO0011202772
VEI,"Veidekke ASA",Norway,OL,NOK,"Common Stock",NO0005806802
VGM,"Vow Green Metals AS",Norway,OL,NOK,"Common Stock",NO0011037483
VISTN,"Vistin Pharma ASA",Norway,OL,NOK,"Common Stock",NO0010734122
VOLUE,Volue AS,Norway,OL,NOK,"Common Stock",NO0010894603
VOW,"Vow ASA",Norway,OL,NOK,"Common Stock",NO0010708068
VVL,"Voss Veksel og Landmandsbank ASA",Norway,OL,NOK,"Common Stock",NO0003025009
WAWI,"Wallenius Wilhelmsen Logistics ASA",Norway,OL,NOK,"Common Stock",NO0010571680
WEST,"Western Bulk Chartering AS",Norway,OL,NOK,"Common Stock",NO0010768096
WPU,"Waste Plastic Upcycling AS",Norway,OL,NOK,"Common Stock",DK0061676400
WSTEP,"Webstep ASA",Norway,OL,NOK,"Common Stock",NO0010609662
WWI,"Wilh Wilhelmsen Holding ASA A",Norway,OL,NOK,"Common Stock",NO0010571698
WWIB,"Wilh Wilhelmsen Holding ASA B",Norway,OL,NOK,"Common Stock",NO0010576010
XPLRA,"Xplora Technologies As",Norway,OL,NOK,"Common Stock",NO0010895782
XXL,"XXL ASA",Norway,OL,NOK,"Common Stock",NO0010716863
XXLT,"XXL RIGHTS",Norway,OL,NOK,"Common Stock",
YAR,"Yara International ASA",Norway,OL,NOK,"Common Stock",NO0010208051
ZAL,"Zalaris ASA",Norway,OL,NOK,"Common Stock",NO0010708910
ZAP,"Zaptec AS",Norway,OL,NOK,"Common Stock",NO0010713936
ZENA,"Zenith Energy Ltd",Norway,OL,NOK,"Common Stock",CA98936C1068
ZWIPE,"Zwipe AS",Norway,OL,NOK,"Common Stock",
