Code,Name,Country,Exchange,Currency,Type,Isin
BEZVA,"Bezvavlasy a.s.","Czech Republic",PR,CZK,"Common Stock",
CEZ,"Cez A.S.","Czech Republic",PR,CZK,"Common Stock",
COLOS,"Coloseum Holding a.s.","Czech Republic",PR,CZK,"Common Stock",
CTPNV,"CTP NV","Czech Republic",PR,CZK,"Common Stock",NL00150006R6
CZG,"Colt CZ Group SE","Czech Republic",PR,CZK,"Common Stock",CZ0009008942
EFORU,"E4U a.s.","Czech Republic",PR,CZK,"Common Stock",
EMAN,"eMan a.s.","Czech Republic",PR,CZK,"Common Stock",
ENRGA,"Energoaqua a.s.","Czech Republic",PR,CZK,"Common Stock",
ERBAG,"Erste Group Bank AG","Czech Republic",PR,CZK,"Common Stock",
FILL,"Fillamentum a.s.","Czech Republic",PR,CZK,"Common Stock",
FIXED,"FIXEDzone as","Czech Republic",PR,CZK,"Common Stock",CZ0009011086
GEV,"GEVORKYAN as","Czech Republic",PR,CZK,"Common Stock",
HWIO,"HARDWARIO as","Czech Republic",PR,CZK,"Common Stock",
KLIKY,"M&T 1997 A.S.","Czech Republic",PR,CZK,"Common Stock",
KOFOL,"Kofola CeskoSlovensko as","Czech Republic",PR,CZK,"Common Stock",CZ0009000121
KOMB,"Komercni Banka A.S.","Czech Republic",PR,CZK,"Common Stock",
MONET,"Moneta Money Bank AS","Czech Republic",PR,CZK,"Common Stock",CZ0008040318
PEN,"Photon Energy N.V.","Czech Republic",PR,CZK,"Common Stock",
PINK,"Pilulka Lekarny as","Czech Republic",PR,CZK,"Common Stock",CZ0009009874
PRAB,"Prabos Plus a.s.","Czech Republic",PR,CZK,"Common Stock",
PRIUA,"Primoco UAV SE","Czech Republic",PR,CZK,"Common Stock",
PVT,"RMS Mezzanine A.S.","Czech Republic",PR,CZK,"Common Stock",
SABFG,"SAB Finance as","Czech Republic",PR,CZK,"Common Stock",CZ0009009940
SHELL,"Shell PLC","Czech Republic",PR,CZK,"Common Stock",
TABAK,"Philip Morris CR A.S.","Czech Republic",PR,CZK,"Common Stock",
TMR,"Tatry Mountain Resorts a.s.","Czech Republic",PR,CZK,"Common Stock",
TOMA,"Toma as","Czech Republic",PR,CZK,"Common Stock",CZ0005088559
VIG,"Vienna Insurance Group","Czech Republic",PR,CZK,"Common Stock",
WSO,"WOOD SPAC One as","Czech Republic",PR,CZK,"Common Stock",
