Code,Name,Country,Exchange,Currency,Type,Isin
247,"24SevenOffice Scandinavia AB",Sweden,ST,SEK,"Common Stock",SE0010546911
2CUREX,"2cureX AB",Sweden,ST,SEK,"Common Stock",SE0010468124
4C,"4C Group AB",Sweden,ST,SEK,"Common Stock",SE0017936891
8TRA,"Traton SE",Sweden,ST,SEK,"Common Stock",DE000TRAT0N7
AAC,"AAC Clyde Space AB (publ)",Sweden,ST,SEK,"Common Stock",SE0009268154
AAK,"AAK AB",Sweden,ST,SEK,"Common Stock",SE0011337708
ABAS,"ABAS Protect AB",Sweden,ST,SEK,"Common Stock",SE0018588659
ABB,"ABB Ltd",Sweden,ST,SEK,"Common Stock",CH0012221716
ABIG,"Abelco Investment Group AB",Sweden,ST,SEK,"Common Stock",SE0003617075
ABLI,"Abliva AB",Sweden,ST,SEK,"Common Stock",SE0002575340
ABSL-B,"Absolicon Solar Collector AB Series B",Sweden,ST,SEK,"Common Stock",SE0018396947
ABSO,"Absolent Group AB",Sweden,ST,SEK,"Common Stock",SE0006256558
ACAD,"AcadeMedia AB (publ)",Sweden,ST,SEK,"Common Stock",SE0007897079
ACARIX,"Acarix A/S",Sweden,ST,SEK,"Common Stock",SE0009268717
ACAST,"Acast AB",Sweden,ST,SEK,"Common Stock",SE0015960935
ACCON,"Acconeer AB",Sweden,ST,SEK,"Common Stock",SE0010546242
ACE,"Ascelia Pharma AB (publ)",Sweden,ST,SEK,"Common Stock",SE0010573113
ACOU,"AcouSort AB",Sweden,ST,SEK,"Common Stock",SE0009189608
ACQ-SPAC,"ACQ Bure AB",Sweden,ST,SEK,"Common Stock",SE0015657788
ACRI-A,"Acrinova AB",Sweden,ST,SEK,"Common Stock",SE0015660014
ACRI-B,"Acrinova AB Series B",Sweden,ST,SEK,"Common Stock",SE0015660030
ACROUD,"Acroud AB",Sweden,ST,SEK,"Common Stock",SE0001863291
ACTI,"Active Biotech AB",Sweden,ST,SEK,"Common Stock",SE0001137985
ACUVI,"Acuvi AB",Sweden,ST,SEK,"Common Stock",SE0017833171
ADDT-B,"Addtech AB (publ.)",Sweden,ST,SEK,"Common Stock",SE0014781795
ADDV-A,"ADDvise Group AB A",Sweden,ST,SEK,"Common Stock",SE0001306119
ADDV-B,"ADDvise Group B",Sweden,ST,SEK,"Common Stock",SE0007464862
ADVBOX,"Adventure Box Technology AB",Sweden,ST,SEK,"Common Stock",SE0012955276
ADVE,"Advenica AB",Sweden,ST,SEK,"Common Stock",
AEC,"Africa Energy Corp.",Sweden,ST,SEK,"Common Stock",CA00830W1059
AEGIR,"Aegirbio AB",Sweden,ST,SEK,"Common Stock",SE0014401121
AERO,"Svenska Aerogel Holding AB (publ)",Sweden,ST,SEK,"Common Stock",SE0008212161
AFRY,"Afry AB",Sweden,ST,SEK,"Common Stock",SE0005999836
AGES-B,"AGES Industri AB (publ)",Sweden,ST,SEK,"Common Stock",SE0005799046
AGROUP,"Arlandastad Group AB",Sweden,ST,SEK,"Common Stock",SE0016276851
AGTIRA-B,"Agtira AB",Sweden,ST,SEK,"Common Stock",SE0008588354
AINO,"Aino Health AB",Sweden,ST,SEK,"Common Stock",SE0009242555
AJA-B,"Byggmästare Anders J Ahlström Holding AB (publ)",Sweden,ST,SEK,"Common Stock",SE0006510491
AKEL-D,"Akelius Residential Property AB (publ)",Sweden,ST,EUR,"Common Stock",SE0013110186
ALBERT,"eEducation Albert AB",Sweden,ST,SEK,"Common Stock",SE0016797989
ALCA,"Alcadon Group AB",Sweden,ST,SEK,"Common Stock",SE0008732218
ALELIO,"Alelion Energy Systems AB",Sweden,ST,SEK,"Common Stock",SE0008348072
ALFA,"Alfa Laval AB",Sweden,ST,SEK,"Common Stock",SE0000695876
ALIF-B,"AddLife AB (publ)",Sweden,ST,SEK,"Common Stock",SE0014401378
ALIG,"Alimak Hek Group AB",Sweden,ST,SEK,"Common Stock",SE0007158910
ALIV-SDB,"Autoliv Inc",Sweden,ST,SEK,"Common Stock",SE0000382335
ALLEI,"Alleima AB (publ)",Sweden,ST,SEK,"Common Stock",SE0017615644
ALLIGO-B,"Alligo AB Series B",Sweden,ST,SEK,"Common Stock",SE0009922305
ALM,"ALM Equity AB (publ)",Sweden,ST,SEK,"Common Stock",SE0000540163
ALM-PREF,"ALM Equity AB Pfd.",Sweden,ST,SEK,"Common Stock",SE0004109627
ALPCOT-B,"Alpcot Holding AB Series B",Sweden,ST,SEK,"Common Stock",SE0016845655
ALZ,"Alzinova AB",Sweden,ST,SEK,"Common Stock",SE0007413455
ALZCUR,"AlzeCure Pharma",Sweden,ST,SEK,"Common Stock",SE0010133785
AMBEA,"Ambea AB",Sweden,ST,SEK,"Common Stock",SE0009663826
AMNI,"Amniotics AB",Sweden,ST,SEK,"Common Stock",SE0015961016
ANNE-B,"Annehem Fastigheter AB",Sweden,ST,SEK,"Common Stock",SE0015221684
ANNX,"Annexin Pharmaceuticals AB",Sweden,ST,SEK,"Common Stock",SE0009664154
ANOD-B,"Addnode Group AB (publ)",Sweden,ST,SEK,"Common Stock",SE0017885767
ANOT,"Anoto Group AB",Sweden,ST,SEK,"Common Stock",SE0010415281
AOI,"Africa Oil Corp",Sweden,ST,SEK,"Common Stock",CA00829Q1019
APAC-SPAC-A,"Aligro Planet Acquisition Co. AB Cl A",Sweden,ST,SEK,"Common Stock",SE0015949540
APRNDR,"Aprendere Skolor AB",Sweden,ST,SEK,"Common Stock",SE0015960778
APTR,"AppSpotr AB",Sweden,ST,SEK,"Common Stock",SE0018041097
AQ,"AQ Group AB",Sweden,ST,SEK,"Common Stock",SE0000772956
ARCA,"Arcario AB",Sweden,ST,SEK,"Common Stock",SE0007614722
ARCEDE,"Arcede Pharma AB",Sweden,ST,SEK,"Common Stock",SE0018168742
ARCOMA,"Arcoma AB",Sweden,ST,SEK,"Common Stock",SE0006219176
ARCT,"Arctic Gold Publ AB",Sweden,ST,SEK,"Common Stock",SE0000697948
ARCTIC,"Arctic Blue Beverages AB",Sweden,ST,SEK,"Common Stock",SE0017769136
ARION-SDB,"Arion banki hf",Sweden,ST,SEK,"Common Stock",SE0010413567
ARISE,"Arise Windpower AB",Sweden,ST,SEK,"Common Stock",SE0002095604
ARJO-B,"Arjo AB (publ)",Sweden,ST,SEK,"Common Stock",SE0010468116
AROC,"AroCell AB",Sweden,ST,SEK,"Common Stock",SE0003883990
AROS,"AROS Bostadsutveckling AB",Sweden,ST,SEK,"Common Stock",SE0010547786
AROS-PREF-B,"Aros Bostadsutveckling AB Pfd. B",Sweden,ST,SEK,"Common Stock",SE0015195706
ARP,"Arctic Paper S.A.",Sweden,ST,SEK,"Common Stock",PLARTPR00012
ARPL,"Arla Plast AB",Sweden,ST,SEK,"Common Stock",SE0015810817
ASAB,"Advanced SolTech Sweden AB",Sweden,ST,SEK,"Common Stock",SE0016101521
ASAI,"Artificial Solutions International AB (publ)",Sweden,ST,SEK,"Common Stock",SE0018397184
ASAP,"Asarina Pharma AB (publ)",Sweden,ST,SEK,"Common Stock",SE0011641794
ASSA-B,"ASSA ABLOY AB (publ)",Sweden,ST,SEK,"Common Stock",SE0007100581
ASTOR,"Scandinavian Astor Group AB",Sweden,ST,SEK,"Common Stock",SE0019175274
ATCO-A,"Atlas Copco AB Series A",Sweden,ST,SEK,"Common Stock",SE0017486889
ATCO-B,"Atlas Copco AB Series B",Sweden,ST,SEK,"Common Stock",SE0017486897
ATIC,"Actic Group AB",Sweden,ST,SEK,"Common Stock",SE0009269467
ATORX,"Alligator Bioscience AB",Sweden,ST,SEK,"Common Stock",SE0000767188
ATORX-TO-6,"Alligator Bioscience TO 6",Sweden,ST,SEK,"Common Stock",
ATRLJ-B,"Atrium Ljungberg AB (publ)",Sweden,ST,SEK,"Common Stock",SE0000191827
ATT,"Attendo AB (publ)",Sweden,ST,SEK,"Common Stock",SE0007666110
AUDNTS,"Audientes A/S",Sweden,ST,SEK,"Common Stock",DK006140661
AUGEO,"Augeo Group AB",Sweden,ST,SEK,"Common Stock",SE0009889157
AUR,"Auriant Mining AB (publ)",Sweden,ST,SEK,"Common Stock",SE0001337213
AVEN,"Avensia publ AB",Sweden,ST,SEK,"Common Stock",SE0000671745
AVENT-B,"Aventura Group AB Series B",Sweden,ST,SEK,"Common Stock",SE0015961438
AVT-B,"AVTECH Sweden AB Series B",Sweden,ST,SEK,"Common Stock",SE0004270445
AWRD,"Awardit AB",Sweden,ST,SEK,"Common Stock",SE0010101824
AXFO,"Axfood AB",Sweden,ST,SEK,"Common Stock",SE0006993770
AXIC-A,"aXichem AB",Sweden,ST,SEK,"Common Stock",SE0005250719
AXOLOT,"Axolot Solutions Holding AB",Sweden,ST,SEK,"Common Stock",SE0009414303
AYIMA-B,"Ayima Group AB Series B",Sweden,ST,SEK,"Common Stock",SE0009888506
AZA,"Avanza Bank Holding AB (publ)",Sweden,ST,SEK,"Common Stock",SE0012454072
AZELIO,"Azelio AB",Sweden,ST,SEK,"Common Stock",SE0011973940
AZN,"AstraZeneca PLC",Sweden,ST,SEK,"Common Stock",GB0009895292
B3,"B3 Consulting Group AB",Sweden,ST,SEK,"Common Stock",SE0008347660
BACTI-B,"Bactiguard Holding AB (publ)",Sweden,ST,SEK,"Common Stock",SE0005878741
BAHN-B,"Bahnhof AB Series B",Sweden,ST,SEK,"Common Stock",SE0010442418
BALCO,"Balco Group AB",Sweden,ST,SEK,"Common Stock",SE0010323998
BALD-B,"Fastighets AB Balder (publ)",Sweden,ST,SEK,"Common Stock",SE0017832488
BAWAT,"Bawat Water Technologies AB",Sweden,ST,SEK,"Common Stock",SE0017487424
BBROOM,"New Bubbleroom Sweden AB",Sweden,ST,SEK,"Common Stock",SE0016288476
BEAMMW-B,"Beammwave AB B",Sweden,ST,SEK,"Common Stock",SE0016799068
BEGR,"BE Group AB",Sweden,ST,SEK,"Common Stock",SE0008321921
BEIA-B,"Beijer Alma AB (publ)",Sweden,ST,SEK,"Common Stock",SE0011090547
BEIJ-B,"Beijer Ref AB (publ)",Sweden,ST,SEK,"Common Stock",SE0015949748
BEO-SDB,"Beowulf Mining PLC",Sweden,ST,SEK,"Common Stock",SE0002457796
BERG-B,"Bergman & Beving AB (publ)",Sweden,ST,SEK,"Common Stock",SE0000101362
BESQ,"Besqab publ AB",Sweden,ST,SEK,"Common Stock",SE0005991411
BETCO,"Better Collective",Sweden,ST,SEK,"Common Stock",DK0060952240
BETS-B,"Betsson AB",Sweden,ST,SEK,"Common Stock",SE0018535684
BFG,"BYGGFAKTA GROUP Nordic HoldCo AB",Sweden,ST,SEK,"Common Stock",SE0016798581
BHG,"BHG Group AB (publ)",Sweden,ST,SEK,"Common Stock",SE0010948588
BICO,"BICO Group AB",Sweden,ST,SEK,"Common Stock",SE0013647385
BILI-A,"Bilia AB (publ)",Sweden,ST,SEK,"Common Stock",SE0009921588
BILL,"BillerudKorsnas AB",Sweden,ST,SEK,"Common Stock",SE0000862997
BIM,"BIMobject AB",Sweden,ST,SEK,"Common Stock",SE0011644376
BINERO,"Binero Group AB",Sweden,ST,SEK,"Common Stock",SE0005249570
BINV,"BioInvent International AB",Sweden,ST,SEK,"Common Stock",SE0015244520
BIOA-B,"BioArctic AB (publ)",Sweden,ST,SEK,"Common Stock",SE0010323311
BIOG-B,"BioGaia AB (publ)",Sweden,ST,SEK,"Common Stock",SE0017769995
BIOGAS,"Scandinavian Biogas Fuels International AB",Sweden,ST,SEK,"Common Stock",SE0015242896
BIOS,"Bioservo Technologies AB",Sweden,ST,SEK,"Common Stock",SE0009779085
BIOSGN,"Biosergen AS",Sweden,ST,SEK,"Common Stock",SE0016013460
BIOT,"Biotage AB",Sweden,ST,SEK,"Common Stock",SE0000454746
BIOVIC-B,"Biovica International AB (publ)",Sweden,ST,SEK,"Common Stock",SE0008613731
BIOWKS,"Bio-Works Technologies AB",Sweden,ST,SEK,"Common Stock",SE0007387089
BITCOIN-XB,"Bitcoin Tracker One XBT Provider",Sweden,ST,SEK,ETF,SE0007126024
BITCOIN-XBTE,"Bitcoin Tracker EUR XBT Provider",Sweden,ST,EUR,ETF,SE0007525332
BMAX,"Byggmax Group AB",Sweden,ST,SEK,"Common Stock",SE0003303627
BOAT,"Nimbus Group AB",Sweden,ST,SEK,"Common Stock",SE0015407390
BOKUS,"Bokusgruppen AB",Sweden,ST,SEK,"Common Stock",SE0016074256
BOL,"Boliden AB",Sweden,ST,SEK,"Common Stock",SE0020050417
BOMILL,"BoMill AB",Sweden,ST,SEK,"Common Stock",SE0014583332
BONAS,"Bonasudden Holding AB",Sweden,ST,SEK,"Common Stock",SE0007157953
BONAV-A,"Bonava AB (publ)",Sweden,ST,SEK,"Common Stock",SE0008091573
BONAV-B,"Bonava AB (publ)",Sweden,ST,SEK,"Common Stock",SE0008091581
BONEX,"Bonesupport Holding AB",Sweden,ST,SEK,"Common Stock",SE0009858152
BONG,"Bong AB (publ)",Sweden,ST,SEK,"Common Stock",SE0000396061
BONZUN,"Bonzun AB",Sweden,ST,SEK,"Common Stock",SE0017082506
BOOZT,"Boozt AB",Sweden,ST,SEK,"Common Stock",SE0009888738
BORG,"Bjorn Borg AB",Sweden,ST,SEK,"Common Stock",SE0015811807
BOTX,"Botnia Exploration Holding AB",Sweden,ST,SEK,"Common Stock",SE0010494708
BOUL,"Boule Diagnostics AB",Sweden,ST,SEK,"Common Stock",SE0011231158
BRAV,"Bravida Holding AB",Sweden,ST,SEK,"Common Stock",SE0007491303
BRE2,"Bredband2 i Skandinavien AB",Sweden,ST,SEK,"Common Stock",SE0000648669
BRG-B,"Bergs Timber AB (publ)",Sweden,ST,SEK,"Common Stock",SE0018012932
BRILL,"Brilliant Future AB",Sweden,ST,SEK,"Common Stock",SE0015811625
BRIN-B,"Brinova Fastigheter AB (publ)",Sweden,ST,SEK,"Common Stock",SE0008347652
BTCX,"Goobit Group AB",Sweden,ST,SEK,"Common Stock",SE0015837752
BTS-B,"BTS Group AB (publ)",Sweden,ST,SEK,"Common Stock",SE0000805426
BUFAB,"Bufab Holding AB",Sweden,ST,SEK,"Common Stock",SE0005677135
BUILD,"BuildData Group AB",Sweden,ST,SEK,"Common Stock",SE0010869487
BULTEN,"Bulten AB",Sweden,ST,SEK,"Common Stock",SE0003849223
BURE,"Bure Equity AB",Sweden,ST,SEK,"Common Stock",SE0000195810
BUSER,"Bambuser AB",Sweden,ST,SEK,"Common Stock",SE0009663834
BUY,"Sweden BuyersClub AB",Sweden,ST,SEK,"Common Stock",SE0015660287
BYGGP,"Bygg Partner i Dalarna Holding AB",Sweden,ST,SEK,"Common Stock",SE0009242324
CAG,"CAG Group AB (publ)",Sweden,ST,SEK,"Common Stock",SE0011923341
CALTX,"Calliditas Therapeutics",Sweden,ST,SEK,"Common Stock",SE0010441584
CAMX,"Camurus AB",Sweden,ST,SEK,"Common Stock",SE0007692850
CANDLE-B,"Candles Scandinavia AB Series B",Sweden,ST,SEK,"Common Stock",SE0016797773
CANTA,"Cantargia AB",Sweden,ST,SEK,"Common Stock",SE0006371126
CARE,"Careium AB",Sweden,ST,SEK,"Common Stock",SE0017131824
CASE,"Case Group AB",Sweden,ST,SEK,"Common Stock",SE0017082514
CAST,"Castellum AB",Sweden,ST,SEK,"Common Stock",SE0000379190
CAT-A,"Catella AB A",Sweden,ST,SEK,"Common Stock",SE0000188500
CAT-B,"Catella AB (publ)",Sweden,ST,SEK,"Common Stock",SE0000188518
CATE,"Catena AB",Sweden,ST,SEK,"Common Stock",SE0001664707
CBTT-B,"Christian Berner Tech Trade AB (publ)",Sweden,ST,SEK,"Common Stock",SE0006143129
CCC,"Cavotec SA",Sweden,ST,SEK,"Common Stock",CH0136071542
CCOR-B,"Concordia Maritime AB (publ)",Sweden,ST,SEK,"Common Stock",SE0000102824
CDMIL,"CodeMill AB",Sweden,ST,SEK,"Common Stock",SE0013914819
CDON,"CDON AB",Sweden,ST,SEK,"Common Stock",SE0015191911
CE,"Cortus Energy AB (publ)",Sweden,ST,SEK,"Common Stock",SE0001296542
CEDER,"Cedergrenska AB",Sweden,ST,SEK,"Common Stock",SE0015949946
CEVI,"CellaVision AB",Sweden,ST,SEK,"Common Stock",SE0000683484
CFISH,"Crunchfish AB",Sweden,ST,SEK,"Common Stock",SE0009190192
CHARGE,"ChargePanel AB",Sweden,ST,SEK,"Common Stock",SE0017083835
CHECK,"Checkin.com Group AB",Sweden,ST,SEK,"Common Stock",SE0015810502
CHRO,"ChromoGenics AB",Sweden,ST,SEK,"Common Stock",SE0014730719
CI,"Cell Impact AB",Sweden,ST,SEK,"Common Stock",SE0017885379
CIBUS,"Cibus Nordic Real Estate AB (publ)",Sweden,ST,SEK,"Common Stock",SE0010832204
CINIS,"Cinis Fertilizer AB",Sweden,ST,SEK,"Common Stock",SE0018040784
CINT,"Cint Group AB",Sweden,ST,SEK,"Common Stock",SE0015483276
CIRCHE,"CirChem AB",Sweden,ST,SEK,"Common Stock",SE0015193529
CISH,"Clean Industry Solutions Holding Europe AB",Sweden,ST,SEK,"Common Stock",SE0011762517
CLA-B,"Cloetta AB (publ)",Sweden,ST,SEK,"Common Stock",SE0002626861
CLAS-B,"Clas Ohlson AB (publ)",Sweden,ST,SEK,"Common Stock",SE0000584948
CLAV,"Clavister Holding AB (publ.)",Sweden,ST,SEK,"Common Stock",SE0005308558
CLBIO,"Corline Biomedical AB",Sweden,ST,SEK,"Common Stock",SE0006887451
CLEM,"Clemondo Group AB (publ)",Sweden,ST,SEK,"Common Stock",SE0005504669
CLEMO,"Clean Motion AB",Sweden,ST,SEK,"Common Stock",SE0008216303
CLIME-B,"Climeon AB (publ)",Sweden,ST,SEK,"Common Stock",SE0009973548
CLINE-B,"Cline Scientific AB Series B",Sweden,ST,SEK,"Common Stock",SE0006758231
CLS-B,"Clinical Laserthermia Systems AB (publ)",Sweden,ST,SEK,"Common Stock",SE0002756130
CMH,"Chordate Medical Holding AB",Sweden,ST,SEK,"Common Stock",SE0009495559
CMOTEC-B,"Scandinavian ChemoTech AB Series B",Sweden,ST,SEK,"Common Stock",SE0009242654
CNCJO-B,"Concejo AB (publ)",Sweden,ST,SEK,"Common Stock",SE0000236382
COALA,"Coala Life Group AB",Sweden,ST,SEK,"Common Stock",SE0017083983
COIC,"Concentric AB (publ)",Sweden,ST,SEK,"Common Stock",SE0003950864
COINETHE,"Ether Tracker Euro XBT Provider",Sweden,ST,EUR,ETF,SE0010296582
COINXBE,"Bitcoin Tracker EUR XBT Provider",Sweden,ST,EUR,ETF,SE0007525332
COLL,"Collector AB (publ)",Sweden,ST,SEK,"Common Stock",SE0007048020
COMBI,"Combigene AB",Sweden,ST,SEK,"Common Stock",SE0016101935
COMPDM,"Compodium International AB",Sweden,ST,SEK,"Common Stock",SE0016844468
COOR,"COOR Service Management AB",Sweden,ST,SEK,"Common Stock",SE0007158829
COPP-B,"Copperstone Resources AB Series B",Sweden,ST,SEK,"Common Stock",SE0001915190
CORE-A,"Corem Property Group AB (publ)",Sweden,ST,SEK,"Common Stock",SE0010714279
CORE-B,"Corem Property Group AB (publ)",Sweden,ST,SEK,"Common Stock",SE0010714287
CORE-D,"Corem Property Group AB (publ)",Sweden,ST,SEK,"Common Stock",SE0015961594
CORE-PREF,"Corem Property Group AB (publ)",Sweden,ST,SEK,"Common Stock",SE0010714311
CPAC-SPAC,"Creaspac AB",Sweden,ST,SEK,"Common Stock",SE0016075691
CRAD-B,"C-Rad AB (publ)",Sweden,ST,SEK,"Common Stock",SE0002016352
CRED-A,"Creades AB",Sweden,ST,SEK,"Common Stock",SE0004390516
CRNO-B,"Cereno Scientific AB Series B",Sweden,ST,SEK,"Common Stock",
CS,"CoinShares International Ltd",Sweden,ST,SEK,"Common Stock",JE00BLD8Y945
CTEK,"Ctek AB",Sweden,ST,SEK,"Common Stock",SE0016798763
CTM,"Catena Media plc",Sweden,ST,SEK,"Common Stock",MT0001000109
CTT,"CTT Systems AB",Sweden,ST,SEK,"Common Stock",SE0000418923
CX,"CombinedX AB",Sweden,ST,SEK,"Common Stock",SE0012065589
CYB1,"Cyber Security 1 AB",Sweden,ST,EUR,"Common Stock",SE0007604061
CYXO,"Cyxone AB",Sweden,ST,SEK,"Common Stock",SE0007815428
DE,"Dala Energi AB",Sweden,ST,SEK,"Common Stock",SE0000201253
DEAR,"Duearity AB",Sweden,ST,SEK,"Common Stock",SE0015949482
DEDI,"Dedicare AB (publ)",Sweden,ST,SEK,"Common Stock",SE0003909282
DEVP-B,"DevPort AB (publ)",Sweden,ST,SEK,"Common Stock",SE0010546622
DIABIO,"Diagonal Bio AB",Sweden,ST,SEK,"Common Stock",SE0015961826
DIAH,"Diadrom Holding AB",Sweden,ST,SEK,"Common Stock",SE0001606906
DIGN,"Dignitana AB",Sweden,ST,SEK,"Common Stock",SE0002108001
DIOS,"Dios Fastigheter AB",Sweden,ST,SEK,"Common Stock",SE0001634262
DIST,"DistIT AB (publ)",Sweden,ST,SEK,"Common Stock",SE0003883800
DIVIO-B,"Divio Technologies AB Series B",Sweden,ST,SEK,"Common Stock",SE0011311554
DLAB,"Dlaboratory Sweden AB",Sweden,ST,SEK,"Common Stock",SE0015658380
DMYD-B,"Diamyd Medical AB (publ)",Sweden,ST,SEK,"Common Stock",SE0005162880
DOM,"Dometic Group AB (publ)",Sweden,ST,SEK,"Common Stock",SE0007691613
DORO,"DORO AB",Sweden,ST,SEK,"Common Stock",SE0000215493
DOXA,"Doxa AB",Sweden,ST,SEK,"Common Stock",SE0005624756
DRIL,"Drillcon AB",Sweden,ST,SEK,"Common Stock",SE0001770702
DSNO,"Desenio Group AB",Sweden,ST,SEK,"Common Stock",SE0015657853
DUNI,"Duni AB",Sweden,ST,SEK,"Common Stock",SE0000616716
DURC-B,"Duroc AB (publ)",Sweden,ST,SEK,"Common Stock",SE0000331266
DUST,"Dustin Group AB",Sweden,ST,SEK,"Common Stock",SE0006625471
DVYSR,"Devyser Diagnostics AB",Sweden,ST,SEK,"Common Stock",SE0016588867
EAST,"Eastnine AB (publ)",Sweden,ST,SEK,"Common Stock",SE0002158568
ECC-B,"Ecoclime Group AB Series B",Sweden,ST,SEK,"Common Stock",SE0012729937
EFFH,"Effnetplattformen Holding AB",Sweden,ST,SEK,"Common Stock",SE0015987565
EG7,"Enad Global 7 AB",Sweden,ST,SEK,"Common Stock",SE0010520106
EGTX,"Egetis Therapeutics AB (publ)",Sweden,ST,SEK,"Common Stock",SE0003815604
EKOBOT,"Ekobot AB",Sweden,ST,SEK,"Common Stock",SE0015346812
EKTA-B,"Elekta AB (publ)",Sweden,ST,SEK,"Common Stock",SE0000163628
ELAN-B,"Elanders AB (publ)",Sweden,ST,SEK,"Common Stock",SE0000119299
ELIC,"Elicera Therapeutics AB",Sweden,ST,SEK,"Common Stock",SE0015382080
ELLWEE,"Ellwee AB",Sweden,ST,SEK,"Common Stock",SE0015221221
ELN,"Ellen AB (publ)",Sweden,ST,SEK,"Common Stock",SE0001233289
ELON,"Elon AB (publ)",Sweden,ST,SEK,"Common Stock",SE0001572520
ELOS-B,"Elos Medtech AB (publ)",Sweden,ST,SEK,"Common Stock",SE0000120776
ELTEL,"Eltel AB",Sweden,ST,SEK,"Common Stock",SE0006509949
ELUX-A,"AB Electrolux (publ)",Sweden,ST,SEK,"Common Stock",SE0016589170
ELUX-B,"AB Electrolux (publ)",Sweden,ST,SEK,"Common Stock",SE0016589188
EMBELL,"Embellence Group AB",Sweden,ST,SEK,"Common Stock",SE0013888831
EMBRAC-B,"Embracer Group AB (publ)",Sweden,ST,SEK,"Common Stock",SE0016828511
EMIL-B,"Fastighetsbolaget Emilshus AB",Sweden,ST,SEK,"Common Stock",SE0016785786
EMIL-PREF,"Fastighetsbolaget Emilshus AB Pfd",Sweden,ST,SEK,"Common Stock",SE0016785794
EMPIR-B,"Empir Group AB",Sweden,ST,SEK,"Common Stock",SE0010769182
EMPIR-TO4-B,"Empir Group TO4 B",Sweden,ST,SEK,"Common Stock",SE0019072521
EMPIR-TO5-B,"Empir Group TO5 B",Sweden,ST,SEK,"Common Stock",SE0019072554
EMPLI,"Emplicure AB",Sweden,ST,SEK,"Common Stock",SE0015812391
ENEA,"Enea AB",Sweden,ST,SEK,"Common Stock",SE0009697220
ENERS,"Enersize Oy",Sweden,ST,SEK,"Common Stock",FI4000233317
ENGCON-B,"engcon AB Cl B",Sweden,ST,SEK,"Common Stock",SE0017769847
ENQ,"Enquest Plc",Sweden,ST,SEK,"Common Stock",GB00B635TG28
ENRO,"Eniro AB",Sweden,ST,SEK,"Common Stock",SE0011256312
ENZY,"Enzymatica publ AB",Sweden,ST,SEK,"Common Stock",SE0003943620
EOLU-B,"Eolus Vind AB (publ)",Sweden,ST,SEK,"Common Stock",SE0007075056
EPEN,"Ependion AB",Sweden,ST,SEK,"Common Stock",SE0000671711
EPI-A,"Epiroc AB (publ)",Sweden,ST,SEK,"Common Stock",SE0015658109
EPI-B,"Epiroc AB (publ)",Sweden,ST,SEK,"Common Stock",SE0015658117
EPIS-B,"Episurf Medical AB (publ)",Sweden,ST,SEK,"Common Stock",SE0003491562
EPRO-B,"Electrolux Professional AB (publ)",Sweden,ST,SEK,"Common Stock",SE0013747870
EPTI,"Epti AB",Sweden,ST,SEK,"Common Stock",SE0013774668
EQT,"EQT AB (publ)",Sweden,ST,SEK,"Common Stock",SE0012853455
ERIC-A,"Telefonaktiebolaget LM Ericsson (publ)",Sweden,ST,SEK,"Common Stock",SE0000108649
ERIC-B,"Telefonaktiebolaget LM Ericsson (publ)",Sweden,ST,SEK,"Common Stock",SE0000108656
ERMA,"Enorama Pharma AB",Sweden,ST,SEK,"Common Stock",SE0008216329
ESGR-B,"ES Energy Save Holding AB",Sweden,ST,SEK,"Common Stock",SE0014428447
ESSITY-A,"Essity AB (publ)",Sweden,ST,SEK,"Common Stock",SE0009922156
ESSITY-B,"Essity AB (publ)",Sweden,ST,SEK,"Common Stock",SE0009922164
ETHEREUM-X,"Ether Tracker One XBT Provider",Sweden,ST,SEK,ETF,SE0010296574
ETHEREUM-XBTE,"Ether Tracker Euro XBT Provider",Sweden,ST,EUR,ETF,SE0010296582
EURA,"Euroafrica Digital Ventures AB",Sweden,ST,SEK,"Common Stock",SE0015660345
EVO,"Evolution AB (publ)",Sweden,ST,SEK,"Common Stock",SE0012673267
EWRK,"eWork Group AB",Sweden,ST,SEK,"Common Stock",SE0002402701
EXPRS2,"ExpreS2ion Biotech Holding AB",Sweden,ST,SEK,"Common Stock",SE0008348262
EXS,"Exsitec Holding AB",Sweden,ST,SEK,"Common Stock",SE0014035762
FABG,"Fabege AB",Sweden,ST,SEK,"Common Stock",SE0011166974
FAG,"Fagerhult AB",Sweden,ST,SEK,"Common Stock",SE0010048884
FAGA,"Fantasma Games AB",Sweden,ST,SEK,"Common Stock",SE0015557053
FASTAT,"Fastator AB",Sweden,ST,SEK,"Common Stock",SE0015407382
FERRO,"Ferroamp Elektronik AB",Sweden,ST,SEK,"Common Stock",SE0012229920
FG,"Fasadgruppen Group AB",Sweden,ST,SEK,"Common Stock",SE0015195771
FIL,"Filo Mining Corp",Sweden,ST,SEK,"Common Stock",CA31730E1016
FING-B,"Fingerprint Cards AB (publ)",Sweden,ST,SEK,"Common Stock",SE0008374250
FING-TO7-B,"Fingerprint Cards TO7 B",Sweden,ST,SEK,"Common Stock",SE0018768277
FING-TR-B,"Fingerprint Cards AB TR B",Sweden,XSTO,SEK,"Common Stock",
FIRE,"Firefly AB (publ)",Sweden,ST,SEK,"Common Stock",SE0000395428
FIRST-B,"First Venture Sweden AB Series B",Sweden,ST,SEK,"Common Stock",SE0016075451
FLAT-B,"Flat Capital AB Series B",Sweden,ST,SEK,"Common Stock",SE0016609846
FLEXM,"Flexion Mobile PLC",Sweden,ST,SEK,"Common Stock",GB00BZ1MDB19
FLEXQ,"FlexQube AB",Sweden,ST,SEK,"Common Stock",SE0010547075
FLMNG,"Fleming Properties AB",Sweden,ST,SEK,"Common Stock",SE0013042561
FLNGO,"Flex LNG Ltd",Sweden,ST,NOK,"Common Stock",
FLUI,"Fluicell AB",Sweden,ST,SEK,"Common Stock",SE0010831321
FLUO,"Fluoguide AS",Sweden,ST,SEK,"Common Stock",DK0061123312
FMM-B,"FM Mattsson Mora Group AB (publ)",Sweden,ST,SEK,"Common Stock",SE0018040883
FNM,"Ferronordic AB (publ)",Sweden,ST,SEK,"Common Stock",SE0005468717
FNOVA-B,"Fortinova Fastigheter AB Series B",Sweden,ST,SEK,"Common Stock",SE0014608915
FNOX,"Fortnox AB",Sweden,ST,SEK,"Common Stock",SE0017161243
FOI-B,"Fenix Outdoor International AG",Sweden,ST,SEK,"Common Stock",CH0242214887
FOOT-B,"Footway Group AB Series B",Sweden,ST,SEK,"Common Stock",SE0011563295
FOOT-PREF,"Footway Group AB Pfd.",Sweden,ST,SEK,"Common Stock",SE0007186176
FPAR-A,"FastPartner AB (publ)",Sweden,ST,SEK,"Common Stock",SE0013512506
FPAR-D,"FastPartner AB Series D",Sweden,ST,SEK,"Common Stock",SE0013512514
FPIP,"FormPipe Software AB",Sweden,ST,SEK,"Common Stock",SE0001338039
FRACTL,"Fractal Gaming Group AB",Sweden,ST,SEK,"Common Stock",SE0015504477
FRAG,"Fragbite Group AB",Sweden,ST,SEK,"Common Stock",SE0015949334
FRAM-B,"Fram Skandinavien AB Series B",Sweden,ST,SEK,"Common Stock",SE0010296269
FREEM,"Freemelt Holding AB",Sweden,ST,SEK,"Common Stock",SE0011167170
FREJA,"Freja eID Group AB",Sweden,ST,SEK,"Common Stock",SE0015950308
FRILAN,"Invoicery Group AB",Sweden,ST,SEK,"Common Stock",SE0019070434
FSPORT,"Fsport AB",Sweden,ST,SEK,"Common Stock",SE0016288641
G5EN,"G5 Entertainment publ AB",Sweden,ST,SEK,"Common Stock",SE0001824004
GABA,"Gabather AB (publ)",Sweden,ST,SEK,"Common Stock",SE0010869552
GAPW-B,"Gapwaves AB Series B",Sweden,ST,SEK,"Common Stock",SE0009155518
GARO,"Garo AB",Sweden,ST,SEK,"Common Stock",SE0015812417
GBK,"Goodbye Kansas Group AB (publ)",Sweden,ST,SEK,"Common Stock",SE0010270793
GCOR,"Gaming Corps AB",Sweden,ST,SEK,"Common Stock",SE0014694691
GENI,"Generic Sweden publ AB",Sweden,ST,SEK,"Common Stock",SE0001790791
GENO,"Genovis AB (publ.)",Sweden,ST,SEK,"Common Stock",SE0002485979
GETI-B,"Getinge AB ser. B",Sweden,ST,SEK,"Common Stock",SE0000202624
GGEO,"Guideline Geo AB (publ)",Sweden,ST,SEK,"Common Stock",SE0005562014
GHUS-B,"Götenehus Group AB (publ)",Sweden,ST,SEK,"Common Stock",SE0001799636
GIAB,"Godsinlosen Nordic AB",Sweden,ST,SEK,"Common Stock",SE0016101760
GIGSEK,"Gaming Innovation Group Inc",Sweden,ST,SEK,"Common Stock",US36467X2062
GOMX,"GomSpace Group AB",Sweden,ST,SEK,"Common Stock",SE0008348304
GOTL-A,"Gotland Rederi AB Series A",Sweden,ST,SEK,"Common Stock",SE0000105371
GOTL-B,"Gotland Rederi AB Series B",Sweden,ST,SEK,"Common Stock",SE0000105397
GPG,"Genova Property Group AB",Sweden,ST,SEK,"Common Stock",SE0007184189
GPX,"Gasporox AB (publ)",Sweden,ST,SEK,"Common Stock",SE0008991624
GREAT,"Greater Than AB",Sweden,ST,SEK,"Common Stock",SE0005881554
GREEN,"Green Landscaping Group AB (publ)",Sweden,ST,SEK,"Common Stock",SE0010985028
GRNG,"Gränges AB (publ)",Sweden,ST,SEK,"Common Stock",SE0006288015
GUARD,"Guard Therapeutics International AB",Sweden,ST,SEK,"Common Stock",SE0009973357
HANZA,"Hanza AB",Sweden,ST,SEK,"Common Stock",SE0005878543
HAV-B,"Havsfrun Investment AB (publ)",Sweden,ST,SEK,"Common Stock",SE0000312043
HAYPP,"Haypp Grp Ab",Sweden,ST,SEK,"Common Stock",SE0016829469
HDW-B,"Hitech & Development Wireless Sweden Holding AB (publ)",Sweden,ST,SEK,"Common Stock",SE0009889405
HEART,"Real Heart",Sweden,ST,SEK,"Common Stock",SE0006256798
HEBA-B,"HEBA Fastighets AB (publ)",Sweden,ST,SEK,"Common Stock",SE0017911480
HEGR,"Hedera Group publ AB",Sweden,ST,SEK,"Common Stock",SE0007815113
HEIM-PREF,"Heimstaden AB Pfd.",Sweden,ST,SEK,"Common Stock",SE0015949037
HELIO,"Heliospectra publ AB",Sweden,ST,SEK,"Common Stock",SE0005933082
HEM,"Hemnet Group AB",Sweden,ST,SEK,"Common Stock",SE0015671995
HEMC,"Hemcheck Sweden AB",Sweden,ST,SEK,"Common Stock",SE0009320278
HEXA-B,"Hexagon AB (publ)",Sweden,ST,SEK,"Common Stock",SE0015961909
HEXI,"Hexicon AB",Sweden,ST,SEK,"Common Stock",SE0004898799
HIFA-B,"Hifab Group AB Series B",Sweden,ST,SEK,"Common Stock",SE0000483943
HIGHCO-B,"High Coast Distillery AB",Sweden,ST,SEK,"Common Stock",SE0003848613
HILB-B,"Hilbert Group AB Series B",Sweden,ST,SEK,"Common Stock",SE0016278154
HM-B,"H & M Hennes & Mauritz AB (publ)",Sweden,ST,SEK,"Common Stock",SE0000106270
HMS,"HMS Networks AB (publ)",Sweden,ST,SEK,"Common Stock",SE0009997018
HNSA,"Hansa Biopharma AB",Sweden,ST,SEK,"Common Stock",SE0002148817
HOFI,"Hoist Finance AB",Sweden,ST,SEK,"Common Stock",SE0006887063
HOLM-A,"Holmen AB (publ)",Sweden,ST,SEK,"Common Stock",SE0011090000
HOLM-B,"Holmen AB (publ)",Sweden,ST,SEK,"Common Stock",SE0011090018
HOYLU,"Hoylu AB",Sweden,ST,SEK,"Common Stock",SE0009581192
HPOL-B,"HEXPOL AB (publ)",Sweden,ST,SEK,"Common Stock",SE0007074281
HTRO,"Hexatronic Group AB",Sweden,ST,SEK,"Common Stock",SE0018040677
HUFV-A,"Hufvudstaden AB (publ)",Sweden,ST,SEK,"Common Stock",SE0000170375
HUM,"Humana AB (publ)",Sweden,ST,SEK,"Common Stock",SE0008040653
HUMBLE,"Humble Group AB",Sweden,ST,SEK,"Common Stock",SE0006261046
HUSQ-A,"Husqvarna AB (publ)",Sweden,ST,SEK,"Common Stock",SE0001662222
HUSQ-B,"Husqvarna AB (publ)",Sweden,ST,SEK,"Common Stock",SE0001662230
IAR-B,"IAR Systems Group AB (publ)",Sweden,ST,SEK,"Common Stock",SE0005851706
IBT-B,"Infant Bacterial Therapeutics AB (publ)",Sweden,ST,SEK,"Common Stock",SE0008015259
ICO,Iconovo,Sweden,ST,SEK,"Common Stock",SE0010868943
IDOGEN,"Idogen AB",Sweden,ST,SEK,"Common Stock",SE0014428561
IDUN-B,"Idun Industrier AB Series B",Sweden,ST,SEK,"Common Stock",SE0013512464
IMMNOV,"Immunovia publ AB",Sweden,ST,SEK,"Common Stock",SE0006091997
IMMU,"Mendus AB (publ)",Sweden,ST,SEK,"Common Stock",SE0005003654
IMMU-TO3,"Mendus AB TO3",Sweden,ST,SEK,"Common Stock",
IMP-A-SDB,"Implantica AG",Sweden,ST,SEK,"Common Stock",SE0014855029
IMPC,"Impact Coatings publ AB",Sweden,ST,SEK,"Common Stock",SE0001279142
INCOAX,"InCoax Networks AB",Sweden,ST,SEK,"Common Stock",SE0009832595
INDEX,"InDex Pharmaceuticals Holding AB",Sweden,ST,SEK,"Common Stock",SE0008966295
INDT,"Indutrade AB",Sweden,ST,SEK,"Common Stock",SE0001515552
INDU-A,"Industrivarden AB ser. A",Sweden,ST,SEK,"Common Stock",SE0000190126
INDU-C,"Industrivarden AB ser. C",Sweden,ST,SEK,"Common Stock",SE0000107203
INFREA,"Infrea AB",Sweden,ST,SEK,"Common Stock",SE0010600106
INISS-B,"Inission AB (publ)",Sweden,ST,SEK,"Common Stock",SE0016275069
INIT,"Initiator Pharma A/S",Sweden,ST,SEK,"Common Stock",DK0060775872
INSP,"Insplorion AB",Sweden,ST,SEK,"Common Stock",SE0006994943
INSTAL,"Instalco Intressenter AB",Sweden,ST,SEK,"Common Stock",SE0017483506
INT,"Intellego Technologies AB",Sweden,ST,SEK,"Common Stock",SE0016075063
INTEG-B,"Integrum AB Series B",Sweden,ST,SEK,"Common Stock",SE0009807266
INTRUM,"Intrum Justitia AB",Sweden,ST,SEK,"Common Stock",SE0000936478
INVE-A,"Investor AB ser. A",Sweden,ST,SEK,"Common Stock",SE0015811955
INVE-B,"Investor AB ser. B",Sweden,ST,SEK,"Common Stock",SE0015811963
INWI,"Inwido AB",Sweden,ST,SEK,"Common Stock",SE0006220018
IPCO,"International Petroleum Corporation",Sweden,ST,SEK,"Common Stock",CA46016U1084
IRIS,"Irisity AB",Sweden,ST,SEK,"Common Stock",SE0005365681
IRLAB-A,"IRLAB Therapeutics AB (publ)",Sweden,ST,SEK,"Common Stock",SE0012675361
IRRAS,"Irras AB",Sweden,ST,SEK,"Common Stock",SE0008321202
IS,"Image Systems AB",Sweden,ST,SEK,"Common Stock",SE0006421871
ISOFOL,"Isofol Medical AB",Sweden,ST,SEK,"Common Stock",SE0009581051
ITAB,"ITAB Shop Concept AB ser. B",Sweden,ST,SEK,"Common Stock",SE0015962097
ITECH,I-Tech,Sweden,ST,SEK,"Common Stock",SE0011167725
IVACC,"Intervacc AB",Sweden,ST,SEK,"Common Stock",SE0009607252
IVSO,"Invisio Communications AB",Sweden,ST,SEK,"Common Stock",SE0001200015
IZAFE-B,"iZafe Group AB Series B",Sweden,ST,SEK,"Common Stock",SE0003656834
JDT,"JonDeTech Sensors",Sweden,ST,SEK,"Common Stock",SE0009662554
JETPAK,"Jetpak Top Holding AB",Sweden,ST,SEK,"Common Stock",SE0012012508
JLT,"JLT Mobile Computers AB (publ)",Sweden,ST,SEK,"Common Stock",SE0000725624
JM,"JM AB (publ)",Sweden,ST,SEK,"Common Stock",SE0000806994
JOBS,"Job Solution Sweden Holding AB",Sweden,ST,SEK,"Common Stock",SE0017564800
JOMA,"John Mattson Fastighetsforetagen AB",Sweden,ST,SEK,"Common Stock",SE0012481364
K2A-B,"K2A Knaust & Andersson Fastigheter AB (publ)",Sweden,ST,SEK,"Common Stock",SE0010520254
K2A-PREF,"K2A Knaust & Andersson Fastigheter AB (publ)",Sweden,ST,SEK,"Common Stock",SE0006852075
KABE-B,"KABE Group AB (publ.)",Sweden,ST,SEK,"Common Stock",SE0000107724
KAKEL,"Kakel Max AB (publ)",Sweden,ST,SEK,"Common Stock",SE0009921075
KAMBI,"Kambi Group PLC",Sweden,ST,SEK,"Common Stock",MT0000780107
KAN,"Kancera AB (publ)",Sweden,ST,SEK,"Common Stock",SE0015658570
KAPIAB,"Kalleback Property Invest AB",Sweden,ST,SEK,"Common Stock",SE0005704079
KAR,"Karnov Group AB",Sweden,ST,SEK,"Common Stock",SE0012323715
KDEV,"Karolinska Development AB ser. B",Sweden,ST,SEK,"Common Stock",SE0002190926
KEBNI-B,"KebNi AB (publ)",Sweden,ST,SEK,"Common Stock",SE0012904803
KENH,"Kentima Holding publ AB",Sweden,ST,SEK,"Common Stock",SE0005100757
KFAST-B,"K-Fast Holding AB (publ)",Sweden,ST,SEK,"Common Stock",SE0016101679
KILI,"Kiliaro AB",Sweden,ST,SEK,"Common Stock",SE0016275333
KIND-SDB,"Kindred Group plc",Sweden,ST,SEK,"Common Stock",SE0007871645
KINV-A,"Kinnevik Investment AB ser. A",Sweden,ST,SEK,"Common Stock",SE0015810239
KINV-B,"Kinnevik Investment AB ser. B",Sweden,ST,SEK,"Common Stock",SE0015810247
KJELL,"Kjell Group AB",Sweden,ST,SEK,"Common Stock",SE0016797591
KLAR,"Klaria Pharma Holding AB",Sweden,ST,SEK,"Common Stock",SE0007280326
KLARA-B,"KlaraBo Sverige AB Series B",Sweden,ST,SEK,"Common Stock",SE0010832287
KLIMAT,"Klimator AB",Sweden,ST,SEK,"Common Stock",SE0014401329
KNOW,"Know IT AB",Sweden,ST,SEK,"Common Stock",SE0000421273
KOLL,"Kollect on Demand Holding Ab",Sweden,ST,SEK,"Common Stock",SE0013512019
KONT,"Kontigo Care AB",Sweden,ST,SEK,"Common Stock",SE0007075247
KOPY,"Kopy Goldfields publ AB",Sweden,ST,SEK,"Common Stock",SE0002245548
L2S,"Learning 2 Sleep L2S AB",Sweden,ST,SEK,"Common Stock",SE0017083694
LADYLU,"LL Lucky Games publ AB",Sweden,ST,SEK,"Common Stock",SE0015797873
LAGR-B,"Lagercrantz Group AB (publ)",Sweden,ST,SEK,"Common Stock",SE0014990966
LAMM-B,"Lammhults Design Group AB (publ)",Sweden,ST,SEK,"Common Stock",SE0000386138
LATO-B,"Investment AB Latour (publ)",Sweden,ST,SEK,"Common Stock",SE0010100958
LAUR,"Lauritz.com A/S",Sweden,ST,SEK,"Common Stock",DK0060733368
LCLEAN,"Lifeclean International AB",Sweden,ST,SEK,"Common Stock",SE0014829271
LEMSE,"Leading Edge Materials Corp",Sweden,ST,SEK,"Common Stock",CA52171T1003
LEVEL,"Nordic LEVEL Group AB",Sweden,ST,SEK,"Common Stock",SE0012313302
LIAB,"Lindab International AB",Sweden,ST,SEK,"Common Stock",SE0001852419
LIDDS,"Lidds AB",Sweden,ST,SEK,"Common Stock",SE0001958612
LIFCO-B,"Lifco AB (publ)",Sweden,ST,SEK,"Common Stock",SE0015949201
LIME,"Lime Technologies AB (publ)",Sweden,ST,SEK,"Common Stock",SE0011870195
LINC,"Linc AB",Sweden,ST,SEK,"Common Stock",SE0015949433
LINKFI,"Linkfire AS",Sweden,ST,SEK,"Common Stock",DK0061550811
LIPI,"Lipidor Ab",Sweden,ST,SEK,"Common Stock",SE0012558617
LIPUM,"Lipum AB",Sweden,ST,SEK,"Common Stock",SE0015660899
LITI,"Litium AB (publ)",Sweden,ST,SEK,"Common Stock",SE0007387246
LMKG,"LMK Group AB",Sweden,ST,SEK,"Common Stock",SE0015556873
LOGI-A,"Logistea A",Sweden,ST,SEK,"Common Stock",SE0017131329
LOGI-B,"Logistea AB Series B",Sweden,ST,SEK,"Common Stock",SE0017131337
LOGI-TR-A,"Logistea AB TR A",Sweden,XSTO,SEK,"Common Stock",
LOGI-TR-B,"Logistea AB TR B",Sweden,XSTO,SEK,"Common Stock",
LOHILO,"Lohilo Foods AB",Sweden,ST,SEK,"Common Stock",SE0014262549
LOOMIS,"Loomis AB ser. B",Sweden,ST,SEK,"Common Stock",SE0014504817
LPGO,"Lipigon Pharmaceuticals AB",Sweden,ST,SEK,"Common Stock",SE0015382072
LUC,"Lucara Diamond Corp",Sweden,ST,SEK,"Common Stock",CA54928Q1081
LUG,"Lundin Gold Inc",Sweden,ST,SEK,"Common Stock",CA5503711080
LUMEN,"LumenRadio AB",Sweden,ST,SEK,"Common Stock",SE0019072158
LUMI,"Lundin Mining Corporation",Sweden,ST,SEK,"Common Stock",CA5503721063
LUND-B,"L E Lundbergföretagen AB (publ)",Sweden,ST,SEK,"Common Stock",SE0000108847
LXB,"Luxbright AB",Sweden,ST,SEK,"Common Stock",SE0015192075
LYGRD,"Lyckegard Group AB",Sweden,ST,SEK,"Common Stock",SE0017160575
LYXGREENBOND,"Lyxor Green Bond (DR) UCITS ETF - Acc",Sweden,ST,SEK,ETF,
LYXPAB,"Lyxor Net Zero 2050 S&P World Climate PAB (DR) UCITS ETF - Acc",Sweden,ST,SEK,ETF,
M8G,"Media and Games Invest PLC",Sweden,ST,SEK,"Common Stock",MT0000580101
MACK-B,"Mackmyra Svensk Whisky AB Series B",Sweden,ST,SEK,"Common Stock",SE0000731747
MAGI,"MAG Interactive AB (publ)",Sweden,ST,SEK,"Common Stock",SE0010520908
MAGLE,"Magle Chemoswed Holding Ab",Sweden,ST,SEK,"Common Stock",SE0014401014
MAHA-A,"Maha Energy AB (publ)",Sweden,ST,SEK,"Common Stock",SE0008374383
MANG,"Mangold Fondkommission AB",Sweden,ST,SEK,"Common Stock",SE0001449380
MANTEX,"Mantex AB",Sweden,ST,SEK,"Common Stock",SE0009663339
MAV,"Mavshack publ AB",Sweden,ST,SEK,"Common Stock",SE0005992419
MAVEN,"Maven Wireless Sweden AB",Sweden,ST,SEK,"Common Stock",SE0015961180
MCAP,"MedCap AB (publ)",Sweden,ST,SEK,"Common Stock",SE0009160872
MCOV-B,"Medicover AB (publ)",Sweden,ST,SEK,"Common Stock",SE0009778848
MEAB-B,"Malmbergs Elektriska AB (publ)",Sweden,ST,SEK,"Common Stock",SE0000507659
MEDHLP,"Medhelp Care AB",Sweden,ST,SEK,"Common Stock",SE0016799001
MEKO,"Mekonomen AB",Sweden,ST,SEK,"Common Stock",SE0002110064
MERIS,"Meriaura Group Oyj",Sweden,ST,SEK,"Common Stock",
META,"Metacon AB",Sweden,ST,SEK,"Common Stock",SE0003086214
MIDS,"Midsummer AB (publ)",Sweden,ST,SEK,"Common Stock",SE0011281757
MIDW-A,"Midway Holding AB ser. A",Sweden,ST,SEK,"Common Stock",SE0000122657
MIDW-B,"Midway Holding AB ser. B",Sweden,ST,SEK,"Common Stock",SE0000122673
MILDEF,"MilDef Group AB",Sweden,ST,SEK,"Common Stock",SE0016074249
MINEST,"Minesto AB",Sweden,ST,SEK,"Common Stock",SE0007578141
MIPS,"MIPS AB",Sweden,ST,SEK,"Common Stock",SE0009216278
MISE,"Misen Energy AB",Sweden,ST,SEK,"Common Stock",SE0001486952
MMGR-B,"Momentum Group AB (publ)",Sweden,ST,SEK,"Common Stock",SE0017562523
MNDRK,"MindArk PE AB",Sweden,ST,SEK,"Common Stock",SE0019354358
MNTC,"Mentice AB",Sweden,ST,SEK,"Common Stock",SE0012673291
MOB,"Moberg Pharma AB (publ)",Sweden,ST,SEK,"Common Stock",SE0003613090
MOB-BTU,"Moberg Pharma AB BTU",Sweden,XSTO,SEK,"Common Stock",
MOB-UR,"Moberg Pharma AB UR",Sweden,ST,SEK,"Common Stock",
MOBA,"MOBA Network publ AB",Sweden,ST,SEK,"Common Stock",SE0016277909
MODEL-B,"Modelon AB Cl B",Sweden,ST,SEK,"Common Stock",SE0015948591
MODTX,"Modus Therapeutics Holding AB",Sweden,ST,SEK,"Common Stock",SE0015987904
MOFAST,"Mofast AB",Sweden,ST,SEK,"Common Stock",SE0012596120
MOMENT,"Moment Group AB",Sweden,ST,SEK,"Common Stock",SE0000680902
MOV,"Move About Group AB",Sweden,ST,SEK,"Common Stock",SE0016830335
MSAB-B,"Micro Systemation AB (publ)",Sweden,ST,SEK,"Common Stock",SE0000526626
MSON-A,"Midsona AB (publ)",Sweden,ST,SEK,"Common Stock",SE0000565210
MSON-B,"Midsona AB (publ)",Sweden,ST,SEK,"Common Stock",SE0000565228
MTG-A,"Modern Times Group Mtg AB",Sweden,ST,SEK,"Common Stock",SE0018012486
MTG-B,"Modern Times Group Mtg AB",Sweden,ST,SEK,"Common Stock",SE0018012494
MTI,"MTI Investment SE",Sweden,ST,SEK,"Common Stock",SE0017105539
MTRS,"Munters Group AB",Sweden,ST,SEK,"Common Stock",SE0009806607
MVIR,"Medivir AB",Sweden,ST,SEK,"Common Stock",SE0000273294
MYCR,"Mycronic publ AB",Sweden,ST,SEK,"Common Stock",SE0000375115
NAIG-B,"Nordic Asia Investment Group 1987 AB Series B",Sweden,ST,SEK,"Common Stock",SE0016609333
NANEXA,"Nanexa AB",Sweden,ST,SEK,"Common Stock",SE0007074166
NANOC-B,"Nanocap Group AB Series B",Sweden,ST,SEK,"Common Stock",SE0004020931
NANOFS,"Nanoform Finland Plc",Sweden,ST,SEK,"Common Stock",FI4000330972
NAVIGO-PREF,"Navigo Invest AB Pfd",Sweden,ST,SEK,"Common Stock",
NAXS,"NAXS Nordic Access Buyout Fund AB",Sweden,ST,SEK,"Common Stock",SE0001965369
NBZ,"Northbaze Group AB",Sweden,ST,SEK,"Common Stock",SE0003204908
NCAB,"NCAB Group",Sweden,ST,SEK,"Common Stock",SE0017160773
NCC-A,"NCC AB (publ)",Sweden,ST,SEK,"Common Stock",SE0000118952
NCC-B,"NCC AB (publ)",Sweden,ST,SEK,"Common Stock",SE0000117970
NDA-SE,"Nordea Bank Abp",Sweden,ST,SEK,"Common Stock",FI4000297767
NELLY,"Nelly Group AB",Sweden,ST,SEK,"Common Stock",SE0015245535
NELO,"NEL Hydrogen ASA",Sweden,ST,NOK,"Common Stock",
NEOBO,"NEOBO FASTIGHETER",Sweden,ST,SEK,"Common Stock",SE0005034550
NEOD,"Neodynamics AB",Sweden,ST,SEK,"Common Stock",SE0011563410
NEOLA,"Neola Medical AB",Sweden,ST,SEK,"Common Stock",SE0014829255
NEPA,"Nepa AB",Sweden,ST,SEK,"Common Stock",SE0008066302
NETEL,"Netel Holding AB",Sweden,ST,SEK,"Common Stock",SE0016798417
NETI-B,"Net Insight AB (publ)",Sweden,ST,SEK,"Common Stock",SE0000366098
NETM-B,"Netmore Group AB Series B",Sweden,ST,SEK,"Common Stock",SE0009921976
NEWA-B,"New Wave Group AB (publ)",Sweden,ST,SEK,"Common Stock",SE0000426546
NEWBRY,"Newbury Pharmaceuticals AB",Sweden,ST,SEK,"Common Stock",SE0015244884
NEXAM,"Nexam Chemical Holding AB",Sweden,ST,SEK,"Common Stock",SE0005101003
NFGAB,"Nordic Flanges Group AB",Sweden,ST,SEK,"Common Stock",SE0001994658
NG,"Northgold AB",Sweden,ST,SEK,"Common Stock",SE0017131071
NGENIC,"Ngenic AB",Sweden,ST,SEK,"Common Stock",SE0015812573
NGS,"NGS Group AB (publ)",Sweden,ST,SEK,"Common Stock",SE0009947708
NIBE-B,"NIBE Industrier AB (publ)",Sweden,ST,SEK,"Common Stock",SE0015988019
NICA,"Nanologica AB",Sweden,ST,SEK,"Common Stock",SE0005454873
NICO,"Nicoccino Holding AB",Sweden,ST,SEK,"Common Stock",SE0005506185
NIL-B,"Niloerngruppen AB Series B",Sweden,ST,SEK,"Common Stock",SE0007100342
NILAR,"Nilar International AB",Sweden,ST,SEK,"Common Stock",SE0015950001
NILS,"Nilsson Special Vehicles publ AB",Sweden,ST,SEK,"Common Stock",SE0007702949
NIO,"Nordic Iron Ore",Sweden,ST,SEK,"Common Stock",SE0011528017
NITRO,"Nitro Games Oyj",Sweden,ST,SEK,"Common Stock",FI4000242961
NIVI-B,"Nivika Fastigheter AB Series B",Sweden,ST,SEK,"Common Stock",SE0017083272
NJOB,"NetJobs Group AB",Sweden,ST,SEK,"Common Stock",SE0001790346
NMAN,"Nederman Holding AB",Sweden,ST,SEK,"Common Stock",SE0011204510
NNH,"New Nordic Healthbrands AB (publ)",Sweden,ST,SEK,"Common Stock",SE0001838038
NOBI,"Nobia AB",Sweden,ST,SEK,"Common Stock",SE0000949331
NOKIA,"Nokia Oyj",Sweden,ST,EUR,"Common Stock",FI0009000681
NOLA-B,"Nolato AB (publ)",Sweden,ST,SEK,"Common Stock",SE0015962477
NORB-B,"Nordisk Bergteknik AB Series B",Sweden,ST,SEK,"Common Stock",SE0015812128
NORDIG,"Nord Insuretech Group AB",Sweden,ST,SEK,"Common Stock",SE0013486255
NORVA,"Norva24 Group AB",Sweden,ST,SEK,"Common Stock",SE0017084759
NOSA,"Nosa Med AB",Sweden,ST,SEK,"Common Stock",SE0006994539
NOTE,"NOTE AB",Sweden,ST,SEK,"Common Stock",SE0001161654
NP3,"NP3 Fastigheter AB",Sweden,ST,SEK,"Common Stock",SE0006342333
NP3-PREF,"NP3 Fastigheter AB (publ)",Sweden,ST,SEK,"Common Stock",SE0010820514
NPAPER,"Nordic Paper Holding AB",Sweden,ST,SEK,"Common Stock",SE0014808838
NTEK-B,"Novotek AB",Sweden,ST,SEK,"Common Stock",SE0000567752
NWG,"Nordic Waterproofing Holding AB (publ)",Sweden,ST,SEK,"Common Stock",DK0060738409
NXTCL,"NextCell Pharma AB",Sweden,ST,SEK,"Common Stock",SE0009723125
NYF,"Nyfosa AB (publ)",Sweden,ST,SEK,"Common Stock",SE0011426428
NYTTO,"Svenska Nyttobostader AB",Sweden,ST,SEK,"Common Stock",SE0014808853
NYTTO-PREF,"Svenska Nyttobostader AB Pfd.",Sweden,ST,SEK,"Common Stock",SE0014808861
OBAB,"Online Brands Nordic AB",Sweden,ST,SEK,"Common Stock",SE0017133838
OEM-B,"OEM International AB (publ)",Sweden,ST,SEK,"Common Stock",SE0015810577
OGUN-B,"Ogunsen AB Series B",Sweden,ST,SEK,"Common Stock",SE0008406151
ONCO,"Oncopeptides AB",Sweden,ST,SEK,"Common Stock",SE0009414576
ONCOZ,"Oncozenge AB",Sweden,ST,SEK,"Common Stock",SE0015504097
ONEF,"Oneflow AB",Sweden,ST,SEK,"Common Stock",SE0017564461
OP,"Oscar Properties Holding AB",Sweden,ST,SEK,"Common Stock",SE0016278303
OP-TO1,"Oscar Properties Holding AB TO1",Sweden,ST,SEK,"Common Stock",SE0017083561
OPTER,"Opter AB",Sweden,ST,SEK,"Common Stock",SE0016829501
OPTI,"OptiCept Technologies AB",Sweden,ST,SEK,"Common Stock",SE0005881786
ORES,"Investment AB Oresund",Sweden,ST,SEK,"Common Stock",SE0008321608
ORGC,"Organoclick AB",Sweden,ST,SEK,"Common Stock",SE0006510335
ORRON,"Orrön Energy AB (publ)",Sweden,ST,SEK,"Common Stock",SE0000825820
ORTI-A,"Ortivus AB ser. A",Sweden,ST,SEK,"Common Stock",SE0000188930
ORTI-B,"Ortivus AB ser. B",Sweden,ST,SEK,"Common Stock",SE0000123085
ORX,"Orexo AB",Sweden,ST,SEK,"Common Stock",SE0000736415
OSSD,"OssDsign AB",Sweden,ST,SEK,"Common Stock",SE0012570448
OURLIV,"OurLiving AB",Sweden,ST,SEK,"Common Stock",SE0009606593
OVZON,"Ovzon AB",Sweden,ST,SEK,"Common Stock",SE0010948711
OX2,"OX2 AB",Sweden,ST,SEK,"Common Stock",SE0016075337
OXE,"OXE Marine AB",Sweden,ST,SEK,"Common Stock",SE0009888613
PACT,"Proact IT Group AB",Sweden,ST,SEK,"Common Stock",SE0015961222
PAGERO,"Pagero Group AB (Publ)",Sweden,ST,SEK,"Common Stock",SE0016830517
PAX,"Paxman AB",Sweden,ST,SEK,"Common Stock",SE0009806284
PCAT,"Photocat AS",Sweden,ST,SEK,"Common Stock",DK0060668796
PCELL,"Powercell Sweden",Sweden,ST,SEK,"Common Stock",SE0006425815
PCOM-B,"Precomp Solutions AB Series B",Sweden,ST,SEK,"Common Stock",SE0006091724
PDX,"Paradox Interactive AB (publ)",Sweden,ST,SEK,"Common Stock",SE0008294953
PEAB-B,"Peab AB (publ)",Sweden,ST,SEK,"Common Stock",SE0000106205
PEGRO-PREF,"Pegroco Invest AB Pfd.",Sweden,ST,SEK,"Common Stock",SE0007100540
PENG-B,"Projektengagemang Sweden AB (publ)",Sweden,ST,SEK,"Common Stock",SE0011337666
PHARM,"Pharmiva AB",Sweden,ST,SEK,"Common Stock",SE0015530670
PHLOG-B,"Pharmacolog i Uppsala AB Series B",Sweden,ST,SEK,"Common Stock",SE0019071812
PIERCE,"Pierce Group AB",Sweden,ST,SEK,"Common Stock",SE0015658364
PILA,"Pila Pharma AB",Sweden,ST,SEK,"Common Stock",SE0015988274
PION-B,"Pion Group AB Series B",Sweden,ST,SEK,"Common Stock",SE0000567539
PLAZ-B,"Platzer Fastigheter Holding AB (publ)",Sweden,ST,SEK,"Common Stock",SE0004977692
PLEX,"Plexian AB",Sweden,ST,SEK,"Common Stock",SE0015659941
PLUN,"ProstaLund AB",Sweden,ST,SEK,"Common Stock",SE0002372318
PNDX-B,"Pandox AB (publ)",Sweden,ST,SEK,"Common Stock",SE0007100359
POLY,"PolyPlank publ AB",Sweden,ST,SEK,"Common Stock",SE0005569290
POLYG,"Polygiene AB",Sweden,ST,SEK,"Common Stock",SE0007692157
POOL-B,"Poolia AB (publ)",Sweden,ST,SEK,"Common Stock",SE0000567539
PRCO-B,"Precio Fishbone AB (publ)",Sweden,ST,SEK,"Common Stock",SE0000141137
PREC,"Precise Biometrics AB",Sweden,ST,SEK,"Common Stock",SE0018013849
PREV-B,"Prevas AB",Sweden,ST,SEK,"Common Stock",SE0000356008
PRFO,"Profoto Holding AB",Sweden,ST,SEK,"Common Stock",SE0015962147
PRIC-B,"Pricer AB (publ)",Sweden,ST,SEK,"Common Stock",SE0000233934
PRIC-BTA-B,"Pricer AB BTA B",Sweden,ST,SEK,"Common Stock",SE0020678779
PRIC-TR-B,"Pricer AB TR B",Sweden,ST,SEK,"Common Stock",SE0020678761
PRO,"Promimic AB",Sweden,ST,SEK,"Common Stock",SE0017487242
PROB,"Probi AB",Sweden,ST,SEK,"Common Stock",SE0001280355
PROF-B,"ProfilGruppen AB (publ)",Sweden,ST,SEK,"Common Stock",SE0000393860
PROGEN,"Prostatype Genomics AB",Sweden,ST,SEK,"Common Stock",SE0014684569
PROMO,"Promore Pharma AB",Sweden,ST,SEK,"Common Stock",SE0009947740
PSCAND,"Permascand Top Holding AB",Sweden,ST,SEK,"Common Stock",SE0015962048
PTRK,"Physitrack PLC",Sweden,ST,SEK,"Common Stock",GB00BK80TJ35
PURE,"Purefun Group AB",Sweden,ST,SEK,"Common Stock",SE0017232838
QAIR,"Qleanair Holding AB",Sweden,ST,SEK,"Common Stock",SE0013382066
QIIWI,"Qiiwi Games AB (publ)",Sweden,ST,SEK,"Common Stock",SE0010245373
QLIFE,"Qlife Holding AB",Sweden,ST,SEK,"Common Stock",SE0013486552
QLINEA,"Q linea AB",Sweden,ST,SEK,"Common Stock",SE0011527845
QLIRO,"Qliro AB",Sweden,ST,SEK,"Common Stock",SE0013719077
QLOSR-B,"Qlosr Group AB Series B",Sweden,ST,SEK,"Common Stock",SE0018169195
QUART,"Quartiers Properties AB",Sweden,ST,SEK,"Common Stock",SE0009697204
QUART-PREF,"Quartiers Properties AB (publ)",Sweden,ST,SEK,"Common Stock",SE0009697212
QUIA,"QuiaPEG Pharmaceuticals Holding AB",Sweden,ST,SEK,"Common Stock",SE0001384850
RAIL,"Railcare Group AB (publ)",Sweden,ST,SEK,"Common Stock",SE0010441139
RAKE,"Raketech Group Holding",Sweden,ST,SEK,"Common Stock",MT0001390104
RATO-A,"Ratos AB (publ)",Sweden,ST,SEK,"Common Stock",SE0000191090
RATO-B,"Ratos AB (publ)",Sweden,ST,SEK,"Common Stock",SE0000111940
RAY-B,"RaySearch Laboratories AB (publ)",Sweden,ST,SEK,"Common Stock",SE0000135485
READ,"Readly International AB",Sweden,ST,SEK,"Common Stock",SE0014855292
REALFI,"Realfiction Holding AB",Sweden,ST,SEK,"Common Stock",SE0009920994
REATO,"Dome Energy AB",Sweden,ST,SEK,"Common Stock",SE0011415710
REDS,"Redsense Medical AB",Sweden,ST,SEK,"Common Stock",SE0006965158
REDW,"Redwood Pharma AB",Sweden,ST,SEK,"Common Stock",SE0008294789
REFINE,"Refine Group AB",Sweden,ST,SEK,"Common Stock",
REJL-B,"Rejlers AB (publ)",Sweden,ST,SEK,"Common Stock",SE0000123671
RENEW,"Re:NewCell AB (publ)",Sweden,ST,SEK,"Common Stock",SE0014960431
RESQ,"Resqunit AB",Sweden,ST,SEK,"Common Stock",SE0017131220
RESURS,"Resurs Holding AB",Sweden,ST,SEK,"Common Stock",SE0007665823
RIGHTB,"RightBridge Ventures Group AB",Sweden,ST,SEK,"Common Stock",SE0019070749
RIZZO-B,"Rizzo Group AB (publ)",Sweden,ST,SEK,"Common Stock",SE0016276109
RLOS-B,"RanLOS AB Series B",Sweden,ST,SEK,"Common Stock",SE0019762147
RLS,"RLS Global AB (publ)",Sweden,ST,SEK,"Common Stock",SE0005190725
RMDX,"Railway Metrics & Dynamics Sweden AB",Sweden,ST,SEK,"Common Stock",SE0011451921
RO,"Rolling Optics Holding AB (publ)",Sweden,ST,SEK,"Common Stock",SE0010520155
RPLAN,"Ranplan Group",Sweden,ST,SEK,"Common Stock",SE0011178201
RROS,"Rottneros AB",Sweden,ST,SEK,"Common Stock",SE0000112252
RUG,"Rugvista Group AB",Sweden,ST,SEK,"Common Stock",SE0015659834
RVRC,"RVRC Holding AB",Sweden,ST,SEK,"Common Stock",SE0015962485
S2M,"S2Medical AB",Sweden,ST,SEK,"Common Stock",SE0011725084
SAAB-B,"Saab AB (publ)",Sweden,ST,SEK,"Common Stock",SE0000112385
SAGA-A,"AB Sagax (publ)",Sweden,ST,SEK,"Common Stock",SE0004635878
SAGA-B,"AB Sagax (publ)",Sweden,ST,SEK,"Common Stock",SE0005127818
SAGA-D,"AB Sagax (publ)",Sweden,ST,SEK,"Common Stock",SE0009161052
SALT-B,"SaltX Technology Holding AB",Sweden,ST,SEK,"Common Stock",SE0005308541
SAMPO-SDB,"Sampo A SDB",Sweden,ST,SEK,"Common Stock",SE0018768707
SAND,"Sandvik AB",Sweden,ST,SEK,"Common Stock",SE0000667891
SANION,"Saniona AB",Sweden,ST,SEK,"Common Stock",SE0005794617
SAS,"SAS AB",Sweden,ST,SEK,"Common Stock",SE0003366871
SAVE,"Nordnet AB",Sweden,ST,SEK,"Common Stock",SE0015192067
SAVOS,"Savo Solar Oy",Sweden,ST,SEK,"Common Stock",FI4000425848
SAXG,"Saxlund Group AB",Sweden,ST,SEK,"Common Stock",SE0008966014
SBB-B,"Samhällsbyggnadsbolaget i Norden AB (publ)",Sweden,ST,SEK,"Common Stock",SE0009554454
SBB-D,"Samhaellsbyggnadsbolaget i Norden AB Series D",Sweden,ST,SEK,"Common Stock",SE0011844091
SBOK,"ScandBook Holding AB",Sweden,ST,SEK,"Common Stock",SE0003175660
SCA-A,"Svenska Cellulosa Aktiebolaget SCA (publ)",Sweden,ST,SEK,"Common Stock",SE0000171886
SCA-B,"Svenska Cellulosa Aktiebolaget SCA (publ)",Sweden,ST,SEK,"Common Stock",SE0000112724
SCIB,"Scibase AB",Sweden,ST,SEK,"Common Stock",SE0007045414
SCOL,"Scandion Oncology A/S",Sweden,ST,SEK,"Common Stock",DK0061031895
SCOUT,"Scout Gaming Group AB",Sweden,ST,SEK,"Common Stock",SE0010521153
SCST,"Scandi Standard publ AB",Sweden,ST,SEK,"Common Stock",SE0005999760
SDIP-B,"Sdiptech AB (publ)",Sweden,ST,SEK,"Common Stock",SE0003756758
SDIP-PREF,"Sdiptech AB (publ)",Sweden,ST,SEK,"Common Stock",SE0006758348
SDOS,"ScandiDos AB",Sweden,ST,SEK,"Common Stock",SE0005768124
SDS,"Seamless Distribution Systems AB",Sweden,ST,SEK,"Common Stock",SE0009994445
SEAF,"Seafire AB",Sweden,ST,SEK,"Common Stock",SE0009779796
SEB-A,"Skandinaviska Enskilda Banken AB (publ)",Sweden,ST,SEK,"Common Stock",SE0000148884
SEB-C,"Skandinaviska Enskilda Banken AB (publ)",Sweden,ST,SEK,"Common Stock",SE0000120784
SECARE,"Swedencare publ AB",Sweden,ST,SEK,"Common Stock",SE0015988167
SECI,"SECITS Holding AB (publ)",Sweden,ST,SEK,"Common Stock",SE0009664436
SECT-B,"Sectra AB (publ)",Sweden,ST,SEK,"Common Stock",SE0018245953
SECU-B,"Securitas AB",Sweden,ST,SEK,"Common Stock",SE0000163594
SEDANA,"Sedana Medical AB",Sweden,ST,SEK,"Common Stock",SE0015988373
SENS,"Sensys Traffic AB",Sweden,ST,SEK,"Common Stock",SE0000567729
SENZA,"SenzaGen AB",Sweden,ST,SEK,"Common Stock",SE0010219626
SERT,"Serstech AB",Sweden,ST,SEK,"Common Stock",SE0005365095
SEYE,"Smart Eye AB",Sweden,ST,SEK,"Common Stock",SE0009268279
SEZI,"Senzime AB",Sweden,ST,SEK,"Common Stock",SE0002478776
SF,"Stillfront Group AB (publ)",Sweden,ST,SEK,"Common Stock",SE0015346135
SFAB,"Solid FAB",Sweden,ST,SEK,"Common Stock",SE0017082548
SFAST,"Stenhus Fastigheter I Norden AB",Sweden,ST,SEK,"Common Stock",SE0014956819
SFERIO,"Spherio Group AB",Sweden,ST,SEK,"Common Stock",SE0015504626
SFL,"Safello Group AB",Sweden,ST,SEK,"Common Stock",SE0015346895
SFTR,"Safeture AB",Sweden,ST,SEK,"Common Stock",SE0006117297
SGG,"Sensys Gatso Group AB",Sweden,ST,SEK,"Common Stock",
SHB-A,"Svenska Handelsbanken AB (publ)",Sweden,ST,SEK,"Common Stock",SE0007100599
SHB-B,"Svenska Handelsbanken AB (publ)",Sweden,ST,SEK,"Common Stock",SE0007100607
SHOT,"Scandic Hotels Group AB (publ)",Sweden,ST,SEK,"Common Stock",SE0007640156
SILEON,"Sileon AB",Sweden,ST,SEK,"Common Stock",SE0013108867
SIMRIS-B,"Simris Alg AB (publ)",Sweden,ST,SEK,"Common Stock",SE0008091664
SINCH,"Sinch AB",Sweden,ST,SEK,"Common Stock",SE0016101844
SINT,"SinterCast AB",Sweden,ST,SEK,"Common Stock",SE0000950982
SIVE,"Sivers IMA Holding AB",Sweden,ST,SEK,"Common Stock",SE0003917798
SKA-B,"Skanska AB (publ)",Sweden,ST,SEK,"Common Stock",SE0000113250
SKF-A,"AB SKF (publ)",Sweden,ST,SEK,"Common Stock",SE0000108201
SKF-B,"AB SKF (publ)",Sweden,ST,SEK,"Common Stock",SE0000108227
SKIS-B,"SkiStar AB (publ)",Sweden,ST,SEK,"Common Stock",SE0012141687
SKMO,"Skane mollan AB",Sweden,ST,SEK,"Common Stock",SE0017885338
SKOLON,"Skolon AB",Sweden,ST,SEK,"Common Stock",SE0017615784
SLEEP,"Sleep Cycle AB",Sweden,ST,SEK,"Common Stock",SE0015961404
SLP-B,"Swedish Logistic Property AB Series B",Sweden,ST,SEK,"Common Stock",SE0017565476
SNM,"ShaMaran Petroleum Corp",Sweden,ST,SEK,"Common Stock",CA8193201024
SNX,"Premium Snacks Nordic AB",Sweden,ST,SEK,"Common Stock",SE0006260865
SOBI,"Swedish Orphan Biovitrum AB (publ)",Sweden,ST,SEK,"Common Stock",SE0000872095
SODER,"Soder Sportfiske AB",Sweden,ST,SEK,"Common Stock",SE0016276539
SOF-B,"Softronic AB",Sweden,ST,SEK,"Common Stock",SE0000323305
SOLT,"SolTech Energy Sweden AB",Sweden,ST,SEK,"Common Stock",SE0005392537
SONE,"Sonetel AB",Sweden,ST,SEK,"Common Stock",SE0009580517
SOZAP,"Sozap Publ AB",Sweden,ST,SEK,"Common Stock",SE0015812524
SPAGO,"Spago Nanomedical AB",Sweden,ST,SEK,"Common Stock",SE0004899474
SPEC,"SpectraCure AB",Sweden,ST,SEK,"Common Stock",SE0007158118
SPEONE,"Spectrumone publ AB",Sweden,ST,SEK,"Common Stock",SE0006994448
SPEQT,"Speqta publ AB",Sweden,ST,SEK,"Common Stock",SE0017937279
SPIFF,"Spiffbet AB",Sweden,ST,SEK,"Common Stock",SE0006913497
SPRINT,"Sprint Bioscience AB",Sweden,ST,SEK,"Common Stock",SE0006343745
SSAB-A,"SSAB AB (publ)",Sweden,ST,SEK,"Common Stock",SE0000171100
SSAB-B,"SSAB AB (publ)",Sweden,ST,SEK,"Common Stock",SE0000120669
STABL,"Stayble Therapeutics AB",Sweden,ST,SEK,"Common Stock",SE0013513652
STAR-A,"Starbreeze AB (publ)",Sweden,ST,SEK,"Common Stock",SE0007158928
STAR-B,"Starbreeze AB (publ)",Sweden,ST,SEK,"Common Stock",SE0005992831
STE-A,"Stora Enso Oyj ser. A",Sweden,ST,SEK,"Common Stock",FI0009007603
STE-R,"Stora Enso Oyj ser. R",Sweden,ST,SEK,"Common Stock",FI0009007611
STEF-B,"Stendörren Fastigheter AB (publ)",Sweden,ST,SEK,"Common Stock",SE0006543344
STIL,"Stille AB",Sweden,ST,SEK,"Common Stock",SE0000998650
STOR-B,"Storskogen Group AB Series B",Sweden,ST,SEK,"Common Stock",SE0016797732
STORY-B,"Storytel AB (publ)",Sweden,ST,SEK,"Common Stock",SE0007439443
STRAX,"Strax AB",Sweden,ST,SEK,"Common Stock",SE0012040459
STRLNG,"Swedish Stirling AB",Sweden,ST,SEK,"Common Stock",SE0009143993
STUDBO,"Studentbostader I Sverige AB",Sweden,ST,SEK,"Common Stock",SE0015657697
STW,"SeaTwirl AB",Sweden,ST,SEK,"Common Stock",SE0009242175
STWK,"Stockwik Forvaltning AB",Sweden,ST,SEK,"Common Stock",SE0012257970
SUS,"Surgical Science Sweden AB",Sweden,ST,SEK,"Common Stock",SE0014428512
SVED-B,"Svedbergs i Dalstorp AB (publ)",Sweden,ST,SEK,"Common Stock",SE0000407991
SVIK,"Studsvik AB",Sweden,ST,SEK,"Common Stock",SE0000653230
SVOL-A,"Svolder AB (publ)",Sweden,ST,SEK,"Common Stock",SE0017161441
SVOL-B,"Svolder AB (publ)",Sweden,ST,SEK,"Common Stock",SE0017161458
SWEC-A,"Sweco AB (publ)",Sweden,ST,SEK,"Common Stock",SE0014960365
SWEC-B,"Sweco AB (publ)",Sweden,ST,SEK,"Common Stock",SE0014960373
SWED-A,"Swedbank AB (publ)",Sweden,ST,SEK,"Common Stock",SE0000242455
SYNACT,"SynAct Pharma AB",Sweden,ST,SEK,"Common Stock",SE0008241491
SYNSAM,"Synsam AB",Sweden,ST,SEK,"Common Stock",SE0016829709
SYSR,"Systemair AB",Sweden,ST,SEK,"Common Stock",SE0016609499
TAGM-B,"TagMaster AB Series B",Sweden,ST,SEK,"Common Stock",SE0015950399
TALK,"TalkPool AG",Sweden,ST,SEK,"Common Stock",CH0322161768
TANGI,"Tangiamo Touch Technology AB",Sweden,ST,SEK,"Common Stock",SE0009664303
TBD30-A,"tbd30 AB Cl A",Sweden,ST,SEK,"Common Stock",SE0016075246
TDVOX,"Tobii Dynavox AB",Sweden,ST,SEK,"Common Stock",SE0017105620
TEBEDE-A,"Tebede AB",Sweden,ST,SEK,"Common Stock",
TEL2-A,"Tele2 AB (publ)",Sweden,ST,SEK,"Common Stock",SE0005190220
TEL2-B,"Tele2 AB (publ)",Sweden,ST,SEK,"Common Stock",SE0005190238
TELIA,"Telia Company AB",Sweden,ST,SEK,"Common Stock",SE0000667925
TELLUS,"Tellusgruppen AB",Sweden,ST,SEK,"Common Stock",SE0015504519
TEQ,"Teqnion AB",Sweden,ST,SEK,"Common Stock",SE0012308088
TERRNT-B,"Terranet AB",Sweden,ST,SEK,"Common Stock",SE0009806045
TESSIN,"Tessin Nordic Holding AB",Sweden,ST,SEK,"Common Stock",SE0009522451
TETY,"Tethys Oil AB",Sweden,ST,SEK,"Common Stock",SE0017859259
TFBANK,"TF Bank AB",Sweden,ST,SEK,"Common Stock",SE0007331608
TH1NG,"TH1NG AB",Sweden,ST,SEK,"Common Stock",SE0016074124
THULE,"Thule Group AB",Sweden,ST,SEK,"Common Stock",SE0006422390
THUNDR,"Thunderful Group AB",Sweden,ST,SEK,"Common Stock",SE0015195888
TIETOS,"TietoEVRY Corp",Sweden,ST,SEK,"Common Stock",FI0009000277
TIGO-SDB,"Millicom International Cellular S.A",Sweden,ST,SEK,"Common Stock",SE0001174970
TINGS-A,"Tingsvalvet Fastighets AB",Sweden,ST,SEK,"Common Stock",SE0018534471
TINGS-PREF,"Tingsvalvet Fastighets AB Pfd.",Sweden,ST,SEK,"Common Stock",SE0018040727
TITA-B,"Titania Holding AB Series B",Sweden,ST,SEK,"Common Stock",SE0017132129
TOBII,"Tobii AB",Sweden,ST,SEK,"Common Stock",SE0002591420
TOL,"Toleranzia AB",Sweden,ST,SEK,"Common Stock",SE0007438577
TOURN,"Tourn International AB",Sweden,ST,SEK,"Common Stock",SE0005568482
TRAC-B,"AB Traction",Sweden,ST,SEK,"Common Stock",SE0000391716
TRAD,"TradeDoubler AB",Sweden,ST,SEK,"Common Stock",SE0001552357
TRAIN-B,"Train Alliance Sweden AB Series B",Sweden,ST,SEK,"Common Stock",SE0012904779
TRANS,"Transtema Group AB",Sweden,ST,SEK,"Common Stock",SE0006758587
TREL-B,"Trelleborg AB (publ)",Sweden,ST,SEK,"Common Stock",SE0000114837
TRIAN-B,"Fastighets AB Trianon (publ)",Sweden,ST,SEK,"Common Stock",SE0018013658
TRIBO-B,"Triboron International AB (publ)",Sweden,ST,SEK,"Common Stock",SE0010600429
TROAX,"Troax Group AB",Sweden,ST,SEK,"Common Stock",SE0012729366
TRUE-B,"Truecaller AB (publ)",Sweden,ST,SEK,"Common Stock",SE0016787071
TSEC,"Tempest Security AB",Sweden,ST,SEK,"Common Stock",SE0010469221
TURA,"Tura Group AB",Sweden,ST,SEK,"Common Stock",SE0017083355
TWIIK,"Twiik AB",Sweden,ST,SEK,"Common Stock",SE0015797352
UNIBAP,"Unibap AB",Sweden,ST,SEK,"Common Stock",SE0009606809
UPGRAD,"Upgrade Invest Nordic AB",Sweden,ST,SEK,"Common Stock",SE0018536401
UPSALE,"Upsales Technology AB",Sweden,ST,SEK,"Common Stock",SE0011985514
URBIT,"Urb-it AB",Sweden,ST,SEK,"Common Stock",SE0009921034
USWE,"USWE Sports AB",Sweden,ST,SEK,"Common Stock",SE0015949771
UTG,"Unlimited Travel Group UTG AB (publ)",Sweden,ST,SEK,"Common Stock",SE0001834821
VBG-B,"VBG Group AB (publ)",Sweden,ST,SEK,"Common Stock",SE0000115107
VEFAB,"Vef AB",Sweden,ST,SEK,"Common Stock",SE0016128151
VERT-B,"Vertiseit AB Series B",Sweden,ST,SEK,"Common Stock",SE0012481133
VESTUM,"Vestum AB (publ)",Sweden,ST,SEK,"Common Stock",SE0017134125
VH,"Vastra Hamnens Restaurangdrift Ab",Sweden,ST,SEK,"Common Stock",SE0017767031
VICO,"Vicore Pharma Holding AB (publ)",Sweden,ST,SEK,"Common Stock",SE0007577895
VIMAB,"VIMAB Group AB",Sweden,ST,SEK,"Common Stock",SE0007439633
VIMIAN,"Vimian Group AB",Sweden,ST,SEK,"Common Stock",SE0015961982
VIT-B,"Vitec Software Group AB (publ)",Sweden,ST,SEK,"Common Stock",SE0007871363
VITR,"Vitrolife AB",Sweden,ST,SEK,"Common Stock",SE0011205202
VIVA,"Viva Wine Group AB",Sweden,ST,SEK,"Common Stock",SE0017084361
VIVE,"Vivesto AB",Sweden,ST,SEK,"Common Stock",SE0000722365
VNV,"VNV Global AB",Sweden,ST,SEK,"Common Stock",SE0014428835
VNV-TO1,"VNV Global AB TO1",Sweden,ST,SEK,"Common Stock",SE0014555876
VO2,"Vo2 Cap Holding AB",Sweden,ST,SEK,"Common Stock",SE0016802797
VOLAB,"Veg of Lund AB",Sweden,ST,SEK,"Common Stock",SE0013281979
VOLCAR-B,"Volvo Car AB (publ.)",Sweden,ST,SEK,"Common Stock",SE0016844831
VOLO,"Volati AB",Sweden,ST,SEK,"Common Stock",SE0009143662
VOLO-PREF,"Volati AB",Sweden,ST,SEK,"Common Stock",SE0009143670
VOLV-A,"AB Volvo (publ)",Sweden,ST,SEK,"Common Stock",SE0000115420
VOLV-B,"AB Volvo (publ)",Sweden,ST,SEK,"Common Stock",SE0000115446
VPLAY-A,"Viaplay Group AB Series A",Sweden,ST,SEK,"Common Stock",SE0012324226
VPLAY-B,"Viaplay Group AB Series B",Sweden,ST,SEK,"Common Stock",SE0012116390
VSSAB-B,"Viking Supply Ships AB (publ)",Sweden,ST,SEK,"Common Stock",SE0010820613
W5,"W5 Solutions AB",Sweden,ST,SEK,"Common Stock",SE0016786040
WALL-B,"Wallenstam AB (publ)",Sweden,ST,SEK,"Common Stock",SE0017780133
WAYS,"Waystream Holding AB (publ)",Sweden,ST,SEK,"Common Stock",SE0007577077
WBGR-B,"Wästbygg Gruppen AB (publ)",Sweden,ST,SEK,"Common Stock",SE0014453874
WEG,"Windon Energy Group AB",Sweden,ST,SEK,"Common Stock",
WIHL,"Wihlborgs Fastigheter AB",Sweden,ST,SEK,"Common Stock",SE0018012635
WISE,"Wise Group AB",Sweden,ST,SEK,"Common Stock",SE0007277876
WPAY,"West International AB",Sweden,ST,SEK,"Common Stock",SE0002169292
WYLD,"Wyld Networks AB",Sweden,ST,SEK,"Common Stock",SE0015812516
XACT-BEAR,"XACT Bear",Sweden,ST,SEK,ETF,SE0005466513
XACT-BEAR-2,"XACT Bear 2",Sweden,ST,SEK,ETF,SE0005466505
XACT-BULL,"XACT Bull",Sweden,ST,SEK,ETF,SE0001342395
XACT-BULL-2,"XACT Bull 2",Sweden,ST,SEK,ETF,SE0003051010
XACT-NORDEN,"XACT NORDEN",Sweden,ST,SEK,ETF,SE0001710914
XACT-OBLIGATION,"XACT Obligation (UCITS ETF)",Sweden,ST,SEK,ETF,SE0007491287
XACT-OMXS30,"XACT OMXS30 ESG",Sweden,ST,SEK,ETF,SE0000693293
XACT-SMABOLAG,"Xact Svenska Småbolag (UCITS ETF)",Sweden,ST,SEK,ETF,SE0007491261
XACT-SVERIGE,"XACT Sverige (UCITS ETF)",Sweden,ST,SEK,ETF,SE0001056045
XACTHDIV,"XACT Nordic High Dividend Low Volatility",Sweden,ST,SEK,ETF,SE0009778954
XANO-B,"XANO Industri AB (publ)",Sweden,ST,SEK,"Common Stock",SE0018014151
XBRANE,"Xbrane Biopharma AB",Sweden,ST,SEK,"Common Stock",SE0007789409
XINT,"Xintela AB",Sweden,ST,SEK,"Common Stock",SE0007756903
XMR,"XMReality AB",Sweden,ST,SEK,"Common Stock",SE0009664188
XPC,"XP Chemistries AB",Sweden,ST,SEK,"Common Stock",SE0016787279
XSPRAY,"XSpray Pharma AB",Sweden,ST,SEK,"Common Stock",SE0009973563
XSPRAY-TO5,"Xspray Pharma AB TO5",Sweden,ST,SEK,"Common Stock",
XSPRAY-TO6,"Xspray Pharma AB TO6",Sweden,ST,SEK,"Common Stock",
XVIVO,"Xvivo Perfusion AB",Sweden,ST,SEK,"Common Stock",SE0004840718
YIELD,"SaveLend Group AB",Sweden,ST,SEK,"Common Stock",SE0015961024
ZAPLOX,"Zaplox AB",Sweden,ST,SEK,"Common Stock",SE0009722465
ZAZZ-B,"ZAZZ Energy of Sweden AB",Sweden,ST,SEK,"Common Stock",SE0017483175
ZICC,"Ziccum AB",Sweden,ST,SEK,"Common Stock",SE0011415595
ZIGN,"Zignsec AB",Sweden,ST,SEK,"Common Stock",SE0012930105
ZORDIX-B,"Zordix AB Series B",Sweden,ST,SEK,"Common Stock",SE0011725506
ZWIPE,"Zwipe A/S",Sweden,ST,SEK,"Common Stock",NO0010721277
ZZ-B,"Zinzino AB Series B",Sweden,ST,SEK,"Common Stock",SE0002480442
