Code,Name,Country,Exchange,Currency,Type,Isin
ABRA,"Abra Information Technologies",Israel,TA,ILA,"Common Stock",IL0011016669
ACCL,"Accel Solutions Group Ltd",Israel,TA,ILA,"Common Stock",IL0007700169
ACKR,"Ackerstein Group Ltd",Israel,TA,ILA,"Common Stock",IL0011762056
ACRO,"Kvutzat Acro Ltd.",Israel,TA,ILA,"Common Stock",IL0011849028
ADGR,"Adgar Investments and Development Ltd",Israel,TA,ILA,"Common Stock",IL0018200837
AFHL,"Afcon Holdings Ltd",Israel,TA,ILA,"Common Stock",IL0005780130
AFPR,"Afi Properties Ltd",Israel,TA,ILA,"Common Stock",IL0010913544
AFRE,"Africa Israel Residences Ltd",Israel,TA,ILA,"Common Stock",IL0010979487
AICS,"AI Conversation Systems Ltd",Israel,TA,ILA,"Common Stock",IL0001690119
AILN,"Axilion Smart Mobility Ltd",Israel,TA,ILA,"Common Stock",IL0003830184
ALBA,"Al-Bad Massuot Yitzhak Ltd",Israel,TA,ILA,"Common Stock",IL0006250125
ALHE,"Alony Hetz Properties and Investments Ltd",Israel,TA,ILA,"Common Stock",IL0003900136
ALLT,"Allot Communications Ltd",Israel,TA,ILA,"Common Stock",IL0010996549
ALMA,"Almogim Holdings Ltd",Israel,TA,ILA,"Common Stock",IL0011368292
ALMD,"Allmed Solutions Ltd",Israel,TA,ILA,"Common Stock",IL0011014508
ALMO,"Gix Internet Ltd",Israel,TA,ILA,"Common Stock",IL0007440113
ALRPR,"Alrov Properties & Lodgings Ltd",Israel,TA,ILA,"Common Stock",IL0003870198
ALTF,"Altshuler Shaham Financial LTD",Israel,TA,ILA,"Common Stock",IL0011849366
ALUMA,"Aluma Infrastructure Fund 2020 Ltd",Israel,TA,ILA,"Common Stock",IL0011816431
AMAN,"Amanet Management & Systems Ltd",Israel,TA,ILA,"Common Stock",IL0006540129
AMD,"Amiad Water Systems Ltd",Israel,TA,ILA,"Common Stock",IL0010943905
AMDA,"Almeda Ventures Limited Partnership",Israel,TA,ILA,"Common Stock",
AMOT,"Amot Investments Ltd",Israel,TA,ILA,"Common Stock",IL0010972789
AMRK,"Amir Marketing and Investments in Agriculture Ltd",Israel,TA,ILA,"Common Stock",IL0010922040
AMX,"Automax Motors Ltd",Israel,TA,ILA,"Common Stock",IL0011316978
ANGL,"Salomon A Angel Ltd",Israel,TA,ILA,"Common Stock",IL0001800189
ANLT,"Analyst IMS Investment Management Services Ltd",Israel,TA,ILA,"Common Stock",IL0010806136
APLP,"Apollo Power Ltd",Israel,TA,ILA,"Common Stock",IL0010821143
APLY,"Aerodrome Group Ltd",Israel,TA,ILA,"Common Stock",IL0003630105
AQUA,"Aquarius Engines AM Ltd",Israel,TA,ILA,"Common Stock",IL0011702409
ARAD,"Arad Investment & Industrial Development Ltd",Israel,TA,ILA,"Common Stock",IL0007310183
ARAN,"Aran Research and Development 1982 Ltd",Israel,TA,ILA,"Common Stock",IL0010852650
ARD,"Arad Ltd",Israel,TA,ILA,"Common Stock",IL0010916513
ARDM,"Aerodrome Group Ltd",Israel,TA,ILA,"Common Stock",IL0003630105
ARGO,"Argo Properties NV",Israel,TA,ILA,"Common Stock",NL0015000D84
ARIN,"Ari Real Estate Arena Investment Ltd",Israel,TA,ILA,"Common Stock",IL0003660136
ARNA,"Arena Star Group Ltd",Israel,TA,ILA,"Common Stock",IL0003660136
ARPT,"Airport City Ltd",Israel,TA,ILA,"Common Stock",IL0010958358
ARTS,"Airtouch Solar Ltd",Israel,TA,ILA,"Common Stock",IL0011733768
ARYT,"Aryt Industries Ltd",Israel,TA,ILA,"Common Stock",IL0005870147
ASGR,"Aspen Group Ltd",Israel,TA,ILA,"Common Stock",IL0003130155
ASHG,"Ashtrom Group Ltd",Israel,TA,ILA,"Common Stock",IL0011323156
ASHO,"Ashot Ashkelon Industries Ltd",Israel,TA,ILA,"Common Stock",IL0003120172
ATRY,"Atreyu Capital Markets Ltd",Israel,TA,ILA,"Common Stock",IL0010961063
AUDC,"AudioCodes Ltd",Israel,TA,ILA,"Common Stock",IL0010829658
AUGN,"Augwind Energy Tech Storage Ltd",Israel,TA,ILA,"Common Stock",IL0011059073
AUIS,"ES Australia Israel Holdings Ltd",Israel,TA,ILA,"Common Stock",IL0010805229
AURA,"Aura Investments Ltd",Israel,TA,ILA,"Common Stock",IL0003730194
AUSA,"Aura Smart Air Ltd",Israel,TA,ILA,"Common Stock",IL0011766198
AVER,"Averbuch Formica Center Ltd",Israel,TA,ILA,"Common Stock",IL0006750173
AVGD,"Av Gad Holdings Ltd",Israel,TA,ILA,"Common Stock",IL0011718181
AVGL,"Avgol Industries 1953 Ltd",Israel,TA,ILA,"Common Stock",IL0011009573
AVIA,"Aviation Links Ltd",Israel,TA,ILA,"Common Stock",IL0004130139
AVIV,"Mordechai Aviv Taasiot Beniyah 1973 Ltd",Israel,TA,ILA,"Common Stock",IL0004440181
AVLN,"Aviv Arlon Ltd",Israel,TA,ILA,"Common Stock",IL0001060131
AVRT,"Avrot Industries Ltd",Israel,TA,ILA,"Common Stock",IL0002970106
AYAL,"Ayalon Holdings Ltd",Israel,TA,ILA,"Common Stock",IL0002090152
AZRG,"Azrieli Group Ltd",Israel,TA,ILA,"Common Stock",IL0011194789
AZRM,"Azorim Investment Development and Construction Co Ltd",Israel,TA,ILA,"Common Stock",IL0007150118
AZRT,"Reit Azorim HF Living Ltd",Israel,TA,ILA,"Common Stock",IL0011627754
BBYL,"Abra Information Technologies Ltd",Israel,TA,ILA,"Common Stock",IL0011016669
BCNV,"Brack Capit N V",Israel,TA,ILA,"Common Stock",NL0009690619
BCOM,"B Communications Ltd",Israel,TA,ILA,"Common Stock",IL0011076630
BCUR,"Erika Carmel Ltd",Israel,TA,ILA,"Common Stock",IL0011789125
BEZQ,"Bezeq Israeli Telecommunication Corp Ltd",Israel,TA,ILA,"Common Stock",IL0002300114
BHNY,"Beeio Honey Ltd",Israel,TA,ILA,"Common Stock",IL0010823461
BIG,"Big Shopping Centers Ltd",Israel,TA,ILA,"Common Stock",IL0010972607
BIGT,"Big Tech 50 R&D-Limited Partnership",Israel,TA,ILA,"Common Stock",
BIMT,"Bio Meat Foodtech - Limited Partnership",Israel,TA,ILA,"Common Stock",
BIOV,"Bio-View Ltd",Israel,TA,ILA,"Common Stock",IL0010960495
BIRM,"Birman Wood and Hardware Ltd",Israel,TA,ILA,"Common Stock",IL0005300145
BKFR,"Bait Bakfar Ltd",Israel,TA,ILA,"Common Stock",IL0011836561
BKRY,"Bikurey Hasade Holdings Ltd",Israel,TA,ILA,"Common Stock",IL0011726184
BLGO,"Buligo Capital Ltd",Israel,TA,ILA,"Common Stock",IL0011805954
BLND,"Blender Financial Technologies Ltd",Israel,TA,ILA,"Common Stock",IL0011720971
BLRN,"Bladeranger Ltd",Israel,TA,ILA,"Common Stock",IL0011705139
BLRX,"BioLine RX Ltd",Israel,TA,ILA,"Common Stock",IL0011015182
BLSR,"Blue Square Real Estate Ltd",Israel,TA,ILA,"Common Stock",IL0010985658
BLTZ,"Blitz Technologies Ltd",Israel,TA,ILA,"Common Stock",IL0004240102
BMDX,"Biomedix Incubator Ltd",Israel,TA,ILA,"Common Stock",
BNRG,"Brenmiller Energy Ltd",Israel,TA,ILA,"Common Stock",IL0011415309
BOLT,"BioLight Life Sciences Ltd",Israel,TA,ILA,"Common Stock",IL0010952237
BONS,"Bonus Biogroup",Israel,TA,ILA,"Common Stock",IL0004850116
BOTI,"Bonei Hatichon Civil Engineering and Infrastructures Ltd",Israel,TA,ILA,"Common Stock",IL0005310128
BRAM,"Bram Indus",Israel,TA,ILA,"Common Stock",IL0010945157
BRAN,"Baran Group Ltd",Israel,TA,ILA,"Common Stock",IL0002860133
BRIH,"Rav Bariach 08 Industries Ltd",Israel,TA,ILA,"Common Stock",IL0011799934
BRIL,"Brill Shoe Industries Ltd",Israel,TA,ILA,"Common Stock",IL0003990145
BRIN,"Brainsway Ltd",Israel,TA,ILA,"Common Stock",IL0011007189
BRKT,"Bareket Capital Ltd",Israel,TA,ILA,"Common Stock",IL0011782765
BRMG,"Brimag -L",Israel,TA,ILA,"Common Stock",IL0010942832
BRND,"Brand Group (M.G) Ltd",Israel,TA,ILA,"Common Stock",IL0005360115
BSEN,"Bet Shemesh Engines Holdings 1997 Ltd",Israel,TA,ILA,"Common Stock",IL0010815616
BSP,"Black Sea Property PLC Ordinary Shares",Israel,TA,ILA,"Common Stock",
BTX,"Lineage Cell Therapeutics Inc",Israel,TA,ILA,"Common Stock",
BUFT,"Buff Technologies Ltd",Israel,TA,ILA,"Common Stock",IL0011790438
BULL,"Bull Trading And Investment Ltd",Israel,TA,ILA,"Common Stock",IL0011766354
BVC,"Batm Advanced Communications Ltd",Israel,TA,ILA,"Common Stock",IL0010849045
BWAY,"Brainsway Ltd",Israel,TA,ILA,"Common Stock",IL0011007189
BYAR,"B Yair Building Corporation 1988 Ltd",Israel,TA,ILA,"Common Stock",IL0010972292
BYON,"Beyon 3D Ltd",Israel,TA,ILA,"Common Stock",IL0011755613
BYSD,"Bayside Land Corporation Ltd",Israel,TA,ILA,"Common Stock",IL0007590198
CAMT,"Camtek Ltd",Israel,TA,ILA,"Common Stock",IL0010952641
CANF,"Can Fite Biopharma Ltd",Israel,TA,ILA,"Common Stock",IL0010944739
CAST,Castro,Israel,TA,ILA,"Common Stock",IL0002800162
CBI,"Clal Biotechnology Industries Ltd",Israel,TA,ILA,"Common Stock",IL0011042806
CDEV,"Cohen Dev",Israel,TA,ILA,"Common Stock",IL0008100104
CEL,"Cellcom Israel Ltd",Israel,TA,ILA,"Common Stock",IL0011015349
CFX,"Cofix Group Ltd",Israel,TA,ILA,"Common Stock",IL0003890154
CGEN,Compugen,Israel,TA,ILA,"Common Stock",IL0010852080
CHR,"Upsellon Brands Holdings Ltd",Israel,TA,ILA,"Common Stock",IL0004560129
CISY,"C I Systems",Israel,TA,ILA,"Common Stock",IL0004420126
CLAB,"CompuLab Ltd",Israel,TA,ILA,"Common Stock",IL0011403008
CLBV,"Clal Industries and Beverages Ltd",Israel,TA,ILA,"Common Stock",IL0011476855
CLIS,"Clal Insurance Enterprises Holdings Ltd",Israel,TA,ILA,"Common Stock",IL0002240146
CMCT,"Creative Media & Community Trust Corporation",Israel,TA,ILA,"Common Stock",US1255255846
CMDR,"Computer Direct",Israel,TA,ILA,"Common Stock",IL0005070128
CMER,"C. Mer Industries Ltd",Israel,TA,ILA,"Common Stock",IL0003380123
CNTC,"Cannabotech Ltd",Israel,TA,ILA,"Common Stock",IL0011769085
CNTL,"Continual Ltd",Israel,TA,ILA,"Common Stock",IL0011822603
CNZN,"Canzon Israel Ltd",Israel,TA,ILA,"Common Stock",IL0010960073
CPIA,"Cipia Vision Ltd",Israel,TA,ILA,"Common Stock",
CPTP,"Capital Point",Israel,TA,ILA,"Common Stock",IL0010971468
CRMT,Carmit,Israel,TA,ILA,"Common Stock",IL0004400169
CRSO,Carasso,Israel,TA,ILA,"Common Stock",IL0011238503
CSURE,"Cannassure Therapeutics Ltd",Israel,TA,ILA,"Common Stock",IL0001110134
CTPL1,"I.C.P. Israel Citrus Plantations Ltd",Israel,TA,ILA,"Common Stock",
CTPL5,"Citrus Plant5-L",Israel,TA,ILA,"Common Stock",IL0007160356
DANE,"Danel (Adir Yeoshua) Ltd",Israel,TA,ILA,"Common Stock",IL0003140139
DANH,"Dan Hotels",Israel,TA,ILA,"Common Stock",IL0008220159
DCI,"Direct Capital Investments Ltd",Israel,TA,ILA,"Common Stock",
DELT,"Delta Galil Industries Ltd",Israel,TA,ILA,"Common Stock",IL0006270347
DIFI,"Direct Finance TA",Israel,TA,ILA,"Common Stock",IL0011681868
DIMRI,"Y.H. Dimri Construction & Development Ltd",Israel,TA,ILA,"Common Stock",IL0010903156
DIPL,"Diplomat Holdings Ltd",Israel,TA,ILA,"Common Stock",IL0011734915
DISI,"Discount Investment Corp Ltd",Israel,TA,ILA,"Common Stock",IL0006390137
DLEA,"Delek Automotive Systems Ltd",Israel,TA,ILA,"Common Stock",IL0008290103
DLEKG,"Delek Group",Israel,TA,ILA,"Common Stock",IL0010841281
DLMT,"Accel Solutions Group Ltd",Israel,TA,ILA,"Common Stock",IL0007700169
DLRL,"Tomer Energy Royalties (2012) Ltd",Israel,TA,ILA,"Common Stock",IL0011294936
DLTI,"Delta Israel Brands Ltd",Israel,TA,ILA,"Common Stock",IL0011736993
DNA,"DNA Biomed Solns",Israel,TA,ILA,"Common Stock",IL0011038523
DNYA,"Danya Cebus",Israel,TA,ILA,"Common Stock",IL0011731374
DORL,"Doral Group Renewable Energy Resources Ltd",Israel,TA,ILA,"Common Stock",IL0011667685
DRAL,"Dor Alon",Israel,TA,ILA,"Common Stock",IL0010932023
DSCT,"Israel Discount Bank Ltd",Israel,TA,ILA,"Common Stock",IL0006912120
DUNI,Duniec,Israel,TA,ILA,"Common Stock",IL0004000100
ECNR,"Econergy Renewable Energy Ltd",Israel,TA,ILA,"Common Stock",IL0011783342
ECP,"Electra Co Pr",Israel,TA,ILA,"Common Stock",IL0050101299
ECPA,"Ecoppia Scientific Ltd",Israel,TA,ILA,"Common Stock",IL0011698953
EDRL,Edri-El,Israel,TA,ILA,"Common Stock",IL0011051625
EFNC,"Erech Finance Cahalacha Ltd",Israel,TA,ILA,"Common Stock",IL0011201618
ELAL,"El Al Israel Airlines Ltd",Israel,TA,ILA,"Common Stock",IL0010878242
ELCO,"Elco Ltd",Israel,TA,ILA,"Common Stock",IL0006940345
ELCRE,"Electra Real Estate Ltd",Israel,TA,ILA,"Common Stock",IL0010940448
ELDAV,Eldav-L,Israel,TA,ILA,"Common Stock",IL0010836588
ELLO,"Ellomay Capital Ltd",Israel,TA,ILA,"Common Stock",IL0010826357
ELMR,"El-Mor Electric Installation & Services 1986 Ltd",Israel,TA,ILA,"Common Stock",IL0011424541
ELRN,"Elron Electronic Industries Ltd",Israel,TA,ILA,"Common Stock",IL0007490779
ELSPC,Elspec,Israel,TA,ILA,"Common Stock",IL0010903644
ELTR,"Electra Ltd",Israel,TA,ILA,"Common Stock",IL0007390375
ELWS,"Electreon Wireless Ltd",Israel,TA,ILA,"Common Stock",IL0003680191
EMCO,"E & M Computing Ltd",Israel,TA,ILA,"Common Stock",IL0003820102
EMDV,"Emilia Devel",Israel,TA,ILA,"Common Stock",IL0005890103
EMITF,"Elbit Imaging Ltd",Israel,TA,ILA,"Common Stock",IL0010811169
EMTC,"Elbit Med Tech",Israel,TA,ILA,"Common Stock",IL0004740150
EMTC-M,"Elbit Medical Technologies Ltd",Israel,TA,ILA,"Common Stock",
ENDY,Endymed,Israel,TA,ILA,"Common Stock",IL0011010217
ENLT,"Enlight Renewable Energy Ltd",Israel,TA,ILA,"Common Stock",IL0007200111
ENLV,"Enlivex Therapeutics Ltd",Israel,TA,ILA,"Common Stock",IL0011319527
ENOG,"Energean Oil & Gas PLC",Israel,TA,ILA,"Common Stock",GB00BG12Y042
ENRG,"Energix Renewable Energies Ltd",Israel,TA,ILA,"Common Stock",IL0011233553
ENVM,"Envizion Medical Ltd",Israel,TA,ILA,"Common Stock",IL0011758195
EPIT,"Epitomee Medical Ltd",Israel,TA,ILA,"Common Stock",IL0011825911
EQTL,Equital,Israel,TA,ILA,"Common Stock",IL0007550176
ESLT,"Elbit Systems Ltd",Israel,TA,ILA,"Common Stock",IL0010811243
ETGA,"Etga Group Ltd",Israel,TA,ILA,"Common Stock",IL0011761140
EVGN,Evogene,Israel,TA,ILA,"Common Stock",IL0011050551
EXPO,"Export Inv",Israel,TA,ILA,"Common Stock",IL0007040152
FBRT,"FMS Enterprises Migun Ltd",Israel,TA,ILA,"Common Stock",IL0003150104
FEAT,"Feat Fund Investments Limited Partnership",Israel,TA,ILA,"Common Stock",
FGAS,"Fire & Gas Detection Technologies Ltd",Israel,TA,ILA,"Common Stock",IL0011653073
FIBI,"First International Bank of Israel Ltd",Israel,TA,ILA,"Common Stock",IL0005930388
FIBIH,"FIBI Holdings Ltd",Israel,TA,ILA,"Common Stock",IL0007630119
FLYS,"Flying Spark Ltd",Israel,TA,ILA,"Common Stock",IL0011735821
FNTS,"Fantasy Network Ltd",Israel,TA,ILA,"Common Stock",IL0002780109
FORTY,Formula,Israel,TA,ILA,"Common Stock",IL0002560162
FOX,"Fox-Wizel Ltd",Israel,TA,ILA,"Common Stock",IL0010870223
FRDN,Fridenson,Israel,TA,ILA,"Common Stock",IL0011022196
FRSX,"Foresight Autonomous Holdings Ltd",Israel,TA,ILA,"Common Stock",IL0001990188
FTAL,"Fattal 1998 Holdings Ltd",Israel,TA,ILA,"Common Stock",IL0011434292
FVT,"Ai Conversation Systems Ltd",Israel,TA,ILA,"Common Stock",IL0001690119
G107,"Group 107 Ltd",Israel,TA,ILA,"Common Stock",IL0011801813
GAGR,"Gaon Group Ltd",Israel,TA,ILA,"Common Stock",IL0004540170
GAMT,"Gamatronic Electronic Industries Ltd",Israel,TA,ILA,"Common Stock",
GAON,"B. Gaon Holdings Ltd",Israel,TA,ILA,"Common Stock",IL0011047441
GCT,"G City Ltd",Israel,TA,ILA,"Common Stock",IL0001260111
GFC,"GFC Green Fields",Israel,TA,ILA,"Common Stock",IL0011226888
GFC-M,"G.F.C Green Fields Capital Ltd.",Israel,TA,ILA,"Common Stock",
GIBUI,"Gibui Holdings Ltd",Israel,TA,ILA,"Common Stock",IL0004480195
GILT,"Gilat Satellite Networks Ltd",Israel,TA,ILA,"Common Stock",IL0010825102
GIVO,"Givot Olam Oil Exploration - Limited Partnership (1993)",Israel,TA,ILA,"Common Stock",
GIVO-L,"GIVOT OLAM OIL EXP ILS1",Israel,TA,ILA,"Common Stock",IL0005060228
GIX,"Gix Internet Ltd",Israel,TA,ILA,"Common Stock",IL0007440113
GKL,"Global Knafaim Leasing Ltd",Israel,TA,ILA,"Common Stock",IL0011413163
GLBX,"Glassbox Ltd",Israel,TA,ILA,"Common Stock",IL0011762882
GLEX,"Globe Exploration (Y.C.D.) Limited Partnership",Israel,TA,ILA,"Common Stock",
GLPL,"Golan Plastic",Israel,TA,ILA,"Common Stock",IL0010919335
GLRS,"Globrands Group Ltd",Israel,TA,ILA,"Common Stock",IL0011474876
GLTC,"Galileo Tech Ltd",Israel,TA,ILA,"Common Stock",IL0010819832
GLTL,"Gilat Telecom Global Ltd",Israel,TA,ILA,"Common Stock",IL0010805971
GMA,"Gama Management and Clearing Ltd",Israel,TA,ILA,"Common Stock",IL0011774846
GMLA,"Gamla Harel Residential Real-Estate Ltd",Israel,TA,ILA,"Common Stock",IL0011758682
GNCL,"Gencell Ltd",Israel,TA,ILA,"Common Stock",IL0011696890
GNGR,Ginegar,Israel,TA,ILA,"Common Stock",IL0010958929
GNRS,"Generation Capital Ltd",Israel,TA,ILA,"Common Stock",IL0011569261
GODM,"GO.D.M Investments Ltd",Israel,TA,ILA,"Common Stock",IL0004940131
GOHO,"Golden House",Israel,TA,ILA,"Common Stock",IL0002350101
GOLF,"Golf & Co Group Ltd",Israel,TA,ILA,"Common Stock",IL0010961485
GOSS,"G1 Secure Solutions Ltd",Israel,TA,ILA,"Common Stock",IL0011562803
GPGB,"GP Global Power Ltd",Israel,TA,ILA,"Common Stock",IL0011447815
GRAC,"Grace Breeding Ltd",Israel,TA,ILA,"Common Stock",IL0011843658
GSFI,"Gan Shmuel",Israel,TA,ILA,"Common Stock",IL0005320101
GVYM,"GavYam Lands Corp Ltd",Israel,TA,ILA,"Common Stock",IL0007590198
GZT,"Gazit Globe Ltd",Israel,TA,ILA,"Common Stock",IL0001260111
HAMAT,"Hamat Group Ltd",Israel,TA,ILA,"Common Stock",IL0003840167
HARL,"Harel Insurance Investments & Financial Services Ltd",Israel,TA,ILA,"Common Stock",IL0005850180
HDST,"Hadasit Bio",Israel,TA,ILA,"Common Stock",IL0010954050
HGG,"Hagag Group",Israel,TA,ILA,"Common Stock",IL0008230133
HGGE,"Hagag Europe Development ZF Ltd",Israel,TA,ILA,"Common Stock",IL0011436354
HICN,"Highcon Systems Ltd",Israel,TA,ILA,"Common Stock",IL0011699456
HIPR,"Hiper Global Ltd",Israel,TA,ILA,"Common Stock",IL0011849853
HIVE,"Hive 2040 R&D Limited Partnership",Israel,TA,ILA,"Common Stock",
HLAN,"Hilan Ltd",Israel,TA,ILA,"Common Stock",IL0010846983
HLMS,"Holmes Place International Ltd",Israel,TA,ILA,"Common Stock",IL0011425878
HMAM,Hamama,Israel,TA,ILA,"Common Stock",IL0011047854
HMGS,"Homebiogas Ltd",Israel,TA,ILA,"Common Stock",IL0011722043
HNMR,"Hanan Mor",Israel,TA,ILA,"Common Stock",IL0011025322
HOD,"Hod Assaf Industries Ltd",Israel,TA,ILA,"Common Stock",IL0003510158
HRL-F109,"Harel Index Funds Ltd.- Harel Sal Tel Bond Yields Shekel",Israel,TA,ILA,ETF,
HRL-F11,"Harel Index Funds Ltd - SAL TA 90 ETF",Israel,TA,ILA,ETF,
HRL-F12,"Harel Index Funds Ltd. - Harel Sal (4A) TA-Banks 5",Israel,TA,ILA,ETF,
HRL-F13,"Harel Sal Tel-Bond 40 (00A)",Israel,TA,ILA,ETF,
HRL-F14,"Harel Index Funds Ltd. - Harel Sal (4A) TA-SME60",Israel,TA,ILA,ETF,
HRL-F15,"Harel Index Funds Ltd. - Harel Sal (4A) TA-Real Estate",Israel,TA,ILA,ETF,
HRL-F16,"Harel Index Funds Ltd. - Harel Sal (4A) TA-Finance",Israel,TA,ILA,ETF,
HRL-F18,"Harel Index Funds Ltd. - Harel Sal (4A) TA-Growth",Israel,TA,ILA,ETF,
HRL-F2,"Harel Index Funds Ltd. - Harel Sal (4A) TA 125",Israel,TA,ILA,ETF,
HRL-F204,"Harel Index Funds Ltd. - Harel Sal (4A) ISE Cyber Security Dollar-Hedged",Israel,TA,ILA,ETF,
HRL-F205,"Harel Index Funds Ltd. - Harel Sal (4A) MSCI AC World Dollar-Hedged",Israel,TA,ILA,ETF,
HRL-F207,"Harel Index Funds Ltd. - Harel Sal (4D) ISE Cyber Security",Israel,TA,ILA,ETF,
HRL-F24,"Harel Index Funds Ltd. - Harel Sal Tel Bond Shekel 50",Israel,TA,ILA,ETF,
HRL-F25,"Harel Index Funds Ltd. - Harel Sal (4D) S&P 500",Israel,TA,ILA,ETF,
HRL-F26,"Harel Index Funds Ltd. - Harel Sal (4D) NASDAQ 100",Israel,TA,ILA,ETF,
HRL-F28,"Harel Index Funds Ltd. - Harel Sal (4D) MSCI Emerging Markets",Israel,TA,ILA,ETF,
HRL-F3,"Harel Sal Tel-Bond 20 (00A)",Israel,TA,ILA,ETF,
HRL-F300,"Harel Index Funds Ltd. - Harel Sal Tel Bond Shekel 50",Israel,TA,ILA,ETF,
HRL-F301,"Harel Index Funds Ltd. - Harel Sal Tel Bond Global",Israel,TA,ILA,ETF,
HRL-F303,"Harel Index Funds Ltd. - Harel Sal Tel Bond Shekel Bank & Insurance",Israel,TA,ILA,ETF,
HRL-F4,"Harel Sal Tel-Bond 60 (00A)",Israel,TA,ILA,ETF,
HRL-F49,"Harel Index Funds Ltd. - Harel Sal (4A) NASDAQ 100 Currency-Hedged",Israel,TA,ILA,ETF,
HRL-F50,"Harel Sal S&P Industrial US (4Da')",Israel,TA,ILA,ETF,
HRL-F53,"Harel Index Funds Ltd. - Harel Sal (4A) DAX 30 Currency-Hedged",Israel,TA,ILA,ETF,
HRL-F61,"Harel Sal Tel Bond-CPI Linked (00A)",Israel,TA,ILA,ETF,
HRL-F64,"Harel Index Funds Ltd. - Harel Sal (4D) DJ Industrial Average",Israel,TA,ILA,ETF,
HRL-F65,"Harel Index Funds Ltd. - Harel Sal (4D) EURO STOXX 50",Israel,TA,ILA,ETF,
HRL-F67,"Harel Index Funds Ltd. - Harel Sal (4A) NIKKEI 225 Currency-Hedged",Israel,TA,ILA,ETF,
HRL-F68,"Harel Index Funds Ltd. - Harel Sal (4D) S&P Industrial",Israel,TA,ILA,ETF,
HRL-F69,"Harel Index Funds Ltd. - Harel Sal Tel Bond Yields",Israel,TA,ILA,ETF,
HRL-F7,"Harel Index Funds Ltd. - Harel Sal (4A) TA 35",Israel,TA,ILA,ETF,
HRL-F72,"Harel Index Funds Ltd. - Harel Sal (4D) MSCI Emerging Markets",Israel,TA,ILA,ETF,
HRL-F73,"Harel Sal China HSI (4DA)",Israel,TA,ILA,ETF,
HRL-F74,"Harel Index Funds Ltd. - Harel Sal (4D) S&P Health Care",Israel,TA,ILA,ETF,
HRL-F75,"Harel Index Funds Ltd. - Harel Sal (4D) S&P Financial",Israel,TA,ILA,ETF,
HRL-F76,"Harel Index Funds Ltd. - Harel Sal (4D) S&P Consumer Staples",Israel,TA,ILA,ETF,
HRL-F77,"Harel Index Funds - KSM Stoxx ERP 600 Automobile ETF",Israel,TA,ILA,ETF,
HRL-F80,"Harel Sal STOXX Europe 600 (4Da')",Israel,TA,ILA,ETF,
HRL-F81,"Harel Index Funds Ltd. - Harel Sal (4A) S&P Financial Currency-Hedged",Israel,TA,ILA,ETF,
HRL-F82,"Harel Sal S&P 500 Low Volatility ILS (40a')",Israel,TA,ILA,ETF,
HRL-F87,"Harel Sal US S&P Technology (4Da')",Israel,TA,ILA,ETF,
HRL-F93,"Harel Index Funds Ltd. - Harel Sal (4A) S&P Health Care Currency-Hedged",Israel,TA,ILA,ETF,
HRL-F95,"Harel Index Funds Ltd. - Harel Sal (4A) S&P 500 Equal Weight Currency-Hedged",Israel,TA,ILA,ETF,
HRL-F96,"Harel Index Funds Ltd. - Harel Sal (4D) S&P Energy",Israel,TA,ILA,ETF,
HRL-FK41,"Harel Index Funds Ltd. - Harel Sal Kosher Tel Bond 60",Israel,TA,ILA,ETF,
HRL-FK42,"Harel Index Funds Ltd. - Harel Sal Kosher Tel Bond Shekel",Israel,TA,ILA,ETF,
HRL-FK43,"Harel Index Funds Ltd. - Harel Sal (4A) Kosher TA 125",Israel,TA,ILA,ETF,
HROD,"Panaxia Labs Israel Ltd",Israel,TA,ILA,"Common Stock",IL0011043630
HRON,"Hiron-Trade Investments & Industrial Buildings Ltd",Israel,TA,ILA,"Common Stock",IL0001500110
HRS&P-25,"SPX/HAREL SAL S25",Israel,TA,USD,ETF,
HRS&P-48,"SPTAE/HAREL SAL S48",Israel,TA,USD,ETF,
HRS&P-58,"BSKT/HRL SAL S58",Israel,TA,USD,ETF,
HUMX,"Human Xtensions Ltd",Israel,TA,ILA,"Common Stock",IL0011700007
IARG,"Iargento Hi Tech Assets Limited Partnership",Israel,TA,ILA,"Common Stock",
IBI,"IBI Inv House",Israel,TA,ILA,"Common Stock",IL0001750186
IBITEC-F,"I.B.I Mutual Funds Management (1978) Ltd. - I.B.I. (5D) Tech Fund-High Tech",Israel,TA,ILA,"Common Stock",
IBLD,"Mivne Real Estate (K.D) Ltd",Israel,TA,ILA,"Common Stock",IL0002260193
ICB,"Israel China Biotechnology (ICB) Ltd",Israel,TA,ILA,"Common Stock",IL0010970544
ICL,"ICL Israel Chemicals Ltd",Israel,TA,ILA,"Common Stock",IL0002810146
ICON,"Icon Group",Israel,TA,ILA,"Common Stock",IL0011824849
IDIN,"IDI Insurance Company Ltd",Israel,TA,ILA,"Common Stock",IL0011295016
IDMO,"Idomoo Ltd",Israel,TA,ILA,"Common Stock",IL0011763468
IDNT,"Identi Healthcare Ltd",Israel,TA,ILA,"Common Stock",IL0011774507
IES,"I.E.S Holdings Ltd",Israel,TA,ILA,"Common Stock",IL0004310152
IGLD,"Internet Gold Golden Lines Ltd",Israel,TA,ILA,"Common Stock",IL0010834435
IGLD-M,"Internet Gold - Golden Lines Ltd.",Israel,TA,ILA,"Common Stock",
ILCO,"Israel Corp",Israel,TA,ILA,"Common Stock",IL0005760173
ILDA,"The Israel Land Development Company Ltd",Israel,TA,ILA,"Common Stock",IL0011214744
ILDC,"Israel Land Development Company Co Ltd",Israel,TA,ILA,"Common Stock",IL0006120104
ILDR,"Israel Land Development Urban Renewal Ltd",Israel,TA,ILA,"Common Stock",IL0011214744
ILX,"Ilex Medical",Israel,TA,ILA,"Common Stock",IL0010807530
IMCO,"IMCO Industries Ltd",Israel,TA,ILA,"Common Stock",IL0002820129
IMED,"Imed Infinity Medical-Limited Partnership",Israel,TA,ILA,"Common Stock",
IMPC,"ImpacxIo Ltd",Israel,TA,ILA,"Common Stock",IL0011803066
INBR,"Inbar Group Finance Ltd",Israel,TA,ILA,"Common Stock",IL0004240102
INCR,Intercure,Israel,TA,ILA,"Common Stock",IL0011063760
INFR,"Infimer Ltd",Israel,TA,ILA,"Common Stock",IL0010806888
INFR-M,"Infimer Ltd",Israel,TA,ILA,"Common Stock",
ININ,"Inter Industries",Israel,TA,ILA,"Common Stock",IL0010809288
INRM,"Inrom Construction Industries Ltd",Israel,TA,ILA,"Common Stock",IL0011323560
INSL,"Insuline Medical Ltd",Israel,TA,ILA,"Common Stock",
INTL,"Intelicanna Ltd",Israel,TA,ILA,"Common Stock",IL0006730126
INTR,Intergama,Israel,TA,ILA,"Common Stock",IL0001740112
ISCD,"Isracard Ltd",Israel,TA,ILA,"Common Stock",IL0011574030
ISCN,"Israel Canada",Israel,TA,ILA,"Common Stock",IL0004340191
ISFF502,"iShares S&P 500 USD Health Care Sector UCITS",Israel,TA,ILA,ETF,IE00B43HR379
ISHI,"Israel Shipyards Ltd",Israel,TA,ILA,"Common Stock",IL0011685331
ISI,"Imagesat International ISI Ltd",Israel,TA,ILA,"Common Stock",IL0011838138
ISOP,"Israel Op L",Israel,TA,ILA,"Common Stock",IL0011199242
ISOP-L,"Israel Opportunity - Energy Resources LP",Israel,TA,ILA,"Common Stock",IL0011199242
ISPC,"Ispac 1 Ltd",Israel,TA,ILA,"Common Stock",IL0011795890
ISRA,"Isramco Negev 2 Limited Partnership",Israel,TA,ILA,"Common Stock",
ISRO,"Isrotel -L",Israel,TA,ILA,"Common Stock",IL0010809858
ISRS,"Isras Investment Company Ltd",Israel,TA,ILA,"Common Stock",IL0006130343
ISTA,"Issta Lines Ltd",Israel,TA,ILA,"Common Stock",IL0010810740
ITYF,"Itay Financial A.A Investments Ltd",Israel,TA,ILA,"Common Stock",
JBNK,Jerusalem,Israel,TA,ILA,"Common Stock",IL0007260180
JCFN,"Jacob Finance And Investments Ltd",Israel,TA,ILA,"Common Stock",IL0011850570
JNGO,"Jungo Connectivity Ltd",Israel,TA,ILA,"Common Stock",IL0011788622
KAFR,Kafrit,Israel,TA,ILA,"Common Stock",IL0005220111
KARE,"Kardan Real Es",Israel,TA,ILA,"Common Stock",IL0011184475
KDST,"Kadimastem Ltd",Israel,TA,ILA,"Common Stock",IL0011284614
KEN,"Kenon Holdings",Israel,TA,ILA,"Common Stock",SG9999012629
KLIL,"Klil Industries Ltd",Israel,TA,ILA,"Common Stock",IL0007970358
KMDA,Kamada,Israel,TA,ILA,"Common Stock",IL0010941198
KNFM,Knafaim,Israel,TA,ILA,"Common Stock",IL0005430173
KRDI,"Kardan Israel Ltd",Israel,TA,ILA,"Common Stock",IL0012101528
KRNV,"Kardan NV",Israel,TA,ILA,"Common Stock",NL0000113652
KRUR,"Kerur Holdings Ltd",Israel,TA,ILA,"Common Stock",IL0006210111
KSM-F1,"KSM Mutual Funds Ltd. - Tel Bond CPI Linked 3-5 Fund",Israel,TA,ILA,ETF,
KSM-F10,"KSM Mutual Funds Ltd. - KSM ETF (4D) ISE Clean Edge Water",Israel,TA,ILA,ETF,
KSM-F103,"Ksm Mutual Funds LTD - ETF Stock Market Fund",Israel,TA,ILA,ETF,
KSM-F104,"Ksm Mutual Funds LTD - ETF Stock Market Fund",Israel,TA,ILA,ETF,
KSM-F106,"KSM Mutual Funds Ltd. - KSM ETF (0D) iBoxx US Liquid Investment Grade Top 30",Israel,TA,ILA,ETF,
KSM-F107,"KSM - Tel Bond CPI Linked",Israel,TA,ILA,ETF,
KSM-F108,"KSM - Tel Bond CPI Linked Small Cap",Israel,TA,ILA,ETF,
KSM-F109,"KSM Mutual Funds Ltd. - KSM ETF (4D) S&P Homebuilders",Israel,TA,ILA,ETF,
KSM-F11,"KSM Mutual Funds Limited - DJ Bank Titans 30 PR 4Da ETF",Israel,TA,ILA,ETF,
KSM-F110,"KSM - Tel Bond Yields",Israel,TA,ILA,ETF,
KSM-F111,"KSM Mutual Funds Ltd. - KSM ETF (6D) Leveraged S&P 500 x3 Monthly",Israel,TA,ILA,ETF,
KSM-F112,"KSM Mutual Funds Ltd. - KSM ETF (6D) Leveraged NASDAQ 100 x3 Monthly",Israel,TA,ILA,ETF,
KSM-F113,"Ksm Mutual Funds LTD - ETF Stock Market Fund",Israel,TA,ILA,ETF,
KSM-F114,"KSM Mutual Funds Ltd. - KSM ETF (6D) Short Leveraged S&P 500 x3 Monthly",Israel,TA,ILA,ETF,
KSM-F115,"KSM Mutual Funds Ltd. - KSM ETF (6D) Short Leveraged NASDAQ 100 x3 Monthly",Israel,TA,ILA,ETF,
KSM-F116,"Ksm Mutual Funds LTD - ETF Stock Market Fund",Israel,TA,ILA,ETF,
KSM-F117,"KSM Mutual Funds Ltd. - KSM ETF (4A) S&P SmallCap 600 Currency Hedged",Israel,TA,ILA,ETF,
KSM-F118,"Ksm Mutual Funds LTD - ETF Stock Market Fund",Israel,TA,ILA,ETF,
KSM-F119,"KSM Mutual Funds Ltd. - KSM ETF (4A) Composite US Equity Monthly Currency Hedged",Israel,TA,ILA,ETF,
KSM-F12,"KSM Mutual Funds Ltd. - KSM ETF (4D) S&P Energy",Israel,TA,ILA,ETF,
KSM-F120,"Ksm Mutual Funds Limited - KSM US BuyBack (PR) ILS (40a) Fund",Israel,TA,ILA,ETF,
KSM-F121,"KSM Mutual Funds Ltd. - KSM ETF (4A) STOXX Europe 600 Euro Hedged",Israel,TA,ILA,ETF,
KSM-F122,"KSM Mutual Funds Ltd. - KSM ETF (4D) STOXX Europe 600",Israel,TA,ILA,ETF,
KSM-F123,"KSM Mutual Funds Ltd. - KSM ETF (4D) NASDAQ US BuyBack Achievers",Israel,TA,ILA,ETF,
KSM-F124,"KSM Mutual Funds Ltd. - KSM ETF (4A) STOXX Europe MID 200 Euro Hedged",Israel,TA,ILA,ETF,
KSM-F125,"KSM Mutual Funds Ltd. - KSM ETF (4A) Composite Euro Equity Monthly Euro Hedged",Israel,TA,ILA,ETF,
KSM-F126,"KSM Mutual Funds Ltd. - KSM ETF (00) Tel Bond-CPI Linked Bank",Israel,TA,ILA,ETF,
KSM-F127,"KSM Mutual Funds Ltd. - KSM ETF (4A) STOXX Europe 600 Banks Euro Hedged",Israel,TA,ILA,ETF,
KSM-F128,"KSM Mutual Funds Ltd. - KSM ETF (4D) MDAX",Israel,TA,ILA,ETF,
KSM-F129,"KSM Mutual Funds Ltd. - KSM ETF (4A) MDAX Currency Hedged",Israel,TA,ILA,ETF,
KSM-F13,"KSM Mutual Funds Ltd. - KSM ETF (4A) Tel-Div",Israel,TA,ILA,ETF,
KSM-F130,"KSM Mutual Funds Ltd. - KSM ETF (4D) STOXX Europe 600 Health Care",Israel,TA,ILA,ETF,
KSM-F132,"KSM Mutual Funds Ltd. - KSM ETF (4D) DJ Industrial Average",Israel,TA,ILA,ETF,
KSM-F133,"KSM Mutual Funds Ltd. - KSM ETF (4D) S&P Industrial",Israel,TA,ILA,ETF,
KSM-F134,"KSM Mutual Funds Ltd. - KSM ETF (4D) S&P Consumer Discretionary",Israel,TA,ILA,ETF,
KSM-F135,"KSM Mutual Funds Ltd. - KSM ETF (4D) Swiss Market",Israel,TA,ILA,ETF,
KSM-F136,"KSM Mutual Funds Ltd. - KSM ETF (4A) FTSE 250 Currency Hedged",Israel,TA,ILA,ETF,
KSM-F138,"KSM Mutual Funds Ltd. - KSM ETF (4A) FTSE 100 Currency Hedged",Israel,TA,ILA,ETF,
KSM-F139,"KSM Mutual Funds Ltd. - KSM ETF (4A) DJ Internet Composite Currency Hedged",Israel,TA,ILA,ETF,
KSM-F14,"KSM Mutual Funds Ltd. - KSM ETF (4D) Bloomberg Brent Crude",Israel,TA,ILA,ETF,
KSM-F140,"KSM Mutual Funds Ltd. - KSM ETF (4A) Composite MidCap Equity Monthly Currency Hedged",Israel,TA,ILA,ETF,
KSM-F141,"KSM Mutual Funds Ltd. - KSM ETF (2A) Comp Gov Bond (55%) Cor Bond (30%) Equity (15%) Monthly CurrHed",Israel,TA,ILA,ETF,
KSM-F142,"KSM Mutual Funds Ltd. - KSM ETF (4D) S&P 500 Low Volatility High Dividend",Israel,TA,ILA,ETF,
KSM-F143,"KSM Mutual Funds Ltd. - KSM ETF (4A) MSCI World Dollar Hedged",Israel,TA,ILA,ETF,
KSM-F144,"KSM Mutual Funds Ltd. - KSM Tel Bond Composite Fund",Israel,TA,ILA,ETF,
KSM-F145,"KSM Mutual Funds Ltd. - KSM ETF (4A) DJ US Dividend Currency Hedged",Israel,TA,ILA,ETF,
KSM-F146,"KSM Mutual Funds Ltd. - KSM ETF (4A) EURO STOXX Dividend 30 Currency Hedged",Israel,TA,ILA,ETF,
KSM-F147,"KSM Mutual Funds Ltd. - KSM ETF (4A) EURO STOXX Banks Currency Hedged",Israel,TA,ILA,ETF,
KSM-F148,"KSM Mutual Funds Ltd. - KSM ETF (00) Short Tel Bond-Yields (529.6)",Israel,TA,ILA,ETF,
KSM-F149,"KSM Mutual Funds Ltd.-KSM ETF(2A) Composite Gov Bond Israel (80%) Equity (20%) Monthly Currency Hdg",Israel,TA,ILA,ETF,
KSM-F150,"KSM Mutual Funds Ltd. - KSM ETF (4D) Composite US Equity Monthly",Israel,TA,ILA,ETF,
KSM-F151,"KSM Mutual Funds Ltd. - KSM ETF (0A) iBoxx US Liquid Investment Grade Top 30 Currency Hedged",Israel,TA,ILA,ETF,
KSM-F152,"KSM Mutual Funds Ltd. - KSM ETF (4D) S&P Health Care",Israel,TA,ILA,ETF,
KSM-F153,"KSM Mutual Funds Ltd. - KSM ETF (00) Short Non-Linked Fixed Int Gov Bonds 5+ Years Fund",Israel,TA,ILA,ETF,
KSM-F154,"KSM Mutual Funds Ltd. - KSM ETF (00) Tel Bond-Floating",Israel,TA,ILA,ETF,
KSM-F156,"KSM Mutual Funds Ltd. - KSM ETF (4D) Composite US S&P Sector Equity Monthly",Israel,TA,ILA,ETF,
KSM-F158,"KSM Mutual Funds Ltd. - KSM ETF (4D) S&P Technology",Israel,TA,ILA,ETF,
KSM-F16,"KSM Mutual Funds Limited - KSM ETF NIKKEI 225 Currency Hedged",Israel,TA,ILA,ETF,
KSM-F161,"KSM Mutual Funds Ltd. - KSM ETF (0A) iBoxx $ Corps Liquid 3-7 Years Currency Hedged",Israel,TA,ILA,ETF,
KSM-F162,"KSM Mutual Funds Ltd. - KSM ETF (4D) Bluestar Israel Global Technology",Israel,TA,ILA,ETF,
KSM-F164,"KSM Mutual Funds Ltd. - KSM ETF (0D) iBoxx $ Corps Liquid 3-7 Years",Israel,TA,ILA,ETF,
KSM-F169,"KSM Mutual Funds Ltd. - KSM ETF (6A) Short TA-SME60 (1191.2)",Israel,TA,ILA,ETF,
KSM-F17,"Ksm Mutual Funds Limited - Ksm Euro Stoxx 50 Pr Ils 40a fund",Israel,TA,ILA,ETF,
KSM-F171,"KSM Mutual Funds Ltd. - KSM ETF (4A) MSCI AC World Dollar Hedged",Israel,TA,ILA,ETF,
KSM-F174,"KSM Mutual Funds Ltd. - Tel Bond Shekel 3-5 Fund",Israel,TA,ILA,ETF,
KSM-F175,"KSM Mutual Funds Ltd - KSM ETF (0D) Tel Bond-Dollar",Israel,TA,ILA,ETF,
KSM-F18,"KSM Tel Bond 20",Israel,TA,ILA,ETF,
KSM-F2,"KSM Mutual Funds Ltd. - KSM Tel Bond Shekel 50 Fund",Israel,TA,ILA,ETF,
KSM-F21,"KSM Mutual Funds Ltd. - KSM ETF (4A) TA-Growth",Israel,TA,ILA,ETF,
KSM-F22,"KSM Mutual Funds Limited - RDXUSED PR 4Da ETF",Israel,TA,ILA,ETF,
KSM-F23,"KSM Mutual Funds Ltd. - KSM Non-Linked Floating Interest Government Bonds Fund",Israel,TA,ILA,ETF,
KSM-F26,"KSM Mutual Funds Ltd. - KSM ETF (00) Short Tel Bond-20 (360.41)",Israel,TA,ILA,ETF,
KSM-F27,"KSM Mutual Funds Ltd. - KSM ETF (6A) Short Leveraged TA-35 x2 Monthly",Israel,TA,ILA,ETF,
KSM-F28,"KSM Mutual Funds Ltd. - KSM ETF (4D) DJ US Dividend",Israel,TA,ILA,ETF,
KSM-F29,"KSM Mutual Funds Limited - MSCI Taiwan PR 4Da ETF",Israel,TA,ILA,ETF,
KSM-F3,"KSM Mutual Funds Ltd. - KSM ETF (00) Tel Bond-Global",Israel,TA,ILA,ETF,
KSM-F31,"KSM Mutual Funds Ltd. - KSM ETF(!)(4D) IBOVESPA",Israel,TA,ILA,ETF,
KSM-F34,"KSM Mutual Funds Ltd. - KSM ETF (4A) Insurance Shares and Convertibles",Israel,TA,ILA,ETF,
KSM-F35,"KSM Mutual Funds Ltd. - KSM ETF (00) CPI-Linked Gov Bonds 0-2 Years",Israel,TA,ILA,ETF,
KSM-F36,"KSM Mutual Funds Ltd. - KSM ETF (00) CPI-Linked Gov Bonds 2-5 Years",Israel,TA,ILA,ETF,
KSM-F37,"KSM Mutual Funds Ltd. - KSM ETF (00) Non-Linked Fixed Int Gov Bonds 0-2 Years",Israel,TA,ILA,ETF,
KSM-F38,"KSM Mutual Funds Ltd. - KSM ETF (00) Non-Linked Fixed Int Gov Bonds 5+ Years",Israel,TA,ILA,ETF,
KSM-F39,"KSM Mutual Funds Ltd. - KSM ETF (00) Non-Linked Fixed Int Gov Bonds 2-5 Years",Israel,TA,ILA,ETF,
KSM-F40,"Ksm Mutual Funds Ltd. - KSM Tel Bond 40 Fund",Israel,TA,ILA,ETF,
KSM-F41,"KSM Mutual Funds Ltd. - KSM ETF (00) Tel Bond-60",Israel,TA,ILA,ETF,
KSM-F42,"KSM Mutual Funds Ltd. - KSM ETF (00) CPI-Linked Fixed Interest Government Bonds",Israel,TA,ILA,ETF,
KSM-F43,"KSM Mutual Funds Ltd. - Short Term Treasury Bill Fund",Israel,TA,ILA,ETF,
KSM-F46,"KSM Mutual Funds Ltd. - KSM ETF (6A) Leveraged TA-35 x3 Monthly",Israel,TA,ILA,ETF,
KSM-F48,"KSM Mutual Funds Ltd. - KSM ETF (00) Tel Bond-Shekel",Israel,TA,ILA,ETF,
KSM-F49,"KSM Mutual Funds Ltd. - KSM ETF (4A) LBMA Gold Price PM USD Currency Hedged",Israel,TA,ILA,ETF,
KSM-F5,"KSM Mutual Funds Ltd. - KSM ETF (4D) S&P MidCap 400",Israel,TA,ILA,ETF,
KSM-F50,"KSM Mutual Funds Ltd. - KSM 00 Short Tel Bond-40 Fund",Israel,TA,ILA,ETF,
KSM-F51,"KSM Mutual Funds Ltd. - KSM ETF (4D) FTSE 100",Israel,TA,ILA,ETF,
KSM-F52,"KSM Mutual Funds Ltd. -KSM ETF (4D) NASDAQ 100",Israel,TA,ILA,ETF,
KSM-F53,"KSM Mutual Funds Ltd. - KSM ETF (4D) DAX 30",Israel,TA,ILA,ETF,
KSM-F54,"KSM Mutual Funds Ltd. - KSM ETF (4D) FTSE China 50",Israel,TA,ILA,ETF,
KSM-F55,"Ksm Mutual Funds LTD - ETF Stock Market Fund",Israel,TA,ILA,ETF,
KSM-F56,"KSM Mutual Funds Ltd. - KSM ETF (4A) TA-RealEstate",Israel,TA,ILA,ETF,
KSM-F57,"KSM Mutual Funds Ltd. - KSM ETF (4A) TA-Finance",Israel,TA,ILA,ETF,
KSM-F58,"KSM Mutual Funds Ltd. - KSM Non Linked Fixed Interest Gov Bonds Fund",Israel,TA,ILA,ETF,
KSM-F59,"KSM Mutual Funds Ltd. - KSM ETF (4A) TA-35",Israel,TA,ILA,ETF,
KSM-F6,"KSM Mutual Funds Ltd. - KSM ETF (4D) LBMA Gold Price PM USD",Israel,TA,ILA,ETF,
KSM-F60,"Ksm Mutual Funds LTD - ETF Stock Market Fund",Israel,TA,ILA,ETF,
KSM-F62,"KSM Mutual Funds Ltd. - KSM ETF CPI Linked Gov Bonds 5-10 Years",Israel,TA,ILA,ETF,
KSM-F63,"Ksm Mutual Funds LTD - ETF Stock Market Fund",Israel,TA,ILA,ETF,
KSM-F64,"KSM Mutual Funds Limited - TA Bluestar Global Tech 4Da ETF",Israel,TA,ILA,ETF,
KSM-F67,"KSM Mutual Funds Limited - Psagot Sal MSCI EM ETF",Israel,TA,ILA,ETF,
KSM-F68,"KSM Mutual Funds Limited - MSCI World PR 4Da ETF",Israel,TA,ILA,ETF,
KSM-F69,"KSM Mutual Funds Limited - MSCI Spain PR 4Da ETF",Israel,TA,ILA,ETF,
KSM-F72,"KSM Mutual Funds Ltd. - KSM ETF (4A) TA-90",Israel,TA,ILA,ETF,
KSM-F74,"KSM Mutual Funds Ltd. - KSM ETF (4A) TA-125",Israel,TA,ILA,ETF,
KSM-F75,"Ksm Mutual Funds LTD - ETF Stock Market Fund",Israel,TA,ILA,ETF,
KSM-F76,"KSM Mutual Funds Ltd. - KSM ETF (4D) EURO STOXX 50",Israel,TA,ILA,ETF,
KSM-F77,"KSM Mutual Funds Ltd. - KSM ETF (4A) Banks",Israel,TA,ILA,ETF,
KSM-F78,"KSM Mutual Funds Ltd. - KSM ETF (4D) DJ Industrial Average",Israel,TA,ILA,ETF,
KSM-F80,"KSM Mutual Funds Ltd. - KSM ETF (4D) S&P 500",Israel,TA,ILA,ETF,
KSM-F82,"KSM Mutual Funds Ltd. - KSM ETF (4A) S&P 500 Currency Hedged",Israel,TA,ILA,ETF,
KSM-F83,"KSM Mutual Funds Ltd. - KSM ETF (4A) NASDAQ 100 Currency Hedged",Israel,TA,ILA,ETF,
KSM-F84,"KSM Mutual Funds Ltd. - KSM ETF (4A) Bloomberg Brent Crude Currency Hedged",Israel,TA,ILA,ETF,
KSM-F85,"KSM Mutual Funds Ltd. - KSM ETF (00) Comp Gov Bond Israel (65%) Cor Bond Israel (35%) Monthly",Israel,TA,ILA,ETF,
KSM-F86,"KSM Mutual Funds Ltd. - KSM Government Bonds Fund",Israel,TA,ILA,ETF,
KSM-F88,"KSM Mutual Funds Ltd. - KSM ETF (2A) Composite Gen Bond Israel (90%) Israel Equity (10%) Monthly",Israel,TA,ILA,ETF,
KSM-F89,"KSM Mutual Funds Ltd. - KSM ETF (4D) MSCI AC World",Israel,TA,ILA,ETF,
KSM-F9,"KSM Mutual Funds Limited - FTSE 100 PR 4Da ETF",Israel,TA,ILA,ETF,
KSM-F90,"KSM Mutual Funds Ltd. - KSM ETF (4A) Hang Seng China Currency Hedged",Israel,TA,ILA,ETF,
KSM-F91,"KSM Mutual Funds Ltd. - KSM ETF (2A) Composite Gen Bond Israel (80%) Equity (20%) Monthly",Israel,TA,ILA,ETF,
KSM-F92,"KSM Mutual Funds Ltd. - KSM ETF (4A) DAX 30 Currency Hedged",Israel,TA,ILA,ETF,
KSM-F94,"KSM Mutual Funds Ltd. - KSM ETF (4A) Russell 2000 Currency Hedged",Israel,TA,ILA,ETF,
KSM-F95,"KSM Mutual Funds Ltd. - KSM ETF (4A) MSCI Emerging Markets Dollar Hedged",Israel,TA,ILA,ETF,
KSM-F96,"KSM Mutual Funds Ltd. - KSM ETF (6A) Short TA-35 (2044)",Israel,TA,ILA,ETF,
KSM-FK1,"KSM Mutual Funds Ltd. - KSM ETF (00) KOSHER Tel Bond-60",Israel,TA,ILA,ETF,
KSM-FK2,"KSM Mutual Funds Ltd. - KSM ETF (00) KOSHER Tel Bond-Shekel",Israel,TA,ILA,ETF,
KSM-FK3,"KSM Mutual Funds Ltd. - KSM ETF (4A) KOSHER TA-125",Israel,TA,ILA,ETF,
KSS&P-53,"BSKT/KSM CRT S53",Israel,TA,USD,ETF,
KSS&P-90,"SPX/KSM SAL S90",Israel,TA,USD,ETF,
KSTN,"Keystone Reit Ltd",Israel,TA,ILA,"Common Stock",IL0011759342
KTOV,"Purple Biotech Ltd",Israel,TA,ILA,"Common Stock",IL0007650166
KVSR,"Kvasir Education Ltd",Israel,TA,ILA,"Common Stock",IL0011731457
LAHAV,"Lahav LR Real Estate Ltd",Israel,TA,ILA,"Common Stock",IL0001360101
LAPD,Lapidoth,Israel,TA,ILA,"Common Stock",IL0006420173
LBRA,"Libra Insurance Company Ltd",Israel,TA,ILA,"Common Stock",IL0011769812
LBTL,Libental,Israel,TA,ILA,"Common Stock",IL0005840116
LEOF,"Levinski Ofer",Israel,TA,ILA,"Common Stock",IL0002000144
LEVI,"Levinstein Eng",Israel,TA,ILA,"Common Stock",IL0005730143
LHIS,Lachish,Israel,TA,ILA,"Common Stock",IL0008260163
LODZ,Lodzia,Israel,TA,ILA,"Common Stock",IL0007530129
LPHL,"Lapidoth-Heletz Limited Partnership",Israel,TA,ILA,"Common Stock",
LPHL-L,"Lapidoth-Heletz Limited Partnership",Israel,TA,ILA,"Common Stock",IL0010912488
LPSN,"LivePerson Inc",Israel,TA,ILA,"Common Stock",US5381461012
LSCO,"Lesico Ltd",Israel,TA,ILA,"Common Stock",IL0011409468
LUDN,"Ludan Engineering Co. Ltd",Israel,TA,ILA,"Common Stock",IL0010814395
LUMI,"Bank Leumi Le-Israel B.M",Israel,TA,ILA,"Common Stock",IL0006046119
LUZN,"Amos Luzon Development and Energy Group Ltd",Israel,TA,ILA,"Common Stock",IL0004730177
LVPR,"Levinstein Prop",Israel,TA,ILA,"Common Stock",IL0011190803
LZNR,"A Luzon Real Estate & Finance Ltd",Israel,TA,ILA,"Common Stock",IL0006660166
MAXO,"Max Stock Ltd",Israel,TA,ILA,"Common Stock",IL0011685588
MBMX,"Mobile Max-M",Israel,TA,ILA,"Common Stock",IL0011051393
MCLL,"Michlol Finance Ltd",Israel,TA,ILA,"Common Stock",IL0011797532
MCMN,"Michman Basad Ltd",Israel,TA,ILA,"Common Stock",IL0011723371
MCRNL,"Micronet Ltd",Israel,TA,ILA,"Common Stock",IL0010997877
MCRNT,"Micronet Ltd",Israel,TA,ILA,"Common Stock",IL0010997877
MCTC,"Nextage Therapeutics Ltd",Israel,TA,ILA,"Common Stock",IL0004330119
MDIN,"Modiin Energy-Limited Partnership",Israel,TA,ILA,"Common Stock",
MDIN-L,"Modiin Energy-Limited Partnership",Israel,TA,ILA,"Common Stock",IL0003450173
MDPR,"Medipower -M",Israel,TA,ILA,"Common Stock",CY0100361019
MDTR,"Mediterranean Towers Ltd",Israel,TA,ILA,"Common Stock",IL0011315236
MDVI,"Medivie Therapeutic Ltd",Israel,TA,ILA,"Common Stock",IL0011226540
MEDN,Mehadrin,Israel,TA,ILA,"Common Stock",IL0006860147
MGDA,"Migdalor Alternative Products Ltd",Israel,TA,ILA,"Common Stock",IL0011825671
MGDL,"Migdal Insurance",Israel,TA,ILA,"Common Stock",IL0010811656
MGIC,"Magic Software Enterprises Ltd",Israel,TA,ILA,"Common Stock",IL0010823123
MGOR,"Mega Or",Israel,TA,ILA,"Common Stock",IL0011044885
MGRT,"MeguREIT Israel",Israel,TA,ILA,"Common Stock",IL0011391955
MIFT,"Millennium Food-Tech LP",Israel,TA,ILA,"Common Stock",IL0011675019
MISH,"Mivtach Shamir",Israel,TA,ILA,"Common Stock",IL0001270193
MLD,"Mirland Development Corporation PLC",Israel,TA,ILA,"Common Stock",CY0106902113
MLRN,"MLRN Projects and Trade Ltd",Israel,TA,ILA,"Common Stock",IL0011709503
MLSR,Melisron,Israel,TA,ILA,"Common Stock",IL0003230146
MLTM,"Malam Team",Israel,TA,ILA,"Common Stock",IL0001560189
MMAN,"Maman- Cargo Terminals & Handling Ltd",Israel,TA,ILA,"Common Stock",IL0002380140
MMHD,"Menora Miv Hld",Israel,TA,ILA,"Common Stock",IL0005660183
MNIF,"Menif Financial Services Ltd",Israel,TA,ILA,"Common Stock",IL0011708935
MNIN,"Mendelson Infrastructures and Industries Ltd",Israel,TA,ILA,"Common Stock",IL0011294449
MNRA,"Menara Ventures Xl - Limited Partnership",Israel,TA,ILA,"Common Stock",
MNRT,"Menivim The New REIT Ltd",Israel,TA,ILA,"Common Stock",IL0011405730
MPP,"More Provident Funds",Israel,TA,ILA,"Common Stock",IL0011843815
MPRS,"MediPress Health-Limited Partnership",Israel,TA,ILA,"Common Stock",
MRG,"Multi Retail Group Ltd",Israel,TA,ILA,"Common Stock",IL0011716698
MRHL,"Merchavia Holdings and Investments Ltd",Israel,TA,ILA,"Common Stock",IL0002570146
MRIN,"YD More Investments Ltd",Israel,TA,ILA,"Common Stock",IL0011414641
MSAH,"Hamashbir 365 Holdings Ltd",Israel,TA,ILA,"Common Stock",IL0011049595
MSBI,"Hamashbir 365 Holdings Ltd",Israel,TA,ILA,"Common Stock",IL0011049595
MSHR,"Mishorim Real Estate Investments",Israel,TA,ILA,"Common Stock",IL0011051963
MSKE,"Meshek Energy-Renewable Energies Ltd",Israel,TA,ILA,"Common Stock",IL0011669749
MSLA,Maslavi,Israel,TA,ILA,ETF,IL0011067498
MSVT,"Massivit 3D Printing Technologies Ltd",Israel,TA,ILA,"Common Stock",IL0011729725
MTAV,"MEITAV INVESTMENTS HOUSE R1 RIGHTS",Israel,TA,ILS,"Common Stock",
MTDS,"Meitav Dash Investments Ltd",Israel,TA,ILA,"Common Stock",IL0010818438
MTF-F1,"Migdal Mutual Funds - MTF SAL Non-Linked Fixed Interest Gov.Bonds Mutual Fund",Israel,TA,ILA,ETF,
MTF-F11,"Migdal Mutual Funds - MTF SAL Tel Bond - CPI Linked Mutual Fund",Israel,TA,ILA,ETF,
MTF-F12,"Migdal Mutual Funds - MTF SAL Tel Bond Yields Mutual Fund",Israel,TA,ILA,ETF,
MTF-F13,"Migdal Mutual Funds - MTF SAL Tel Bond - Gobal Mutual Fund",Israel,TA,ILA,ETF,
MTF-F15,"Migdal Mutual Funds - MTF SAL Tel Bond Shekel 50 Mutual Fund",Israel,TA,ILA,ETF,
MTF-F16,"Migdal Mutual Funds Ltd. - MTF SAL (4A) TA-35",Israel,TA,ILA,ETF,
MTF-F17,"Migdal Mutual Funds Ltd. - MTF SAL (4A) TA-90",Israel,TA,ILA,ETF,
MTF-F18,"Migdal Mutual Funds Ltd. - MTF SAL (4A) TA TECH - ELITE",Israel,TA,ILA,ETF,
MTF-F19,"Migdal Mutual Funds Ltd. - MTF SAL (4A) TA-125",Israel,TA,ILA,ETF,
MTF-F2,"Migdal Mutual Funds - MTF SAL Non-Linked Fixed Interest Gov. Bonds 2-5 Years Mutual Fund",Israel,TA,ILA,ETF,
MTF-F23,"Migdal Mutual Funds Ltd. - MTF SAL (4D) S&P 500",Israel,TA,ILA,ETF,
MTF-F24,"Migdal Mutual Funds Ltd. - MTF SAL (4D) S&P Aerospace & Defense",Israel,TA,ILA,ETF,
MTF-F25,"Migdal Mutual Funds Ltd. - MTF SAL (4D) S&P Consumer Discretionary",Israel,TA,ILA,ETF,
MTF-F26,"Migdal Mutual Funds Ltd. - MTF SAL (4D) S&P Consumer Staples",Israel,TA,ILA,ETF,
MTF-F27,"Migdal Mutual Funds Ltd. - MTF SAL (4D) S&P Financial",Israel,TA,ILA,ETF,
MTF-F28,"Migdal Mutual Funds Ltd. - MTF SAL (4D) S&P Health Care",Israel,TA,ILA,ETF,
MTF-F29,"Migdal Mutual Funds Ltd. - MTF SAL (4D) S&P Industrial",Israel,TA,ILA,ETF,
MTF-F3,"Migdal Mutual Funds - MTF SAL Tel-Bond 20 Mutual Fund",Israel,TA,ILA,ETF,
MTF-F30,"Migdal Mutual Funds Ltd. - MTF SAL (4D) S&P Technology",Israel,TA,ILA,ETF,
MTF-F31,"Migdal Mutual Funds Ltd. - MTF SAL (4D) STOXX Europe 600",Israel,TA,ILA,ETF,
MTF-F33,"Migdal Mutual Funds Ltd. - MTF SAL (4D) RUSSELL 2000",Israel,TA,ILA,ETF,
MTF-F34,"Migdal Mutual Funds Ltd. - MTF SAL (4D) MSCI Emerging Markets",Israel,TA,ILA,ETF,
MTF-F36,"Migdal Mutual Funds Ltd. - MTF SAL (4A) DAX 30 Currency-Hedged",Israel,TA,ILA,ETF,
MTF-F39,"Migdal Mutual Funds Ltd. - MTF SAL (4A) S&P Aerospace & Defense Currency-Hedged",Israel,TA,ILA,ETF,
MTF-F4,"Migdal Mutual Funds - MTF SAL Tel-Bond 60 Mutual Fund",Israel,TA,ILA,ETF,
MTF-F40,"Migdal Mutual Funds Ltd. - MTF SAL (4A) STOXX Europe 600 Currency-Hedged",Israel,TA,ILA,ETF,
MTF-F42,"Migdal Mutual Funds Ltd. - MTF SAL (4A) S&P Consumer Discretionary Currency-Hedged",Israel,TA,ILA,ETF,
MTF-F43,"Migdal Mutual Funds Ltd. - MTF SAL (4A) S&P Consumer Staples Currency-Hedged",Israel,TA,ILA,ETF,
MTF-F44,"Migdal Mutual Funds Ltd. - MTF SAL (4A) S&P Energy Currency-Hedged",Israel,TA,ILA,ETF,
MTF-F45,"Migdal Mutual Funds Ltd. - MTF SAL (4A) S&P Financial Currency-Hedged",Israel,TA,ILA,ETF,
MTF-F46,"Migdal Mutual Funds Ltd. - MTF SAL (4A) S&P Health Care Currency-Hedged",Israel,TA,ILA,ETF,
MTF-F47,"Migdal Mutual Funds - MTF SAL S&P Industrial Currency Hedged",Israel,TA,ILA,ETF,
MTF-F48,"Migdal Mutual Funds Ltd. - MTF SAL (4A) S&P Technology Currency-Hedged",Israel,TA,ILA,ETF,
MTF-F49,"Migdal Mutual Funds Ltd. - MTF SAL (4A) S&P Utilities Currency-Hedged",Israel,TA,ILA,ETF,
MTF-F5,"Migdal Mutual Funds - MTF SAL Tel Bond Shekel Mutual Fund",Israel,TA,ILA,ETF,
MTF-F50,"Migdal Mutual Funds Ltd. - MTF SAL (4A) NIKKEI 225 Currency-Hedged",Israel,TA,ILA,ETF,
MTF-F51,"Migdal Mutual Funds Ltd. - MTF SAL (4A) RUSSELL 2000 Currency-Hedged",Israel,TA,ILA,ETF,
MTF-F52,"Migdal Mutual Funds - MTF SAL S&P 500 Currency Hedged",Israel,TA,ILA,ETF,
MTF-F6,"Migdal Mutual Funds - MTF SAL CPI-Linked Gov. Bonds 2-5 Years Mutual Fund",Israel,TA,ILA,ETF,
MTF-F7,"Migdal Mutual Funds Ltd. - MTF SAL (4D) DAX 30",Israel,TA,ILA,ETF,
MTF-F8,"Migdal Mutual Funds - MTF SAL Non-Linked Fixed Interest Gov. Bonds 5+ Years Mutual Fund",Israel,TA,ILA,ETF,
MTF-F9,"Migdal Mutual Funds - MTF SAL CPI-Linked Gov. Bonds 5-10 Years Mutual Fund",Israel,TA,ILA,ETF,
MTLF,"Matricelf Ltd",Israel,TA,ILA,"Common Stock",IL0011767915
MTRN,Maytronics,Israel,TA,ILA,"Common Stock",IL0010910656
MTRX,Matrix,Israel,TA,ILA,"Common Stock",IL0004450156
MVNE,"Mivne Real Estate KD Ltd",Israel,TA,ILA,"Common Stock",IL0002260193
MYDS,"Mydas Real Estate Investments Ltd",Israel,TA,ILA,"Common Stock",IL0005440156
MYSZ,"My Size Inc",Israel,TA,ILA,"Common Stock",US62844N2080
MZTF,"Mizrahi Tefahot",Israel,TA,ILA,"Common Stock",IL0006954379
NALA,"Nala Digital Commerce Ltd",Israel,TA,ILA,"Common Stock",IL0003410169
NAWI,"Nawi Brothers Group Ltd",Israel,TA,ILA,"Common Stock",IL0002080179
NERZ,"New Horizon Group Ltd",Israel,TA,ILA,"Common Stock",IL0003970188
NFTA,Naphtha,Israel,TA,ILA,"Common Stock",IL0006430156
NICE,"Nice Ltd",Israel,TA,ILA,"Common Stock",IL0002730112
NISA,Nissan,Israel,TA,ILA,"Common Stock",IL0006600196
NOFR,"OY Nofar Energy Ltd",Israel,TA,ILA,"Common Stock",IL0011708778
NOST,"Nostromo Energy Ltd",Israel,TA,ILA,"Common Stock",VGG826421023
NRGN,"Nrgene Technologies Ltd",Israel,TA,ILA,"Common Stock",IL0011720716
NSTR,Norstar,Israel,TA,ILA,"Common Stock",PAL0605071A3
NTGR,"Netanel Group",Israel,TA,ILA,"Common Stock",IL0004210162
NTML,"Neto Malinda",Israel,TA,ILA,"Common Stock",IL0011050973
NTO,"Neto M.E Holdings Ltd",Israel,TA,ILA,"Common Stock",IL0001680136
NURI,"Nur Ink Innovations Ltd",Israel,TA,ILA,"Common Stock",IL0011757288
NVLG,"Novolog Pharm-Up 1966 Ltd",Israel,TA,ILA,"Common Stock",IL0011401515
NVMI,"Nova Ltd",Israel,TA,ILA,"Common Stock",IL0010845571
NVPT,"Navitas Petroleum Limited Partnership",Israel,TA,ILA,"Common Stock",
NWMD,"NewMed Energy - Limited Partnership",Israel,TA,ILA,"Common Stock",
NXFR,"Nextferm Technologies Ltd",Israel,TA,ILA,"Common Stock",IL0011719338
NXGN,Nextgen,Israel,TA,ILA,"Common Stock",IL0010839301
NXSN,"Next Vision Stabilized Systems",Israel,TA,ILA,"Common Stock",IL0011765935
NXTG,"Nextage Therapeutics Ltd",Israel,TA,ILA,"Common Stock",IL0004330119
NXTM,Nextcom,Israel,TA,ILA,"Common Stock",IL0010957855
NZHT,"Netz Hotels Ltd",Israel,TA,ILA,"Common Stock",
ONE,"One Software Technologies Ltd",Israel,TA,ILA,"Common Stock",IL0001610182
OPAL,"Opal Balance",Israel,TA,ILA,"Common Stock",IL0010949860
OPCE,"OPC Energy Ltd",Israel,TA,ILA,"Common Stock",IL0011415713
OPK,"Opko Health Inc",Israel,TA,ILA,"Common Stock",US68375N1037
ORA,"Ormat Technologies Inc",Israel,TA,ILA,"Common Stock",US6866881021
ORAD,Orad-M,Israel,TA,ILA,"Common Stock",IL0011044968
ORBI,"Orbit Technologies Ltd",Israel,TA,ILA,"Common Stock",IL0002650179
ORIN,"Orian Sh.M. Ltd",Israel,TA,ILA,"Common Stock",IL0011035065
ORL,"Bazan Oil Refineries Ltd",Israel,TA,ILA,"Common Stock",IL0025902482
ORON,"Oron Group Investments & Holdings Ltd",Israel,TA,ILA,"Common Stock",IL0011357063
ORTC,O.R.T.,Israel,TA,ILA,"Common Stock",IL0010862303
PAYT,"Payton -L",Israel,TA,ILA,"Common Stock",IL0004120155
PCBT,"P.C.B Tec",Israel,TA,ILA,"Common Stock",IL0010916851
PEN,"Peninsula Group Ltd",Israel,TA,ILA,"Common Stock",IL0003330136
PERI,"Perion Network",Israel,TA,ILA,"Common Stock",IL0010958192
PFLT,"PennantPark Floating Rate Capital Ltd",Israel,TA,ILA,"Common Stock",US70806A1060
PHOE,"The Phoenix Holdings Ltd.",Israel,TA,ILA,"Common Stock",IL0007670123
PHTM,"Photomyne Ltd",Israel,TA,ILA,"Common Stock",IL0011738551
PIU,"Poalim Ibi",Israel,TA,ILA,"Common Stock",IL0010844822
PLAZ,"Plaza Centers NV",Israel,TA,ILA,"Common Stock",NL0011882741
PLAZ-L,"Plaza Centers N.V.",Israel,TA,ILA,"Common Stock",
PLCR,"Plasto-Cargal Group Ltd",Israel,TA,ILA,"Common Stock",IL0007270163
PLNT,"Plantarc Bio Ltd",Israel,TA,ILA,"Common Stock",IL0011714040
PLRM,Palram,Israel,TA,ILA,"Common Stock",IL0006440130
PLSN,"Plasson Indus",Israel,TA,ILA,"Common Stock",IL0010816036
PLTF,"Value Capital One Ltd",Israel,TA,ILA,"Common Stock",IL0005990192
PMCN,"Pharmocann Global Ltd",Israel,TA,ILA,"Common Stock",IL0010968902
PMNT,"Payment Financial Technologies Ltd",Israel,TA,ILA,"Common Stock",IL0011808768
PMVM,Pomvom,Israel,TA,ILA,"Common Stock",IL0011734345
PNAX,"Panaxia Labs Israel Ltd",Israel,TA,ILA,"Common Stock",IL0011043630
PNRG,"Phinergy Ltd",Israel,TA,ILA,"Common Stock",IL0011723603
POLI,"Bank Hapoalim",Israel,TA,ILA,"Common Stock",IL0006625771
POLP,"Polyram Plastic Industries Ltd",Israel,TA,ILA,"Common Stock",IL0011702169
POLY,Polygon-L,Israel,TA,ILA,"Common Stock",IL0007450187
PPBT,"Purple Biotech Ltd",Israel,TA,ILA,"Common Stock",IL0007650166
PPIL,"Plastofil -L",Israel,TA,ILA,"Common Stock",IL0010928401
PRIM,"Prime Energy PE Ltd",Israel,TA,ILA,"Common Stock",IL0011744575
PRMG,"Primotec Group Ltd",Israel,TA,ILA,"Common Stock",IL0011754962
PRSK,Prashkovsky,Israel,TA,ILA,"Common Stock",IL0011021289
PRTC,Priortech,Israel,TA,ILA,"Common Stock",IL0003280133
PRTL,"PROTEOLOGICS - Tel Aviv Stock Exchang",Israel,TA,ILA,"Common Stock",IL0011181166
PSG-F10,"Psagot ETF 00 CPI Linked Government Bonds",Israel,TA,ILA,ETF,
PSG-F106,"Psagot Index Funds Ltd. - Psagot ETF (4D) MSCI AC World",Israel,TA,ILA,ETF,
PSG-F11,"Psagot Index Funds Ltd. - Psagot ETF (00) Non-Linked Fixed Interest Gov. Bonds",Israel,TA,ILA,ETF,
PSG-F112,"Psagot Index Funds Ltd. - Psagot ETF (4A) DAX 30 Currency-Hedged",Israel,TA,ILA,ETF,
PSG-F119,"Psagot Index Funds Ltd. - Psagot ETF (4A) S&P MidCap 400 Currency-Hedged",Israel,TA,ILA,ETF,
PSG-F12,"Psagot Index Funds Ltd. - Psagot ETF (00) Tel-Bond 20",Israel,TA,ILA,ETF,
PSG-F124,"Psagot Index Funds Ltd. - Psagot ETF (4A) S&P Financial Currency-Hedged",Israel,TA,ILA,ETF,
PSG-F125,"Psagot Index Funds Ltd. - Psagot ETF (4A) S&P Technology Currency-Hedged",Israel,TA,ILA,ETF,
PSG-F126,"Psagot Index Funds Ltd. - Psagot ETF (4A) S&P Health Care Currency-Hedged",Israel,TA,ILA,ETF,
PSG-F127,"Psagot Index Funds Ltd. - Psagot ETF (4A) S&P Consumer Discretionary Currency-Hedged",Israel,TA,ILA,ETF,
PSG-F128,"Psagot Index Funds Ltd. - Psagot ETF (4A) S&P Consumer Staples Currency-Hedged",Israel,TA,ILA,ETF,
PSG-F13,"Psagot Index Funds Ltd. - Psagot ETF (00) Tel-Bond 40",Israel,TA,ILA,ETF,
PSG-F130,"PSAGOT- S&P Regional Banks Select Fund",Israel,TA,ILA,ETF,
PSG-F14,"Psagot Index Funds Ltd. - Psagot ETF (00) Tel-Bond 60",Israel,TA,ILA,ETF,
PSG-F15,"Psagot Mutual Funds - PTF Tel Bond CPI-Linked Small Cap Mutual Fund",Israel,TA,ILA,ETF,
PSG-F16,"Psagot Index Funds Ltd. - Psagot ETF (00) Tel Bond-CPI Linked",Israel,TA,ILA,ETF,
PSG-F161,"Psagot Index Funds Ltd. -  Psagot ETF (6A) Short TA-90 (1600)",Israel,TA,ILA,ETF,
PSG-F17,"Psagot Index Funds Ltd. - Psagot ETF (00) Tel Bond-Yields",Israel,TA,ILA,ETF,
PSG-F18,"Psagot Index Funds Ltd. - Psagot ETF (00) Tel Bond-CPI Linked Bank",Israel,TA,ILA,ETF,
PSG-F19,"Psagot Index Funds Ltd. - Psagot ETF (00) Tel Bond-CPI Linked 0-3",Israel,TA,ILA,ETF,
PSG-F20,"Psagot Index Funds Ltd. - Psagot ETF (00) Tel Bond-CPI Linked 3-5",Israel,TA,ILA,ETF,
PSG-F21,"Psagot Index Funds Ltd. - Psagot ETF (00) Tel Bond-CPI Linked 5-15",Israel,TA,ILA,ETF,
PSG-F22,"Psagot Index Funds Ltd. - Psagot ETF (00) Tel Bond-CPI Linked A",Israel,TA,ILA,ETF,
PSG-F23,"Psagot Index Funds Ltd. - Psagot ETF (00) Tel Bond-CPI Linked AA-AAA",Israel,TA,ILA,ETF,
PSG-F24,"Psagot Index Funds Ltd. - Psagot ETF (00) Tel Bond-Shekel",Israel,TA,ILA,ETF,
PSG-F25,"Psagot Index Funds Ltd. - Psagot ETF (0A) Tel Bond-Composite",Israel,TA,ILA,ETF,
PSG-F26,"Psagot Index Funds Ltd. - Psagot ETF (00) Tel Bond - Floating",Israel,TA,ILA,ETF,
PSG-F27,"Psagot Index Funds Ltd. - Psagot ETF (00) Tel Bond-Yields Shekel",Israel,TA,ILA,ETF,
PSG-F28,"Psagot Index Funds Ltd. - Psagot ETF (00) Tel Bond Shekel-50",Israel,TA,ILA,ETF,
PSG-F29,"Psagot Index Funds Ltd. - Psagot ETF (00) Tel Bond-Shekel 0-3",Israel,TA,ILA,ETF,
PSG-F3,"Psagot Index Funds Ltd. - Psagot ETF (00) Non-Linked Fixed Int. Gov. Bonds 2-5 Years",Israel,TA,ILA,ETF,
PSG-F33,"Psagot Index Funds Ltd. - Psagot ETF (00) Tel Bond-Shekel A",Israel,TA,ILA,ETF,
PSG-F34,"Psagot Index Funds Ltd. - Psagot ETF (00) Tel Bond-Shekel AA-AAA",Israel,TA,ILA,ETF,
PSG-F35,"Psagot Index Funds Ltd. - Psagot ETF (4A) TA-Banks5",Israel,TA,ILA,ETF,
PSG-F4,"Psagot Index Funds Ltd. - Psagot ETF (00) Non-Linked Fixed Int. Gov. Bonds 5+ Years",Israel,TA,ILA,ETF,
PSG-F41,"Psagot Index Funds Ltd. - Psagot ETF (4A) TA-35",Israel,TA,ILA,ETF,
PSG-F42,"Psagot Index Funds Ltd. - Psagot ETF (4A) TA-125",Israel,TA,ILA,ETF,
PSG-F46,"Psagot Index Funds Ltd. - Psagot ETF (4A) TA-SME150",Israel,TA,ILA,ETF,
PSG-F6,"Psagot Index Funds Ltd. - Psagot ETF (00) Non-Linked Government Bonds",Israel,TA,ILA,ETF,
PSG-F61,"Psagot Index Funds Ltd. - Psagot ETF (4D) LBMA Gold Price AM",Israel,TA,ILA,ETF,
PSG-F62,"Psagot Index Funds Ltd. - Psagot ETF (0D) iBoxx US Liquid Investment Grade Top 30",Israel,TA,ILA,ETF,
PSG-F65,"Psagot Index Funds Ltd. - Psagot ETF (4D) S&P 500",Israel,TA,ILA,ETF,
PSG-F79,"Psagot Index Funds Ltd. -  Psagot ETF (4D) S&P Consumer Staples",Israel,TA,ILA,ETF,
PSG-F8,"Psagot Index Funds Ltd. - Psagot ETF (00) CPI-Linked Gov. Bonds 2-5 Years",Israel,TA,ILA,ETF,
PSG-F9,"Psagot Index Funds Ltd. - Psagot ETF (00) CPI-Linked Gov. Bonds 5-10 Years",Israel,TA,ILA,ETF,
PSG-FK1,"Psagot Index Funds Ltd. - Psagot ETF (00) Kosher Tel-Bond 60",Israel,TA,ILA,ETF,
PSG-FK3,"Psagot Index Funds Ltd. - Psagot ETF (00) Kosher Tel Bond-Shekel",Israel,TA,ILA,ETF,
PSG-FK4,"Psagot Index Funds Ltd. - Psagot ETF (4A) Kosher TA-125",Israel,TA,ILA,ETF,
PSTI,Pluristem,Israel,TA,ILA,"Common Stock",US72940R3003
PTBL,"Propert & Buil",Israel,TA,ILA,"Common Stock",IL0006990175
PTCH,Petrochemical,Israel,TA,ILA,"Common Stock",IL0007560159
PTCH-M,"Israel Petrochemical Enterprises Ltd.",Israel,TA,ILA,"Common Stock",
PTNR,Partner,Israel,TA,ILA,"Common Stock",IL0010834849
PTX,"Petrotx - Limited Partnership",Israel,TA,ILA,"Common Stock",
PULS,"Pulsenmore Ltd",Israel,TA,ILA,"Common Stock",IL0011767006
PWFL,"PowerFleet Inc",Israel,TA,ILA,"Common Stock",US73931J1097
PZOL,"Paz Oil",Israel,TA,ILA,"Common Stock",IL0011000077
QLRD,"Quicklizard Ltd",Israel,TA,ILA,"Common Stock",IL0011728404
QLTU,"Qualitau Ltd",Israel,TA,ILA,"Common Stock",IL0010839558
QNCO,Queenco-L,Israel,TA,ILA,"Common Stock",IL0003860116
QUIK,"Quik Super Online Ltd",Israel,TA,ILA,"Common Stock",IL0011737231
RANI,"Rani Zim Shopping Centers",Israel,TA,ILA,"Common Stock",IL0011436198
RATI,"Ratio Oil Explorations (1992) a Limited Partnership",Israel,TA,ILA,"Common Stock",
RATI-L,"Ratio Energies LP",Israel,TA,ILA,"Common Stock",IL0003940157
RAVD,"Ravad Ltd",Israel,TA,ILA,"Common Stock",IL0005260125
REKA,"Rekah Pharmaceutical Industry Ltd",Israel,TA,ILA,"Common Stock",IL0010810096
RIMO,Rimoni,Israel,TA,ILA,"Common Stock",IL0010804560
RIT1,"Reit 1",Israel,TA,ILA,"Common Stock",IL0010989205
RLCO,"Ralco Agencies Ltd",Israel,TA,ILA,"Common Stock",IL0003930174
RMLI,"Rami Levi",Israel,TA,ILA,"Common Stock",IL0011042491
RMN,"Ram-On Investments and Holdings Ltd",Israel,TA,ILA,"Common Stock",IL0010909435
RMON,"Rimon Consulting & Management Services Ltd",Israel,TA,ILA,"Common Stock",IL0011787228
ROBO,Robogroup,Israel,TA,ILA,"Common Stock",IL0002660152
ROTS,Rotshtein,Israel,TA,ILA,"Common Stock",IL0005390153
RPAC,"Rapac Communication & Infrastructure Ltd",Israel,TA,ILA,"Common Stock",IL0007690261
RSEL,"RSL Electronics Ltd",Israel,TA,ILA,"Common Stock",IL0002990161
RTEN,"Rotem Energy Mineral (REM) - Limited Partnership",Israel,TA,ILA,"Common Stock",
RTPT,"Ratio Petroleum Energy - Limited Partnership",Israel,TA,ILA,"Common Stock",
RTSN,"Rotem Shani Entrepreneurship and Investments Ltd",Israel,TA,ILA,"Common Stock",IL0011715294
RVL,"Raval ACS Ltd",Israel,TA,ILA,"Common Stock",IL0011038788
RZR,"Razor Labs Ltd",Israel,TA,ILA,"Common Stock",IL0011725277
SAE,Shufersal,Israel,TA,ILA,"Common Stock",IL0007770378
SAFE,"Safe-T Group Ltd",Israel,TA,ILA,"Common Stock",
SALG,Shalag,Israel,TA,ILA,"Common Stock",IL0010905474
SANO1,"Sano Bruno's Enterprises Ltd",Israel,TA,ILA,"Common Stock",IL0008130143
SARN,"Sarine Technologies Ltd",Israel,TA,ILA,"Common Stock",IL0010927254
SCC,"Space Com",Israel,TA,ILA,"Common Stock",IL0010923451
SCDX,"Scodix Ltd",Israel,TA,ILA,"Common Stock",IL0011784902
SCOP,"Scope Metals Group Ltd",Israel,TA,ILA,"Common Stock",IL0002880198
SEFA,"Nala Digital Commerce Ltd",Israel,TA,ILA,"Common Stock",IL0003410169
SEMG,"Seach Medical Group Ltd",Israel,TA,ILA,"Common Stock",IL0002490113
SFRN,"Sufrin Holdings Ltd",Israel,TA,ILA,"Common Stock",IL0011815698
SHAN,Shaniv,Israel,TA,ILA,"Common Stock",IL0010808371
SHGR,"Shagrir Group Vehicle Services Ltd",Israel,TA,ILA,"Common Stock",IL0011383796
SHMM,"Shamaym Improve Ltd",Israel,TA,ILA,"Common Stock",IL0011762395
SHNP,Schnapp,Israel,TA,ILA,"Common Stock",IL0011035719
SHOM,"EN Shoham Business Ltd",Israel,TA,ILA,"Common Stock",IL0010820079
SHVA,"Automatic Bank Services Ltd",Israel,TA,ILA,"Common Stock",IL0011581613
SKBN,"Shikun & Binui",Israel,TA,ILA,"Common Stock",IL0010819428
SKLN,"Skyline Investments Inc",Israel,TA,ILA,"Common Stock",CA83084Y1007
SLARL,"Sella Real Estate",Israel,TA,ILA,"Common Stock",IL0011096448
SLCL,"Silver Castle Holdings Ltd",Israel,TA,ILA,"Common Stock",IL0010970544
SLGN,"Solegreen Ltd",Israel,TA,ILA,"Common Stock",IL0011022352
SMAG,"Smart Agro LP",Israel,TA,ILA,"Common Stock",IL0011694812
SMNIN,"Shemen Industries Ltd",Israel,TA,ILA,"Common Stock",IL0006340306
SMT,Summit,Israel,TA,ILA,"Common Stock",IL0010816861
SNCM,"Suny Cellular Communication Ltd",Israel,TA,ILA,"Common Stock",IL0010823537
SNEL,"Synel M.L.L Payway Ltd",Israel,TA,ILA,"Common Stock",IL0010849532
SNFL,"Sunflow Sustain",Israel,TA,ILA,"Common Stock",IL0010987555
SOFW,"Sofwave Medical Ltd",Israel,TA,ILA,"Common Stock",IL0011754392
SOLR,"Solaer Israel Ltd",Israel,TA,ILA,"Common Stock",IL0011722878
SONO,"Sonovia Ltd",Israel,TA,ILA,"Common Stock",IL0011705394
SPDV,"Speedvalue Ltd",Israel,TA,ILA,"Common Stock",IL0011782849
SPEN,"Shapir Engineering Industry",Israel,TA,ILA,"Common Stock",IL0011338758
SPGE,"Supergas Energy Ltd",Israel,TA,ILA,"Common Stock",IL0011669178
SPNS,"Sapiens International Corporation NV",Israel,TA,ILA,"Common Stock",KYG7T16G1039
SPNTC,Spuntech,Israel,TA,ILA,"Common Stock",IL0010901176
SPRG,"Spring Ventures Ltd",Israel,TA,ILA,"Common Stock",IL0010973449
SRAC,"SR Accord",Israel,TA,ILA,"Common Stock",IL0004220146
SRFT,Sarfati,Israel,TA,ILA,"Common Stock",IL0004250176
STCM,"Satcom Systems Ltd",Israel,TA,ILA,"Common Stock",IL0010805971
STEC,"Sure-Tech Investments LP",Israel,TA,ILA,"Common Stock",IL0011750903
STG,"STG International Ltd",Israel,TA,ILA,"Common Stock",IL0005500124
STRG,"Storage Drop Storage Technologies Ltd",Israel,TA,ILA,"Common Stock",IL0011226540
STRS,"Strauss Group",Israel,TA,ILA,"Common Stock",IL0007460160
SVRT,"Savoreat Ltd",Israel,TA,ILA,"Common Stock",IL0011699787
TASE,"Tel Aviv Stock Exchange",Israel,TA,ILA,"Common Stock",IL0011590291
TATT,"TAT Technologies Ltd",Israel,TA,ILA,"Common Stock",
TAYA,"Taya Inv-L",Israel,TA,ILA,"Common Stock",IL0007960110
TCH-F1,"Tachlit Indices Mutual Fund Management Ltd. - Tachlit SAL (40) TA 35",Israel,TA,ILA,ETF,
TCH-F10,"Tachlit Indices MF Management Ltd. - Tachlit SAL (00) Tel Bond 20",Israel,TA,ILA,ETF,
TCH-F100,"Tachlit Index Sal Ltd. - Tachlit SAL (4D) STOXX Europe 600",Israel,TA,ILA,ETF,
TCH-F101,"Tachlit Indices Mutual Fund Management Ltd. - Tachlit SAL (4A) STOXX Europe 600 EURO Hedged",Israel,TA,ILA,ETF,
TCH-F102,"Tachlit Indices Mutual Fund Management Ltd. - Tachlit SAL (4A) MSCI World U.S.D Hedged",Israel,TA,ILA,ETF,
TCH-F104,"Tachlit Indices MF Management Ltd. - Tachlit SAL (0B) Tel Bond-Composite",Israel,TA,ILA,ETF,
TCH-F105,"Tachlit Indices Mutual Fund Management Ltd. - Tachlit SAL (4A) composite Global Equity Currency-Hedg",Israel,TA,ILA,ETF,
TCH-F108,"Tachlit Indices Mutual Fund Management Ltd. - Tachlit SAL (4A) CAC 40 Currency-Hedged",Israel,TA,ILA,ETF,
TCH-F11,"Tachlit Indices Mutual Fund Management Ltd. - Tachlit SAL (4A) S&P 500 Currency-Hedged",Israel,TA,ILA,ETF,
TCH-F110,"Tachlit Indices MF Management Ltd. - Tachlit SAL (00) Tel Bond Floating",Israel,TA,ILA,ETF,
TCH-F111,"Tachlit Indices Mutual Fund Management Ltd. - Tachlit SAL (00) composite Gov./Corp. Bonds (90%) TEL",Israel,TA,ILA,ETF,
TCH-F112,"Tachlit Indices Mutual Fund Management Ltd. - Tachlit SAL (4D) composite Gov./Corp. Bonds (80%) Equi",Israel,TA,ILA,ETF,
TCH-F113,"Tachlit Indices Mutual Fund Management Ltd. - Tachlit SAL (4D) DAX 30",Israel,TA,ILA,ETF,
TCH-F114,"Tachlit Indices Mutual Fund Management Ltd. - Tachlit SAL (4D) MSCI India",Israel,TA,ILA,ETF,
TCH-F118,"Tachlit Index Sal Ltd. - Tachlit SAL (40) TA Finance",Israel,TA,ILA,ETF,
TCH-F12,"Tachlit Indices Mutual Fund Management Ltd. - Tachlit SAL (4A) DAX 30 Currency-Hedged",Israel,TA,ILA,ETF,
TCH-F120,"Tachlit Indices Mutual Fund Management Ltd. - Tachlit SAL (60) Short TA 35 (2133.6)",Israel,TA,ILA,ETF,
TCH-F124,"Tachlit Index Sal Ltd. - Tachlit SAL (4D) MSCI AC World",Israel,TA,ILA,ETF,
TCH-F127,"Tachlit Indices Mutual Fund Management Ltd. - Tachlit SAL (40) composite Israel Equity Monthly",Israel,TA,ILA,ETF,
TCH-F128,"Tachlit Index Sal Ltd. - Tachlit SAL (4D) MSCI Emerging Markets",Israel,TA,ILA,ETF,
TCH-F129,"Tachlit Index Sal Ltd. - Tachlit SAL (4A) NIKKEI 225 Currency-Hedged",Israel,TA,ILA,ETF,
TCH-F13,"Tachlit Indices Mutual Fund Management Ltd. - Tachlit SAL (40) composite Gov. Bonds (90%) TEL DIV (1",Israel,TA,ILA,ETF,
TCH-F131,"Tachlit Indices Mutual Fund Management Ltd. - Tachlit SAL (4D) Russell 2000",Israel,TA,ILA,ETF,
TCH-F132,"Tachlit Indices Mutual Fund Management Ltd. - Tachlit SAL (00) composite Fixed Int. Gov.(60%) CPI Go",Israel,TA,ILA,ETF,
TCH-F133,"Tachlit Indices Mutual Fund Management Ltd. - Tachlit SAL (00) composite CPI Gov.(60%) Fixed Int. Go",Israel,TA,ILA,ETF,
TCH-F134,"Tachlit Indices Mutual Fund Management Ltd. - Tachlit SAL (4D) composite US Equity Monthly",Israel,TA,ILA,ETF,
TCH-F136,"Tachlit Index Sal Ltd. - Tachlit SAL (40) TA Oil & GAS",Israel,TA,ILA,ETF,
TCH-F137,"Tachlit Index Sal Ltd. - Tachlit SAL (40) TA Biomed",Israel,TA,ILA,ETF,
TCH-F138,"Tachlit Indices MF Management Ltd. - Tachlit SAL (00) Tel Bond-CPI Linked Bank",Israel,TA,ILA,ETF,
TCH-F139,"Tachlit Index Sal Ltd. - Tachlit SAL (4A) DJ Internet Composite Currency-Hedged",Israel,TA,ILA,ETF,
TCH-F14,"Tachlit Indices MF Management Ltd. - Tachlit SAL (00) Non Linked Gov. Bonds",Israel,TA,ILA,ETF,
TCH-F140,"Tachlit Index Sal Ltd. - Tachlit SAL (4A) S&P Financial Currency-Hedged",Israel,TA,ILA,ETF,
TCH-F141,"Tachlit Index Sal Ltd. - Tachlit SAL (4A) FTSE 250 Currency-Hedged",Israel,TA,ILA,ETF,
TCH-F142,"Tachlit Index Sal Ltd. - Tachlit SAL (4A) NASDAQ Biotechnology Currency-Hedged",Israel,TA,ILA,ETF,
TCH-F144,"Tachlit Index Sal Ltd. - Tachlit SAL (4A) S&P Euro High Yield Dividend Aristocrats Currency-Hedged",Israel,TA,ILA,ETF,
TCH-F146,"Tachlit Indices Mutual Fund Management Ltd. - Tachlit SAL (4D) S&P 500 Dividend Aristocrats",Israel,TA,ILA,ETF,
TCH-F147,"Tachlit Index Sal Ltd. - Tachlit SAL (4A) S&P 500 Dividend Aristocrats Currency-Hedged",Israel,TA,ILA,ETF,
TCH-F150,"Tachlit Index Sal Ltd. - Tachlit SAL (4A) IPOX 100 US Currency-Hedged",Israel,TA,ILA,ETF,
TCH-F151,"Tachlit Index Sal Ltd. - Tachlit SAL (4A) S&P MidCap 400 Currency-Hedged",Israel,TA,ILA,ETF,
TCH-F153,"Tachlit Index Sal Ltd. - Tachlit SAL (4D) TecDAX",Israel,TA,ILA,ETF,
TCH-F16,"Tachlit Indices Mutual Fund Management Ltd. - Tachlit SAL (4D) composite Gov. Bond (80%) Foreign Equ",Israel,TA,ILA,ETF,
TCH-F19,"Tachlit Indices Mutual Fund Management Ltd. - Tachlit SAL (40) composite Gov./Corp. Bonds (85%) Equi",Israel,TA,ILA,ETF,
TCH-F2,"Tachlit Indices Mutual Funds Ltd. - Tachlit SAL (40) TA 125",Israel,TA,ILA,ETF,
TCH-F20,"Tachlit Index Sal Ltd. - Tachlit SAL (40) TEL DIV",Israel,TA,ILA,ETF,
TCH-F21,"Meitav Tachlit Mutual Funds Ltd. - Tachlit SAL (40) SME60",Israel,TA,ILA,ETF,
TCH-F22,"Tachlit Indices Mutual Fund Management Ltd. - Tachlit SAL (00) composite Gov. Bonds (80%) Corp. Bond",Israel,TA,ILA,ETF,
TCH-F23,"Tachlit Indices Mutual Fund Management Ltd. - Tachlit SAL (40) composite Local Equity Monthly",Israel,TA,ILA,ETF,
TCH-F24,"Tachlit Indices MF Management Ltd. - Tachlit SAL (00) Non-Linked Floating Interest Gov. Bonds",Israel,TA,ILA,ETF,
TCH-F25,"Tachlit Indices MF Management Ltd. - Tachlit SAL (00) CPI-Linked Gov. Bonds 2-5 Years",Israel,TA,ILA,ETF,
TCH-F26,"Tachlit Indices MF Management Ltd. - Tachlit SAL (00) Tel Bond 40",Israel,TA,ILA,ETF,
TCH-F27,"Meitav Tachlit Mutual Funds Ltd. - Tachlit SAL (00) Tel Bond 60",Israel,TA,ILA,ETF,
TCH-F28,"Tachlit Index Sal Ltd. - Tachlit SAL (4A) KOSPI 200 Currency-Hedged",Israel,TA,ILA,ETF,
TCH-F29,"Tachlit Index Sal Ltd. - Tachlit SAL (4A) FTSE 100 Currency-Hedged",Israel,TA,ILA,ETF,
TCH-F3,"Tachlit Indices Mutual Fund Management Ltd. - Tachlit SAL (40) TA BANK 5",Israel,TA,ILA,ETF,
TCH-F30,"Tachlit Indices MF Management Ltd. - Tachlit SAL (00) Non-Linked Fixed Interest Gov. Bonds",Israel,TA,ILA,ETF,
TCH-F31,"Tachlit Indices MF Management Ltd. - Tachlit SAL (00) Non-Linked Fixed Interest Gov. Bonds 2-5 Years",Israel,TA,ILA,ETF,
TCH-F32,"Tachlit Indices MF Management Ltd. - Tachlit SAL (00) Non-Linked Fixed Interest Gov. Bonds 5+ Years",Israel,TA,ILA,ETF,
TCH-F33,"Tachlit Indices MF Management Ltd. - Tachlit SAL (00) CPI-Linked Gov. Bonds 5-10 Years",Israel,TA,ILA,ETF,
TCH-F34,"Meitav Tachlit Mutual Funds Ltd. - Tachlit SAL (00) Tel Bond-Shekel",Israel,TA,ILA,ETF,
TCH-F35,"Tachlit Indices Mutual Fund Management Ltd. - Tachlit SAL (00) composite Gov. Bonds (50%) Corp. Bond",Israel,TA,ILA,ETF,
TCH-F36,"Tachlit Indices Mutual Fund Management Ltd. - Tachlit SAL (00) composite Gov./corp. Bonds (88%) TA 1",Israel,TA,ILA,ETF,
TCH-F39,"Tachlit Index Sal Ltd. - Tachlit SAL (4A) Russell 2000 Currency-Hedged",Israel,TA,ILA,ETF,
TCH-F4,"Tachlit Indices Mutual Fund Management Ltd. - Tachlit SAL (4A) NASDAQ 100 Currency-Hedged",Israel,TA,ILA,ETF,
TCH-F40,"Tachlit Indices Mutual Fund Management Ltd. - Tachlit SAL (4A) composite INT. Equity Currency-Hedged",Israel,TA,ILA,ETF,
TCH-F41,"Tachlit Indices MF Management Ltd. - Tachlit SAL (00) Tel Bond-Yields",Israel,TA,ILA,ETF,
TCH-F44,"Tachlit Index Sal Ltd. - Tachlit SAL (4D) MDAX",Israel,TA,ILA,ETF,
TCH-F46,"Tachlit Index Sal Ltd. - Tachlit SAL (4D) MDAX Currency-Hedged",Israel,TA,ILA,ETF,
TCH-F49,"Tachlit Index Sal Ltd. - Tachlit SAL (4A) S&P Health Care Currency-Hedged",Israel,TA,ILA,ETF,
TCH-F5,"Tachlit Indices Mutual Fund Management Ltd. - Tachlit SAL (4A) Hang Seng China 100 Currency-Hedged",Israel,TA,ILA,ETF,
TCH-F50,"Tachlit Indices Mutual Fund Management Ltd. - Tachlit SAL (4D) S&P Financial",Israel,TA,ILA,ETF,
TCH-F51,"Tachlit Indices Mutual Fund Management Ltd. - Tachlit SAL (4A) S&P Industrial Currency-Hedged",Israel,TA,ILA,ETF,
TCH-F52,"Tachlit Indices Mutual Fund Management Ltd. - Tachlit SAL (4A) comp S&PConsumer (50%) S&PStaples (50",Israel,TA,ILA,ETF,
TCH-F53,"Tachlit Indices Mutual Fund Management Ltd. - Tachlit SAL (4A) comp S&PHealth (70%) NASDAQ Bio (30%)",Israel,TA,ILA,ETF,
TCH-F55,"Tachlit Indices Mutual Fund Management Ltd. - Tachlit SAL (4D) S&P Consumer Discretionary",Israel,TA,ILA,ETF,
TCH-F56,"Tachlit Indices Mutual Fund Management Ltd. - Tachlit SAL (4A) S&P Technology Currency-Hedged",Israel,TA,ILA,ETF,
TCH-F57,"Tachlit Indices Mutual Fund Management Ltd. - Tachlit SAL (4D) S&P Consumer Staples",Israel,TA,ILA,ETF,
TCH-F58,"Tachlit Indices Mutual Fund Management Ltd. - Tachlit SAL (4D) S&P Health Care",Israel,TA,ILA,ETF,
TCH-F63,"Tachlit Indices Mutual Fund Management Ltd. - Tachlit SAL (4D) ISE Cyber Security",Israel,TA,ILA,ETF,
TCH-F64,"Tachlit Indices MF Management Ltd. - Tachlit SAL (00) Tel Bond-Yield NIS",Israel,TA,ILA,ETF,
TCH-F65,"Tachlit Indices Mutual Fund Management Ltd. - Tachlit SAL (4D) S&P Energy",Israel,TA,ILA,ETF,
TCH-F68,"Tachlit Indices Mutual Fund Management Ltd. - Tachlit SAL (4D) S&P 500 Low Volatility",Israel,TA,ILA,ETF,
TCH-F69,"Tachlit Indices Mutual Fund Management Ltd. - Tachlit SAL (4D) S&P Aerospace & Defense",Israel,TA,ILA,ETF,
TCH-F7,"Tachlit Indices Mutual Fund Management Ltd. - Tachlit SAL (40) EURO STOXX 50 Currency-Hedged",Israel,TA,ILA,ETF,
TCH-F71,"Tachlit Index Sal Ltd. - Tachlit SAL (4A) MSCI AC World U.S.D Hedged",Israel,TA,ILA,ETF,
TCH-F75,"Tachlit Indices MF Management Ltd. - Tachlit SAL (00) Tel Bond-Global",Israel,TA,ILA,ETF,
TCH-F76,"Tachlit Indices Mutual Fund Management Ltd. - Tachlit SAL (4D) S&P 500",Israel,TA,ILA,ETF,
TCH-F77,"Tachlit Indices Mutual Fund Management Ltd. - Tachlit SAL (4D) NASDAQ 100",Israel,TA,ILA,ETF,
TCH-F78,"Tachlit Index Sal Ltd. - Tachlit SAL (4D) NIKKEI 225",Israel,TA,ILA,ETF,
TCH-F79,"Tachlit Index Sal Ltd. - Tachlit SAL (4D) EURO STOXX 50",Israel,TA,ILA,ETF,
TCH-F8,"Tachlit Indices Mutual Fund Management Ltd. - Tachlit SAL (40) composite Gov. Bonds (75%) TA 35 (25%",Israel,TA,ILA,ETF,
TCH-F80,"Tachlit Indices Mutual Fund Management Ltd. - Tachlit SAL (4D) NASDAQ Biotechnology",Israel,TA,ILA,ETF,
TCH-F81,"Tachlit Indices Mutual Fund Management Ltd. - Tachlit SAL (4D) Future Bloomberg Brent Crude",Israel,TA,ILA,ETF,
TCH-F82,"Tachlit Indices Mutual Fund Management Ltd. - Tachlit SAL (4D) Future Bloomberg Silver",Israel,TA,ILA,ETF,
TCH-F83,"Tachlit Index Sal Ltd. - Tachlit SAL (40) TA REAL-ESTATE",Israel,TA,ILA,ETF,
TCH-F85,"Meitav Tachlit Mutual Funds Ltd. - Tachlit SAL (40) TA Growth",Israel,TA,ILA,ETF,
TCH-F86,"Tachlit Index Sal Ltd. - Tachlit SAL (4A) S&P/TSX 60 Currency-Hedged",Israel,TA,ILA,ETF,
TCH-F87,"Tachlit Indices MF Management Ltd. - Tachlit SAL (00) CPI-Linked Gov. Bonds 0-2 Years",Israel,TA,ILA,ETF,
TCH-F88,"Tachlit Indices MF Management Ltd. - Tachlit SAL (00) Non-Linked Fixed Int. Gov. Bonds 0-2 Years",Israel,TA,ILA,ETF,
TCH-F9,"Tachlit Indices Mutual Fund Management Ltd. - Tachlit SAL (40) TA 90",Israel,TA,ILA,ETF,
TCH-F91,"Tachlit Indices MF Management Ltd. - Tachlit SAL (00) Tel Bond-Global",Israel,TA,ILA,ETF,
TCH-F92,"Tachlit Index Sal Ltd. - Tachlit SAL (4D) FTSE China 50",Israel,TA,ILA,ETF,
TCH-F93,"Tachlit Indices Mutual Fund Management Ltd. - Tachlit SAL (60) Leveraged*2 TA 35 Monthly",Israel,TA,ILA,ETF,
TCH-F94,"Tachlit Indices Mutual Fund Management Ltd. - Tachlit SAL (4D) LBMA Gold Price AM",Israel,TA,ILA,ETF,
TCH-F95,"Tachlit Indices Mutual Fund Management Ltd. - Tachlit SAL (00) composite Gov. Bonds (70%) Corp. Bond",Israel,TA,ILA,ETF,
TCH-F97,"Tachlit Indices MF Management Ltd. - Tachlit SAL (00) Tel Bond-CPI Linked SmallCap",Israel,TA,ILA,ETF,
TCH-F98,"Tachlit Indices Mutual Fund Management Ltd. - Tachlit SAL (60) Long Leveraged*3 TA 35 Monthly",Israel,TA,ILA,ETF,
TCH-F99,"Tachlit Indices Mutual Fund Management Ltd. - Tachlit SAL (60) Short Leveraged*2 TA 35 Monthly",Israel,TA,ILA,ETF,
TCH-FK1,"Tachlit Indices MF Management Ltd. - Tachlit SAL (00) Kosher Tel Bond-Yields",Israel,TA,ILA,ETF,
TCH-FK2,"Tachlit Indices MF Management Ltd. - Tachlit SAL (00) Kosher Tel Bond-CPI Linked SmallCap",Israel,TA,ILA,ETF,
TCH-FK3,"Tachlit Indices MF Management Ltd. - Tachlit SAL(00) Kosher Tel Bond-Shekel",Israel,TA,ILA,ETF,
TCH-FK4,"Tachlit Index Sal Ltd. - Tachlit SAL (40) Kosher TA 125",Israel,TA,ILA,ETF,
TDGN,"Tadir-Gan (Precision Products) 1993 Ltd",Israel,TA,ILA,"Common Stock",IL0010901416
TDRN,"Tadiran Hldg",Israel,TA,ILA,"Common Stock",IL0002580129
TECT,Tectona,Israel,TA,ILA,"Common Stock",IL0002160104
TEDE,"Tedea Technological Development and Automation Ltd",Israel,TA,ILA,"Common Stock",IL0001420186
TEFN,"Intelicanna Ltd",Israel,TA,ILA,"Common Stock",IL0006730126
TEVA,"Teva Pharmaceutical Industries Ltd",Israel,TA,ILA,"Common Stock",IL0006290147
TFRLF,"Tefron Ltd",Israel,TA,ILA,"Common Stock",
TGI,"TGI Infrastructures Ltd",Israel,TA,ILA,"Common Stock",IL0010901416
TGTR,"Together Startup Network Ltd",Israel,TA,ILA,"Common Stock",IL0004620105
THES,"Thirdeye Systems Ltd",Israel,TA,ILA,"Common Stock",IL0003970188
TIGBUR,"Tigbur - Temporary Professional Personnel Ltd",Israel,TA,ILA,"Common Stock",IL0011050221
TIGI,"Tigi Ltd",Israel,TA,ILA,"Common Stock",IL0011738718
TKUN,"Tikun Olam Cannbit Pharmaceuticals Ltd",Israel,TA,ILA,"Common Stock",IL0010843675
TLSY,Telsys,Israel,TA,ILA,"Common Stock",IL0003540197
TMRP,"Tamar Petroleum Ltd",Israel,TA,ILA,"Common Stock",IL0011413577
TNDO,"Tondo Smart Ltd",Israel,TA,ILA,"Common Stock",IL0011806861
TNPV,"Technoplus Ventures Ltd",Israel,TA,ILA,"Common Stock",IL0010834195
TOEN,"Tomer Energy Royalties 2012 Ltd",Israel,TA,ILA,"Common Stock",IL0011294936
TOPS,"Top Systems-L",Israel,TA,ILA,"Common Stock",IL0010833775
TPGM,"Top Gum Industries Ltd",Israel,TA,ILA,"Common Stock",IL0011791428
TRAN,"Trucknet Enterprise Ltd",Israel,TA,ILA,"Common Stock",IL0011740938
TREN,Trendline,Israel,TA,ILA,"Common Stock",IL0002710155
TRLT,"Tera Light Ltd",Israel,TA,ILA,"Common Stock",IL0011801730
TRPZ,"Turpaz Industries Ltd",Israel,TA,ILA,"Common Stock",IL0011756116
TRX,"Terminal X Online Ltd.",Israel,TA,ILA,"Common Stock",
TSEM,"Tower Semiconductor Ltd",Israel,TA,ILA,"Common Stock",IL0010823792
TTAM,"Tiv Taam",Israel,TA,ILA,"Common Stock",IL0001030100
TURB,"Turbogen Chp",Israel,TA,ILA,"Common Stock",IL0011817421
TUZA,"Teuza A Fairchild Technology Venture Ltd",Israel,TA,ILA,"Common Stock",IL0002900236
UMH,"UMH Properties Inc",Israel,TA,ILA,"Common Stock",US9030021037
UNCR,"Unet Credit Finance Services Ltd",Israel,TA,ILA,"Common Stock",IL0010806052
UNCT,"Unicorn Technologies - Limited Partnership",Israel,TA,ILA,"Common Stock",
UNIT,Unitronics,Israel,TA,ILA,"Common Stock",IL0010838311
UNTC,"Unic-tech Limited Partnership",Israel,TA,ILA,"Common Stock",
UNVO,"Univo Pharmaceuticals Ltd",Israel,TA,ILA,"Common Stock",IL0010935588
UPSL,"Upsellon Brands Holdings Ltd",Israel,TA,ILA,"Common Stock",IL0004560129
UTRN,"Utron Ltd",Israel,TA,ILA,"Common Stock",IL0011571143
UWAY,"Userway Ltd",Israel,TA,ILA,"Common Stock",IL0011837486
VCTR,"Victory Supermarket Chain Ltd",Israel,TA,ILA,"Common Stock",IL0011237778
VILR,Villar,Israel,TA,ILA,"Common Stock",IL0004160169
VISN,"Vision Sigma",Israel,TA,ILA,"Common Stock",IL0003500175
VNTZ-M,"Vonetize Plc",Israel,TA,ILA,"Common Stock",
VRDS,"Veridis Environment Ltd",Israel,TA,ILA,"Common Stock",IL0011763872
VTNA,"Vitania Ltd",Israel,TA,ILA,"Common Stock",IL0011099665
WESR,"Wesure Global Tech Ltd",Israel,TA,ILA,"Common Stock",IL0011732281
WILC,"G Willi-Food International Ltd",Israel,TA,ILA,"Common Stock",IL0010828585
WILK,"Wilk Technologies Ltd",Israel,TA,ILA,"Common Stock",IL0002780109
WLFD,"Willy Food",Israel,TA,ILA,"Common Stock",IL0003710139
WSMK,"WhiteSmoke Software Ltd",Israel,TA,ILA,"Common Stock",IL0002160104
WTS,"Beeio Honey Ltd",Israel,TA,ILA,"Common Stock",IL0010823461
XTLB,"XTL Biopharmaceuticals Ltd",Israel,TA,ILA,"Common Stock",IL0010854979
YAAC,"Yaacobi Brothers Group YSB Ltd",Israel,TA,ILA,"Common Stock",IL0011424210
YBOX,"Ybox Real Estate Ltd",Israel,TA,ILA,"Common Stock",IL0004860271
YHNF,"M Yochananof and Sons Ltd",Israel,TA,ILA,"Common Stock",IL0011612640
ZMH,"Z.M.H Hammerman Ltd",Israel,TA,ILA,"Common Stock",IL0011040586
ZNKL,"Zanlakol Ltd",Israel,TA,ILA,"Common Stock",IL0001300131
ZUR,"Zur Shamir Holdings Ltd",Israel,TA,ILA,"Common Stock",IL0007300101
